-28,3,TisPjXWbTkLUo8+/d5HSmgqQsJU=,pwtr2R420ymwiFJFuGX6poZRZf4=
-27,2,pjLY0hqACHMJdK8hRjduVZE5oYk=,pwtr2R420ymwiFJFuGX6poZRZf4=
-29,0,pjLY0hqACHMJdK8hRjduVZE5oYk=,pwtr2R420ymwiFJFuGX6poZRZf4=
-26,7,pjLY0hqACHMJdK8hRjduVZE5oYk=,pwtr2R420ymwiFJFuGX6poZRZf4=
-27,7,pjLY0hqACHMJdK8hRjduVZE5oYk=,pwtr2R420ymwiFJFuGX6poZRZf4=
-28,2,pjLY0hqACHMJdK8hRjduVZE5oYk=,pwtr2R420ymwiFJFuGX6poZRZf4=
-28,7,pjLY0hqACHMJdK8hRjduVZE5oYk=,pwtr2R420ymwiFJFuGX6poZRZf4=
-31,1,QSNG1FWlmfYGBPUvnmHwTYieLBs=,pwtr2R420ymwiFJFuGX6poZRZf4=
-29,3,QSNG1FWlmfYGBPUvnmHwTYieLBs=,pwtr2R420ymwiFJFuGX6poZRZf4=
-29,2,QSNG1FWlmfYGBPUvnmHwTYieLBs=,pwtr2R420ymwiFJFuGX6poZRZf4=
-29,7,QSNG1FWlmfYGBPUvnmHwTYieLBs=,pwtr2R420ymwiFJFuGX6poZRZf4=
-30,3,QSNG1FWlmfYGBPUvnmHwTYieLBs=,pwtr2R420ymwiFJFuGX6poZRZf4=
-30,7,QSNG1FWlmfYGBPUvnmHwTYieLBs=,pwtr2R420ymwiFJFuGX6poZRZf4=
-30,2,QSNG1FWlmfYGBPUvnmHwTYieLBs=,pwtr2R420ymwiFJFuGX6poZRZf4=
-31,2,QSNG1FWlmfYGBPUvnmHwTYieLBs=,pwtr2R420ymwiFJFuGX6poZRZf4=
-32,2,QSNG1FWlmfYGBPUvnmHwTYieLBs=,pwtr2R420ymwiFJFuGX6poZRZf4=
-31,3,QSNG1FWlmfYGBPUvnmHwTYieLBs=,pwtr2R420ymwiFJFuGX6poZRZf4=
-31,7,QSNG1FWlmfYGBPUvnmHwTYieLBs=,pwtr2R420ymwiFJFuGX6poZRZf4=
-32,7,QSNG1FWlmfYGBPUvnmHwTYieLBs=,pwtr2R420ymwiFJFuGX6poZRZf4=
-26,1,QSNG1FWlmfYGBPUvnmHwTYieLBs=,pwtr2R420ymwiFJFuGX6poZRZf4=
-30,0,QSNG1FWlmfYGBPUvnmHwTYieLBs=,pwtr2R420ymwiFJFuGX6poZRZf4=
-32,1,QSNG1FWlmfYGBPUvnmHwTYieLBs=,pwtr2R420ymwiFJFuGX6poZRZf4=
-27,1,QSNG1FWlmfYGBPUvnmHwTYieLBs=,pwtr2R420ymwiFJFuGX6poZRZf4=
-28,1,QSNG1FWlmfYGBPUvnmHwTYieLBs=,pwtr2R420ymwiFJFuGX6poZRZf4=
-29,1,QSNG1FWlmfYGBPUvnmHwTYieLBs=,pwtr2R420ymwiFJFuGX6poZRZf4=
-31,0,QSNG1FWlmfYGBPUvnmHwTYieLBs=,pwtr2R420ymwiFJFuGX6poZRZf4=
-26,6,QSNG1FWlmfYGBPUvnmHwTYieLBs=,pwtr2R420ymwiFJFuGX6poZRZf4=
-27,6,QSNG1FWlmfYGBPUvnmHwTYieLBs=,pwtr2R420ymwiFJFuGX6poZRZf4=
-28,6,QSNG1FWlmfYGBPUvnmHwTYieLBs=,pwtr2R420ymwiFJFuGX6poZRZf4=
-29,6,QSNG1FWlmfYGBPUvnmHwTYieLBs=,pwtr2R420ymwiFJFuGX6poZRZf4=
-30,6,QSNG1FWlmfYGBPUvnmHwTYieLBs=,pwtr2R420ymwiFJFuGX6poZRZf4=
-31,6,QSNG1FWlmfYGBPUvnmHwTYieLBs=,pwtr2R420ymwiFJFuGX6poZRZf4=
-32,3,QSNG1FWlmfYGBPUvnmHwTYieLBs=,pwtr2R420ymwiFJFuGX6poZRZf4=
-32,6,QSNG1FWlmfYGBPUvnmHwTYieLBs=,pwtr2R420ymwiFJFuGX6poZRZf4=
-26,5,QSNG1FWlmfYGBPUvnmHwTYieLBs=,pwtr2R420ymwiFJFuGX6poZRZf4=
-27,5,QSNG1FWlmfYGBPUvnmHwTYieLBs=,pwtr2R420ymwiFJFuGX6poZRZf4=
-28,5,QSNG1FWlmfYGBPUvnmHwTYieLBs=,pwtr2R420ymwiFJFuGX6poZRZf4=
-30,1,QSNG1FWlmfYGBPUvnmHwTYieLBs=,pwtr2R420ymwiFJFuGX6poZRZf4=
-29,5,QSNG1FWlmfYGBPUvnmHwTYieLBs=,pwtr2R420ymwiFJFuGX6poZRZf4=
-30,5,QSNG1FWlmfYGBPUvnmHwTYieLBs=,pwtr2R420ymwiFJFuGX6poZRZf4=
-31,5,QSNG1FWlmfYGBPUvnmHwTYieLBs=,pwtr2R420ymwiFJFuGX6poZRZf4=
-32,5,QSNG1FWlmfYGBPUvnmHwTYieLBs=,pwtr2R420ymwiFJFuGX6poZRZf4=
-32,0,QSNG1FWlmfYGBPUvnmHwTYieLBs=,pwtr2R420ymwiFJFuGX6poZRZf4=
-26,0,QSNG1FWlmfYGBPUvnmHwTYieLBs=,pwtr2R420ymwiFJFuGX6poZRZf4=
-26,4,QSNG1FWlmfYGBPUvnmHwTYieLBs=,pwtr2R420ymwiFJFuGX6poZRZf4=
-27,4,QSNG1FWlmfYGBPUvnmHwTYieLBs=,pwtr2R420ymwiFJFuGX6poZRZf4=
-28,4,QSNG1FWlmfYGBPUvnmHwTYieLBs=,pwtr2R420ymwiFJFuGX6poZRZf4=
-29,4,QSNG1FWlmfYGBPUvnmHwTYieLBs=,pwtr2R420ymwiFJFuGX6poZRZf4=
-30,4,QSNG1FWlmfYGBPUvnmHwTYieLBs=,pwtr2R420ymwiFJFuGX6poZRZf4=
-27,0,QSNG1FWlmfYGBPUvnmHwTYieLBs=,pwtr2R420ymwiFJFuGX6poZRZf4=
-31,4,QSNG1FWlmfYGBPUvnmHwTYieLBs=,pwtr2R420ymwiFJFuGX6poZRZf4=
-26,2,QSNG1FWlmfYGBPUvnmHwTYieLBs=,pwtr2R420ymwiFJFuGX6poZRZf4=
-28,0,QSNG1FWlmfYGBPUvnmHwTYieLBs=,pwtr2R420ymwiFJFuGX6poZRZf4=
-26,3,QSNG1FWlmfYGBPUvnmHwTYieLBs=,pwtr2R420ymwiFJFuGX6poZRZf4=
-32,4,QSNG1FWlmfYGBPUvnmHwTYieLBs=,pwtr2R420ymwiFJFuGX6poZRZf4=
-27,3,QSNG1FWlmfYGBPUvnmHwTYieLBs=,pwtr2R420ymwiFJFuGX6poZRZf4=
-17,10,QSNG1FWlmfYGBPUvnmHwTYieLBs=,MeU6vTKjwD83j2oVNkm7AnJ8k7Y=
-18,10,QSNG1FWlmfYGBPUvnmHwTYieLBs=,MeU6vTKjwD83j2oVNkm7AnJ8k7Y=
-24,11,QSNG1FWlmfYGBPUvnmHwTYieLBs=,MeU6vTKjwD83j2oVNkm7AnJ8k7Y=
-23,11,QSNG1FWlmfYGBPUvnmHwTYieLBs=,MeU6vTKjwD83j2oVNkm7AnJ8k7Y=
-22,11,QSNG1FWlmfYGBPUvnmHwTYieLBs=,MeU6vTKjwD83j2oVNkm7AnJ8k7Y=
-21,11,QSNG1FWlmfYGBPUvnmHwTYieLBs=,MeU6vTKjwD83j2oVNkm7AnJ8k7Y=
-19,11,QSNG1FWlmfYGBPUvnmHwTYieLBs=,MeU6vTKjwD83j2oVNkm7AnJ8k7Y=
-20,11,QSNG1FWlmfYGBPUvnmHwTYieLBs=,MeU6vTKjwD83j2oVNkm7AnJ8k7Y=
-18,11,QSNG1FWlmfYGBPUvnmHwTYieLBs=,MeU6vTKjwD83j2oVNkm7AnJ8k7Y=
-19,10,QSNG1FWlmfYGBPUvnmHwTYieLBs=,MeU6vTKjwD83j2oVNkm7AnJ8k7Y=
-18,15,QSNG1FWlmfYGBPUvnmHwTYieLBs=,MeU6vTKjwD83j2oVNkm7AnJ8k7Y=
-17,11,QSNG1FWlmfYGBPUvnmHwTYieLBs=,MeU6vTKjwD83j2oVNkm7AnJ8k7Y=
-24,12,QSNG1FWlmfYGBPUvnmHwTYieLBs=,MeU6vTKjwD83j2oVNkm7AnJ8k7Y=
-23,12,QSNG1FWlmfYGBPUvnmHwTYieLBs=,MeU6vTKjwD83j2oVNkm7AnJ8k7Y=
-22,12,QSNG1FWlmfYGBPUvnmHwTYieLBs=,MeU6vTKjwD83j2oVNkm7AnJ8k7Y=
-21,12,QSNG1FWlmfYGBPUvnmHwTYieLBs=,MeU6vTKjwD83j2oVNkm7AnJ8k7Y=
-20,12,QSNG1FWlmfYGBPUvnmHwTYieLBs=,MeU6vTKjwD83j2oVNkm7AnJ8k7Y=
-19,12,QSNG1FWlmfYGBPUvnmHwTYieLBs=,MeU6vTKjwD83j2oVNkm7AnJ8k7Y=
-18,12,QSNG1FWlmfYGBPUvnmHwTYieLBs=,MeU6vTKjwD83j2oVNkm7AnJ8k7Y=
-17,12,QSNG1FWlmfYGBPUvnmHwTYieLBs=,MeU6vTKjwD83j2oVNkm7AnJ8k7Y=
-24,13,QSNG1FWlmfYGBPUvnmHwTYieLBs=,MeU6vTKjwD83j2oVNkm7AnJ8k7Y=
-23,13,QSNG1FWlmfYGBPUvnmHwTYieLBs=,MeU6vTKjwD83j2oVNkm7AnJ8k7Y=
-22,13,QSNG1FWlmfYGBPUvnmHwTYieLBs=,MeU6vTKjwD83j2oVNkm7AnJ8k7Y=
-21,13,QSNG1FWlmfYGBPUvnmHwTYieLBs=,MeU6vTKjwD83j2oVNkm7AnJ8k7Y=
-20,13,QSNG1FWlmfYGBPUvnmHwTYieLBs=,MeU6vTKjwD83j2oVNkm7AnJ8k7Y=
-19,13,QSNG1FWlmfYGBPUvnmHwTYieLBs=,MeU6vTKjwD83j2oVNkm7AnJ8k7Y=
-17,15,QSNG1FWlmfYGBPUvnmHwTYieLBs=,MeU6vTKjwD83j2oVNkm7AnJ8k7Y=
-24,9,QSNG1FWlmfYGBPUvnmHwTYieLBs=,MeU6vTKjwD83j2oVNkm7AnJ8k7Y=
-23,9,QSNG1FWlmfYGBPUvnmHwTYieLBs=,MeU6vTKjwD83j2oVNkm7AnJ8k7Y=
-22,9,QSNG1FWlmfYGBPUvnmHwTYieLBs=,MeU6vTKjwD83j2oVNkm7AnJ8k7Y=
-21,9,QSNG1FWlmfYGBPUvnmHwTYieLBs=,MeU6vTKjwD83j2oVNkm7AnJ8k7Y=
-20,9,QSNG1FWlmfYGBPUvnmHwTYieLBs=,MeU6vTKjwD83j2oVNkm7AnJ8k7Y=
-18,13,QSNG1FWlmfYGBPUvnmHwTYieLBs=,MeU6vTKjwD83j2oVNkm7AnJ8k7Y=
-17,13,QSNG1FWlmfYGBPUvnmHwTYieLBs=,MeU6vTKjwD83j2oVNkm7AnJ8k7Y=
-19,15,QSNG1FWlmfYGBPUvnmHwTYieLBs=,MeU6vTKjwD83j2oVNkm7AnJ8k7Y=
-20,15,QSNG1FWlmfYGBPUvnmHwTYieLBs=,MeU6vTKjwD83j2oVNkm7AnJ8k7Y=
-21,15,QSNG1FWlmfYGBPUvnmHwTYieLBs=,MeU6vTKjwD83j2oVNkm7AnJ8k7Y=
-19,9,QSNG1FWlmfYGBPUvnmHwTYieLBs=,MeU6vTKjwD83j2oVNkm7AnJ8k7Y=
-22,15,QSNG1FWlmfYGBPUvnmHwTYieLBs=,MeU6vTKjwD83j2oVNkm7AnJ8k7Y=
-23,15,QSNG1FWlmfYGBPUvnmHwTYieLBs=,MeU6vTKjwD83j2oVNkm7AnJ8k7Y=
-24,15,QSNG1FWlmfYGBPUvnmHwTYieLBs=,MeU6vTKjwD83j2oVNkm7AnJ8k7Y=
-20,10,QSNG1FWlmfYGBPUvnmHwTYieLBs=,MeU6vTKjwD83j2oVNkm7AnJ8k7Y=
-18,9,QSNG1FWlmfYGBPUvnmHwTYieLBs=,MeU6vTKjwD83j2oVNkm7AnJ8k7Y=
-24,10,QSNG1FWlmfYGBPUvnmHwTYieLBs=,MeU6vTKjwD83j2oVNkm7AnJ8k7Y=
-17,9,QSNG1FWlmfYGBPUvnmHwTYieLBs=,MeU6vTKjwD83j2oVNkm7AnJ8k7Y=
-23,10,QSNG1FWlmfYGBPUvnmHwTYieLBs=,MeU6vTKjwD83j2oVNkm7AnJ8k7Y=
-22,10,QSNG1FWlmfYGBPUvnmHwTYieLBs=,MeU6vTKjwD83j2oVNkm7AnJ8k7Y=
-24,14,QSNG1FWlmfYGBPUvnmHwTYieLBs=,MeU6vTKjwD83j2oVNkm7AnJ8k7Y=
-23,14,QSNG1FWlmfYGBPUvnmHwTYieLBs=,MeU6vTKjwD83j2oVNkm7AnJ8k7Y=
-22,14,QSNG1FWlmfYGBPUvnmHwTYieLBs=,MeU6vTKjwD83j2oVNkm7AnJ8k7Y=
-21,14,QSNG1FWlmfYGBPUvnmHwTYieLBs=,MeU6vTKjwD83j2oVNkm7AnJ8k7Y=
-20,14,QSNG1FWlmfYGBPUvnmHwTYieLBs=,MeU6vTKjwD83j2oVNkm7AnJ8k7Y=
-19,14,QSNG1FWlmfYGBPUvnmHwTYieLBs=,MeU6vTKjwD83j2oVNkm7AnJ8k7Y=
-18,14,QSNG1FWlmfYGBPUvnmHwTYieLBs=,MeU6vTKjwD83j2oVNkm7AnJ8k7Y=
-17,14,QSNG1FWlmfYGBPUvnmHwTYieLBs=,MeU6vTKjwD83j2oVNkm7AnJ8k7Y=
-21,10,QSNG1FWlmfYGBPUvnmHwTYieLBs=,MeU6vTKjwD83j2oVNkm7AnJ8k7Y=
-21,3,QSNG1FWlmfYGBPUvnmHwTYieLBs=,NR2eoyiJ9K2pbxBCBQXkdTCi3qk=
-22,3,QSNG1FWlmfYGBPUvnmHwTYieLBs=,NR2eoyiJ9K2pbxBCBQXkdTCi3qk=
-20,3,QSNG1FWlmfYGBPUvnmHwTYieLBs=,NR2eoyiJ9K2pbxBCBQXkdTCi3qk=
-23,3,QSNG1FWlmfYGBPUvnmHwTYieLBs=,NR2eoyiJ9K2pbxBCBQXkdTCi3qk=
-25,7,QSNG1FWlmfYGBPUvnmHwTYieLBs=,pwtr2R420ymwiFJFuGX6poZRZf4=
-19,3,QSNG1FWlmfYGBPUvnmHwTYieLBs=,NR2eoyiJ9K2pbxBCBQXkdTCi3qk=
-25,3,QSNG1FWlmfYGBPUvnmHwTYieLBs=,pwtr2R420ymwiFJFuGX6poZRZf4=
-17,7,QSNG1FWlmfYGBPUvnmHwTYieLBs=,NR2eoyiJ9K2pbxBCBQXkdTCi3qk=
-18,7,QSNG1FWlmfYGBPUvnmHwTYieLBs=,NR2eoyiJ9K2pbxBCBQXkdTCi3qk=
-25,1,QSNG1FWlmfYGBPUvnmHwTYieLBs=,pwtr2R420ymwiFJFuGX6poZRZf4=
-20,7,QSNG1FWlmfYGBPUvnmHwTYieLBs=,NR2eoyiJ9K2pbxBCBQXkdTCi3qk=
-24,3,QSNG1FWlmfYGBPUvnmHwTYieLBs=,NR2eoyiJ9K2pbxBCBQXkdTCi3qk=
-21,7,QSNG1FWlmfYGBPUvnmHwTYieLBs=,NR2eoyiJ9K2pbxBCBQXkdTCi3qk=
-22,7,QSNG1FWlmfYGBPUvnmHwTYieLBs=,NR2eoyiJ9K2pbxBCBQXkdTCi3qk=
-18,3,QSNG1FWlmfYGBPUvnmHwTYieLBs=,NR2eoyiJ9K2pbxBCBQXkdTCi3qk=
-19,7,QSNG1FWlmfYGBPUvnmHwTYieLBs=,NR2eoyiJ9K2pbxBCBQXkdTCi3qk=
-23,7,QSNG1FWlmfYGBPUvnmHwTYieLBs=,NR2eoyiJ9K2pbxBCBQXkdTCi3qk=
-17,2,QSNG1FWlmfYGBPUvnmHwTYieLBs=,NR2eoyiJ9K2pbxBCBQXkdTCi3qk=
-17,3,QSNG1FWlmfYGBPUvnmHwTYieLBs=,NR2eoyiJ9K2pbxBCBQXkdTCi3qk=
-24,4,QSNG1FWlmfYGBPUvnmHwTYieLBs=,NR2eoyiJ9K2pbxBCBQXkdTCi3qk=
-23,4,QSNG1FWlmfYGBPUvnmHwTYieLBs=,NR2eoyiJ9K2pbxBCBQXkdTCi3qk=
-22,4,QSNG1FWlmfYGBPUvnmHwTYieLBs=,NR2eoyiJ9K2pbxBCBQXkdTCi3qk=
-21,4,QSNG1FWlmfYGBPUvnmHwTYieLBs=,NR2eoyiJ9K2pbxBCBQXkdTCi3qk=
-20,4,QSNG1FWlmfYGBPUvnmHwTYieLBs=,NR2eoyiJ9K2pbxBCBQXkdTCi3qk=
-25,4,QSNG1FWlmfYGBPUvnmHwTYieLBs=,pwtr2R420ymwiFJFuGX6poZRZf4=
-18,2,QSNG1FWlmfYGBPUvnmHwTYieLBs=,NR2eoyiJ9K2pbxBCBQXkdTCi3qk=
-19,4,QSNG1FWlmfYGBPUvnmHwTYieLBs=,NR2eoyiJ9K2pbxBCBQXkdTCi3qk=
-19,2,QSNG1FWlmfYGBPUvnmHwTYieLBs=,NR2eoyiJ9K2pbxBCBQXkdTCi3qk=
-20,2,QSNG1FWlmfYGBPUvnmHwTYieLBs=,NR2eoyiJ9K2pbxBCBQXkdTCi3qk=
-24,7,QSNG1FWlmfYGBPUvnmHwTYieLBs=,NR2eoyiJ9K2pbxBCBQXkdTCi3qk=
-21,2,QSNG1FWlmfYGBPUvnmHwTYieLBs=,NR2eoyiJ9K2pbxBCBQXkdTCi3qk=
-18,4,QSNG1FWlmfYGBPUvnmHwTYieLBs=,NR2eoyiJ9K2pbxBCBQXkdTCi3qk=
-18,6,QSNG1FWlmfYGBPUvnmHwTYieLBs=,NR2eoyiJ9K2pbxBCBQXkdTCi3qk=
-25,2,QSNG1FWlmfYGBPUvnmHwTYieLBs=,pwtr2R420ymwiFJFuGX6poZRZf4=
-17,6,QSNG1FWlmfYGBPUvnmHwTYieLBs=,NR2eoyiJ9K2pbxBCBQXkdTCi3qk=
-19,6,QSNG1FWlmfYGBPUvnmHwTYieLBs=,NR2eoyiJ9K2pbxBCBQXkdTCi3qk=
-20,6,QSNG1FWlmfYGBPUvnmHwTYieLBs=,NR2eoyiJ9K2pbxBCBQXkdTCi3qk=
-23,2,QSNG1FWlmfYGBPUvnmHwTYieLBs=,NR2eoyiJ9K2pbxBCBQXkdTCi3qk=
-21,6,QSNG1FWlmfYGBPUvnmHwTYieLBs=,NR2eoyiJ9K2pbxBCBQXkdTCi3qk=
-22,6,QSNG1FWlmfYGBPUvnmHwTYieLBs=,NR2eoyiJ9K2pbxBCBQXkdTCi3qk=
-24,2,QSNG1FWlmfYGBPUvnmHwTYieLBs=,NR2eoyiJ9K2pbxBCBQXkdTCi3qk=
-17,4,QSNG1FWlmfYGBPUvnmHwTYieLBs=,NR2eoyiJ9K2pbxBCBQXkdTCi3qk=
-24,5,QSNG1FWlmfYGBPUvnmHwTYieLBs=,NR2eoyiJ9K2pbxBCBQXkdTCi3qk=
-25,5,QSNG1FWlmfYGBPUvnmHwTYieLBs=,pwtr2R420ymwiFJFuGX6poZRZf4=
-23,5,QSNG1FWlmfYGBPUvnmHwTYieLBs=,NR2eoyiJ9K2pbxBCBQXkdTCi3qk=
-25,0,QSNG1FWlmfYGBPUvnmHwTYieLBs=,pwtr2R420ymwiFJFuGX6poZRZf4=
-22,5,QSNG1FWlmfYGBPUvnmHwTYieLBs=,NR2eoyiJ9K2pbxBCBQXkdTCi3qk=
-25,6,QSNG1FWlmfYGBPUvnmHwTYieLBs=,pwtr2R420ymwiFJFuGX6poZRZf4=
-24,0,QSNG1FWlmfYGBPUvnmHwTYieLBs=,NR2eoyiJ9K2pbxBCBQXkdTCi3qk=
-23,0,QSNG1FWlmfYGBPUvnmHwTYieLBs=,NR2eoyiJ9K2pbxBCBQXkdTCi3qk=
-22,0,QSNG1FWlmfYGBPUvnmHwTYieLBs=,NR2eoyiJ9K2pbxBCBQXkdTCi3qk=
-21,5,QSNG1FWlmfYGBPUvnmHwTYieLBs=,NR2eoyiJ9K2pbxBCBQXkdTCi3qk=
-20,5,QSNG1FWlmfYGBPUvnmHwTYieLBs=,NR2eoyiJ9K2pbxBCBQXkdTCi3qk=
-22,2,QSNG1FWlmfYGBPUvnmHwTYieLBs=,NR2eoyiJ9K2pbxBCBQXkdTCi3qk=
-21,0,QSNG1FWlmfYGBPUvnmHwTYieLBs=,NR2eoyiJ9K2pbxBCBQXkdTCi3qk=
-24,8,QSNG1FWlmfYGBPUvnmHwTYieLBs=,MeU6vTKjwD83j2oVNkm7AnJ8k7Y=
-23,8,QSNG1FWlmfYGBPUvnmHwTYieLBs=,MeU6vTKjwD83j2oVNkm7AnJ8k7Y=
-22,8,QSNG1FWlmfYGBPUvnmHwTYieLBs=,MeU6vTKjwD83j2oVNkm7AnJ8k7Y=
-21,8,QSNG1FWlmfYGBPUvnmHwTYieLBs=,MeU6vTKjwD83j2oVNkm7AnJ8k7Y=
-17,1,QSNG1FWlmfYGBPUvnmHwTYieLBs=,NR2eoyiJ9K2pbxBCBQXkdTCi3qk=
-18,1,QSNG1FWlmfYGBPUvnmHwTYieLBs=,NR2eoyiJ9K2pbxBCBQXkdTCi3qk=
-19,5,QSNG1FWlmfYGBPUvnmHwTYieLBs=,NR2eoyiJ9K2pbxBCBQXkdTCi3qk=
-20,8,QSNG1FWlmfYGBPUvnmHwTYieLBs=,MeU6vTKjwD83j2oVNkm7AnJ8k7Y=
-23,6,QSNG1FWlmfYGBPUvnmHwTYieLBs=,NR2eoyiJ9K2pbxBCBQXkdTCi3qk=
-19,1,QSNG1FWlmfYGBPUvnmHwTYieLBs=,NR2eoyiJ9K2pbxBCBQXkdTCi3qk=
-24,6,QSNG1FWlmfYGBPUvnmHwTYieLBs=,NR2eoyiJ9K2pbxBCBQXkdTCi3qk=
-20,0,QSNG1FWlmfYGBPUvnmHwTYieLBs=,NR2eoyiJ9K2pbxBCBQXkdTCi3qk=
-20,1,QSNG1FWlmfYGBPUvnmHwTYieLBs=,NR2eoyiJ9K2pbxBCBQXkdTCi3qk=
-22,1,QSNG1FWlmfYGBPUvnmHwTYieLBs=,NR2eoyiJ9K2pbxBCBQXkdTCi3qk=
-21,1,QSNG1FWlmfYGBPUvnmHwTYieLBs=,NR2eoyiJ9K2pbxBCBQXkdTCi3qk=
-23,1,QSNG1FWlmfYGBPUvnmHwTYieLBs=,NR2eoyiJ9K2pbxBCBQXkdTCi3qk=
-24,1,QSNG1FWlmfYGBPUvnmHwTYieLBs=,NR2eoyiJ9K2pbxBCBQXkdTCi3qk=
-18,5,QSNG1FWlmfYGBPUvnmHwTYieLBs=,NR2eoyiJ9K2pbxBCBQXkdTCi3qk=
-17,5,QSNG1FWlmfYGBPUvnmHwTYieLBs=,NR2eoyiJ9K2pbxBCBQXkdTCi3qk=
-19,8,QSNG1FWlmfYGBPUvnmHwTYieLBs=,MeU6vTKjwD83j2oVNkm7AnJ8k7Y=
-17,0,QSNG1FWlmfYGBPUvnmHwTYieLBs=,NR2eoyiJ9K2pbxBCBQXkdTCi3qk=
-17,8,QSNG1FWlmfYGBPUvnmHwTYieLBs=,MeU6vTKjwD83j2oVNkm7AnJ8k7Y=
-18,8,QSNG1FWlmfYGBPUvnmHwTYieLBs=,MeU6vTKjwD83j2oVNkm7AnJ8k7Y=
-18,0,QSNG1FWlmfYGBPUvnmHwTYieLBs=,NR2eoyiJ9K2pbxBCBQXkdTCi3qk=
-19,0,QSNG1FWlmfYGBPUvnmHwTYieLBs=,NR2eoyiJ9K2pbxBCBQXkdTCi3qk=
-28,31,kz90w7PFFvw+qxVGyNOBy21wJLk=,+aJxsUhYxQzAbDRWHCwsjhRGi5o=
-28,24,kz90w7PFFvw+qxVGyNOBy21wJLk=,+aJxsUhYxQzAbDRWHCwsjhRGi5o=
-32,28,kz90w7PFFvw+qxVGyNOBy21wJLk=,+aJxsUhYxQzAbDRWHCwsjhRGi5o=
-26,28,kz90w7PFFvw+qxVGyNOBy21wJLk=,+aJxsUhYxQzAbDRWHCwsjhRGi5o=
-32,26,kz90w7PFFvw+qxVGyNOBy21wJLk=,+aJxsUhYxQzAbDRWHCwsjhRGi5o=
-29,31,kz90w7PFFvw+qxVGyNOBy21wJLk=,+aJxsUhYxQzAbDRWHCwsjhRGi5o=
-30,31,kz90w7PFFvw+qxVGyNOBy21wJLk=,+aJxsUhYxQzAbDRWHCwsjhRGi5o=
-26,25,kz90w7PFFvw+qxVGyNOBy21wJLk=,+aJxsUhYxQzAbDRWHCwsjhRGi5o=
-27,25,kz90w7PFFvw+qxVGyNOBy21wJLk=,+aJxsUhYxQzAbDRWHCwsjhRGi5o=
-28,25,kz90w7PFFvw+qxVGyNOBy21wJLk=,+aJxsUhYxQzAbDRWHCwsjhRGi5o=
-29,25,kz90w7PFFvw+qxVGyNOBy21wJLk=,+aJxsUhYxQzAbDRWHCwsjhRGi5o=
-31,31,kz90w7PFFvw+qxVGyNOBy21wJLk=,+aJxsUhYxQzAbDRWHCwsjhRGi5o=
-29,24,kz90w7PFFvw+qxVGyNOBy21wJLk=,+aJxsUhYxQzAbDRWHCwsjhRGi5o=
-28,29,kz90w7PFFvw+qxVGyNOBy21wJLk=,+aJxsUhYxQzAbDRWHCwsjhRGi5o=
-32,31,kz90w7PFFvw+qxVGyNOBy21wJLk=,+aJxsUhYxQzAbDRWHCwsjhRGi5o=
-26,27,kz90w7PFFvw+qxVGyNOBy21wJLk=,+aJxsUhYxQzAbDRWHCwsjhRGi5o=
-27,27,kz90w7PFFvw+qxVGyNOBy21wJLk=,+aJxsUhYxQzAbDRWHCwsjhRGi5o=
-26,30,kz90w7PFFvw+qxVGyNOBy21wJLk=,+aJxsUhYxQzAbDRWHCwsjhRGi5o=
-28,27,kz90w7PFFvw+qxVGyNOBy21wJLk=,+aJxsUhYxQzAbDRWHCwsjhRGi5o=
-27,30,kz90w7PFFvw+qxVGyNOBy21wJLk=,+aJxsUhYxQzAbDRWHCwsjhRGi5o=
-28,30,kz90w7PFFvw+qxVGyNOBy21wJLk=,+aJxsUhYxQzAbDRWHCwsjhRGi5o=
-29,30,kz90w7PFFvw+qxVGyNOBy21wJLk=,+aJxsUhYxQzAbDRWHCwsjhRGi5o=
-29,29,kz90w7PFFvw+qxVGyNOBy21wJLk=,+aJxsUhYxQzAbDRWHCwsjhRGi5o=
-30,29,kz90w7PFFvw+qxVGyNOBy21wJLk=,+aJxsUhYxQzAbDRWHCwsjhRGi5o=
-30,24,kz90w7PFFvw+qxVGyNOBy21wJLk=,+aJxsUhYxQzAbDRWHCwsjhRGi5o=
-30,25,kz90w7PFFvw+qxVGyNOBy21wJLk=,+aJxsUhYxQzAbDRWHCwsjhRGi5o=
-30,30,kz90w7PFFvw+qxVGyNOBy21wJLk=,+aJxsUhYxQzAbDRWHCwsjhRGi5o=
-29,27,kz90w7PFFvw+qxVGyNOBy21wJLk=,+aJxsUhYxQzAbDRWHCwsjhRGi5o=
-27,28,kz90w7PFFvw+qxVGyNOBy21wJLk=,+aJxsUhYxQzAbDRWHCwsjhRGi5o=
-32,27,kz90w7PFFvw+qxVGyNOBy21wJLk=,+aJxsUhYxQzAbDRWHCwsjhRGi5o=
-26,26,kz90w7PFFvw+qxVGyNOBy21wJLk=,+aJxsUhYxQzAbDRWHCwsjhRGi5o=
-31,30,kz90w7PFFvw+qxVGyNOBy21wJLk=,+aJxsUhYxQzAbDRWHCwsjhRGi5o=
-32,30,kz90w7PFFvw+qxVGyNOBy21wJLk=,+aJxsUhYxQzAbDRWHCwsjhRGi5o=
-27,26,kz90w7PFFvw+qxVGyNOBy21wJLk=,+aJxsUhYxQzAbDRWHCwsjhRGi5o=
-31,24,kz90w7PFFvw+qxVGyNOBy21wJLk=,+aJxsUhYxQzAbDRWHCwsjhRGi5o=
-28,26,kz90w7PFFvw+qxVGyNOBy21wJLk=,+aJxsUhYxQzAbDRWHCwsjhRGi5o=
-29,26,kz90w7PFFvw+qxVGyNOBy21wJLk=,+aJxsUhYxQzAbDRWHCwsjhRGi5o=
-30,26,kz90w7PFFvw+qxVGyNOBy21wJLk=,+aJxsUhYxQzAbDRWHCwsjhRGi5o=
-31,25,kz90w7PFFvw+qxVGyNOBy21wJLk=,+aJxsUhYxQzAbDRWHCwsjhRGi5o=
-31,29,kz90w7PFFvw+qxVGyNOBy21wJLk=,+aJxsUhYxQzAbDRWHCwsjhRGi5o=
-28,28,kz90w7PFFvw+qxVGyNOBy21wJLk=,+aJxsUhYxQzAbDRWHCwsjhRGi5o=
-31,26,kz90w7PFFvw+qxVGyNOBy21wJLk=,+aJxsUhYxQzAbDRWHCwsjhRGi5o=
-26,24,kz90w7PFFvw+qxVGyNOBy21wJLk=,+aJxsUhYxQzAbDRWHCwsjhRGi5o=
-32,25,kz90w7PFFvw+qxVGyNOBy21wJLk=,+aJxsUhYxQzAbDRWHCwsjhRGi5o=
-32,24,kz90w7PFFvw+qxVGyNOBy21wJLk=,+aJxsUhYxQzAbDRWHCwsjhRGi5o=
-30,27,kz90w7PFFvw+qxVGyNOBy21wJLk=,+aJxsUhYxQzAbDRWHCwsjhRGi5o=
-29,28,kz90w7PFFvw+qxVGyNOBy21wJLk=,+aJxsUhYxQzAbDRWHCwsjhRGi5o=
-26,29,kz90w7PFFvw+qxVGyNOBy21wJLk=,+aJxsUhYxQzAbDRWHCwsjhRGi5o=
-32,29,kz90w7PFFvw+qxVGyNOBy21wJLk=,+aJxsUhYxQzAbDRWHCwsjhRGi5o=
-31,27,kz90w7PFFvw+qxVGyNOBy21wJLk=,+aJxsUhYxQzAbDRWHCwsjhRGi5o=
-30,28,kz90w7PFFvw+qxVGyNOBy21wJLk=,+aJxsUhYxQzAbDRWHCwsjhRGi5o=
-27,24,kz90w7PFFvw+qxVGyNOBy21wJLk=,+aJxsUhYxQzAbDRWHCwsjhRGi5o=
-31,28,kz90w7PFFvw+qxVGyNOBy21wJLk=,+aJxsUhYxQzAbDRWHCwsjhRGi5o=
-26,31,kz90w7PFFvw+qxVGyNOBy21wJLk=,+aJxsUhYxQzAbDRWHCwsjhRGi5o=
-27,31,kz90w7PFFvw+qxVGyNOBy21wJLk=,+aJxsUhYxQzAbDRWHCwsjhRGi5o=
-27,29,kz90w7PFFvw+qxVGyNOBy21wJLk=,+aJxsUhYxQzAbDRWHCwsjhRGi5o=
-25,25,kz90w7PFFvw+qxVGyNOBy21wJLk=,+aJxsUhYxQzAbDRWHCwsjhRGi5o=
-22,29,kz90w7PFFvw+qxVGyNOBy21wJLk=,/iwNRgWg5onkIxRohI3Gu49MxJA=
-23,29,kz90w7PFFvw+qxVGyNOBy21wJLk=,/iwNRgWg5onkIxRohI3Gu49MxJA=
-20,29,kz90w7PFFvw+qxVGyNOBy21wJLk=,/iwNRgWg5onkIxRohI3Gu49MxJA=
-25,28,kz90w7PFFvw+qxVGyNOBy21wJLk=,+aJxsUhYxQzAbDRWHCwsjhRGi5o=
-25,27,kz90w7PFFvw+qxVGyNOBy21wJLk=,+aJxsUhYxQzAbDRWHCwsjhRGi5o=
-19,29,kz90w7PFFvw+qxVGyNOBy21wJLk=,/iwNRgWg5onkIxRohI3Gu49MxJA=
-24,29,kz90w7PFFvw+qxVGyNOBy21wJLk=,/iwNRgWg5onkIxRohI3Gu49MxJA=
-25,31,kz90w7PFFvw+qxVGyNOBy21wJLk=,+aJxsUhYxQzAbDRWHCwsjhRGi5o=
-25,30,kz90w7PFFvw+qxVGyNOBy21wJLk=,+aJxsUhYxQzAbDRWHCwsjhRGi5o=
-24,24,kz90w7PFFvw+qxVGyNOBy21wJLk=,/iwNRgWg5onkIxRohI3Gu49MxJA=
-17,28,kz90w7PFFvw+qxVGyNOBy21wJLk=,/iwNRgWg5onkIxRohI3Gu49MxJA=
-18,29,kz90w7PFFvw+qxVGyNOBy21wJLk=,/iwNRgWg5onkIxRohI3Gu49MxJA=
-18,28,kz90w7PFFvw+qxVGyNOBy21wJLk=,/iwNRgWg5onkIxRohI3Gu49MxJA=
-23,24,kz90w7PFFvw+qxVGyNOBy21wJLk=,/iwNRgWg5onkIxRohI3Gu49MxJA=
-19,28,kz90w7PFFvw+qxVGyNOBy21wJLk=,/iwNRgWg5onkIxRohI3Gu49MxJA=
-20,28,kz90w7PFFvw+qxVGyNOBy21wJLk=,/iwNRgWg5onkIxRohI3Gu49MxJA=
-22,24,kz90w7PFFvw+qxVGyNOBy21wJLk=,/iwNRgWg5onkIxRohI3Gu49MxJA=
-21,24,kz90w7PFFvw+qxVGyNOBy21wJLk=,/iwNRgWg5onkIxRohI3Gu49MxJA=
-21,28,kz90w7PFFvw+qxVGyNOBy21wJLk=,/iwNRgWg5onkIxRohI3Gu49MxJA=
-21,29,kz90w7PFFvw+qxVGyNOBy21wJLk=,/iwNRgWg5onkIxRohI3Gu49MxJA=
-22,28,kz90w7PFFvw+qxVGyNOBy21wJLk=,/iwNRgWg5onkIxRohI3Gu49MxJA=
-24,28,kz90w7PFFvw+qxVGyNOBy21wJLk=,/iwNRgWg5onkIxRohI3Gu49MxJA=
-17,27,kz90w7PFFvw+qxVGyNOBy21wJLk=,/iwNRgWg5onkIxRohI3Gu49MxJA=
-25,26,kz90w7PFFvw+qxVGyNOBy21wJLk=,+aJxsUhYxQzAbDRWHCwsjhRGi5o=
-18,27,kz90w7PFFvw+qxVGyNOBy21wJLk=,/iwNRgWg5onkIxRohI3Gu49MxJA=
-20,24,kz90w7PFFvw+qxVGyNOBy21wJLk=,/iwNRgWg5onkIxRohI3Gu49MxJA=
-17,29,kz90w7PFFvw+qxVGyNOBy21wJLk=,/iwNRgWg5onkIxRohI3Gu49MxJA=
-19,24,kz90w7PFFvw+qxVGyNOBy21wJLk=,/iwNRgWg5onkIxRohI3Gu49MxJA=
-24,30,kz90w7PFFvw+qxVGyNOBy21wJLk=,/iwNRgWg5onkIxRohI3Gu49MxJA=
-18,24,kz90w7PFFvw+qxVGyNOBy21wJLk=,/iwNRgWg5onkIxRohI3Gu49MxJA=
-17,24,kz90w7PFFvw+qxVGyNOBy21wJLk=,/iwNRgWg5onkIxRohI3Gu49MxJA=
-23,30,kz90w7PFFvw+qxVGyNOBy21wJLk=,/iwNRgWg5onkIxRohI3Gu49MxJA=
-22,30,kz90w7PFFvw+qxVGyNOBy21wJLk=,/iwNRgWg5onkIxRohI3Gu49MxJA=
-24,25,kz90w7PFFvw+qxVGyNOBy21wJLk=,/iwNRgWg5onkIxRohI3Gu49MxJA=
-23,28,kz90w7PFFvw+qxVGyNOBy21wJLk=,/iwNRgWg5onkIxRohI3Gu49MxJA=
-18,31,kz90w7PFFvw+qxVGyNOBy21wJLk=,/iwNRgWg5onkIxRohI3Gu49MxJA=
-17,31,kz90w7PFFvw+qxVGyNOBy21wJLk=,/iwNRgWg5onkIxRohI3Gu49MxJA=
-21,30,kz90w7PFFvw+qxVGyNOBy21wJLk=,/iwNRgWg5onkIxRohI3Gu49MxJA=
-20,30,kz90w7PFFvw+qxVGyNOBy21wJLk=,/iwNRgWg5onkIxRohI3Gu49MxJA=
-23,25,kz90w7PFFvw+qxVGyNOBy21wJLk=,/iwNRgWg5onkIxRohI3Gu49MxJA=
-22,25,kz90w7PFFvw+qxVGyNOBy21wJLk=,/iwNRgWg5onkIxRohI3Gu49MxJA=
-21,25,kz90w7PFFvw+qxVGyNOBy21wJLk=,/iwNRgWg5onkIxRohI3Gu49MxJA=
-20,25,kz90w7PFFvw+qxVGyNOBy21wJLk=,/iwNRgWg5onkIxRohI3Gu49MxJA=
-19,31,kz90w7PFFvw+qxVGyNOBy21wJLk=,/iwNRgWg5onkIxRohI3Gu49MxJA=
-21,31,kz90w7PFFvw+qxVGyNOBy21wJLk=,/iwNRgWg5onkIxRohI3Gu49MxJA=
-22,31,kz90w7PFFvw+qxVGyNOBy21wJLk=,/iwNRgWg5onkIxRohI3Gu49MxJA=
-23,31,kz90w7PFFvw+qxVGyNOBy21wJLk=,/iwNRgWg5onkIxRohI3Gu49MxJA=
-24,31,kz90w7PFFvw+qxVGyNOBy21wJLk=,/iwNRgWg5onkIxRohI3Gu49MxJA=
-20,31,kz90w7PFFvw+qxVGyNOBy21wJLk=,/iwNRgWg5onkIxRohI3Gu49MxJA=
-19,27,kz90w7PFFvw+qxVGyNOBy21wJLk=,/iwNRgWg5onkIxRohI3Gu49MxJA=
-20,27,kz90w7PFFvw+qxVGyNOBy21wJLk=,/iwNRgWg5onkIxRohI3Gu49MxJA=
-25,29,kz90w7PFFvw+qxVGyNOBy21wJLk=,+aJxsUhYxQzAbDRWHCwsjhRGi5o=
-17,30,kz90w7PFFvw+qxVGyNOBy21wJLk=,/iwNRgWg5onkIxRohI3Gu49MxJA=
-19,25,kz90w7PFFvw+qxVGyNOBy21wJLk=,/iwNRgWg5onkIxRohI3Gu49MxJA=
-21,27,kz90w7PFFvw+qxVGyNOBy21wJLk=,/iwNRgWg5onkIxRohI3Gu49MxJA=
-22,27,kz90w7PFFvw+qxVGyNOBy21wJLk=,/iwNRgWg5onkIxRohI3Gu49MxJA=
-23,27,kz90w7PFFvw+qxVGyNOBy21wJLk=,/iwNRgWg5onkIxRohI3Gu49MxJA=
-24,27,kz90w7PFFvw+qxVGyNOBy21wJLk=,/iwNRgWg5onkIxRohI3Gu49MxJA=
-17,26,kz90w7PFFvw+qxVGyNOBy21wJLk=,/iwNRgWg5onkIxRohI3Gu49MxJA=
-18,26,kz90w7PFFvw+qxVGyNOBy21wJLk=,/iwNRgWg5onkIxRohI3Gu49MxJA=
-19,26,kz90w7PFFvw+qxVGyNOBy21wJLk=,/iwNRgWg5onkIxRohI3Gu49MxJA=
-20,26,kz90w7PFFvw+qxVGyNOBy21wJLk=,/iwNRgWg5onkIxRohI3Gu49MxJA=
-21,26,kz90w7PFFvw+qxVGyNOBy21wJLk=,/iwNRgWg5onkIxRohI3Gu49MxJA=
-22,26,kz90w7PFFvw+qxVGyNOBy21wJLk=,/iwNRgWg5onkIxRohI3Gu49MxJA=
-18,25,kz90w7PFFvw+qxVGyNOBy21wJLk=,/iwNRgWg5onkIxRohI3Gu49MxJA=
-25,24,kz90w7PFFvw+qxVGyNOBy21wJLk=,+aJxsUhYxQzAbDRWHCwsjhRGi5o=
-17,25,kz90w7PFFvw+qxVGyNOBy21wJLk=,/iwNRgWg5onkIxRohI3Gu49MxJA=
-24,26,kz90w7PFFvw+qxVGyNOBy21wJLk=,/iwNRgWg5onkIxRohI3Gu49MxJA=
-23,26,kz90w7PFFvw+qxVGyNOBy21wJLk=,/iwNRgWg5onkIxRohI3Gu49MxJA=
-18,30,kz90w7PFFvw+qxVGyNOBy21wJLk=,/iwNRgWg5onkIxRohI3Gu49MxJA=
-19,30,kz90w7PFFvw+qxVGyNOBy21wJLk=,/iwNRgWg5onkIxRohI3Gu49MxJA=
-12,23,dMi8hxdC+PwmZvgHGgY3R7sOC6U=,KFqPVQTMRCcZU5p3D03WWly0oKM=
-10,20,z6pbpAvTN5cwhvN2MABdMTc/5RI=,KFqPVQTMRCcZU5p3D03WWly0oKM=
-13,23,8IX+apRINU+ngbbh5DtQVeENFFo=,KFqPVQTMRCcZU5p3D03WWly0oKM=
-12,16,8IX+apRINU+ngbbh5DtQVeENFFo=,KFqPVQTMRCcZU5p3D03WWly0oKM=
-16,18,8IX+apRINU+ngbbh5DtQVeENFFo=,KFqPVQTMRCcZU5p3D03WWly0oKM=
-11,20,8IX+apRINU+ngbbh5DtQVeENFFo=,KFqPVQTMRCcZU5p3D03WWly0oKM=
-14,23,8IX+apRINU+ngbbh5DtQVeENFFo=,KFqPVQTMRCcZU5p3D03WWly0oKM=
-10,17,8IX+apRINU+ngbbh5DtQVeENFFo=,KFqPVQTMRCcZU5p3D03WWly0oKM=
-12,21,8IX+apRINU+ngbbh5DtQVeENFFo=,KFqPVQTMRCcZU5p3D03WWly0oKM=
-13,21,8IX+apRINU+ngbbh5DtQVeENFFo=,KFqPVQTMRCcZU5p3D03WWly0oKM=
-15,23,8IX+apRINU+ngbbh5DtQVeENFFo=,KFqPVQTMRCcZU5p3D03WWly0oKM=
-12,20,8IX+apRINU+ngbbh5DtQVeENFFo=,KFqPVQTMRCcZU5p3D03WWly0oKM=
-11,17,8IX+apRINU+ngbbh5DtQVeENFFo=,KFqPVQTMRCcZU5p3D03WWly0oKM=
-12,17,8IX+apRINU+ngbbh5DtQVeENFFo=,KFqPVQTMRCcZU5p3D03WWly0oKM=
-14,21,8IX+apRINU+ngbbh5DtQVeENFFo=,KFqPVQTMRCcZU5p3D03WWly0oKM=
-13,17,8IX+apRINU+ngbbh5DtQVeENFFo=,KFqPVQTMRCcZU5p3D03WWly0oKM=
-13,20,8IX+apRINU+ngbbh5DtQVeENFFo=,KFqPVQTMRCcZU5p3D03WWly0oKM=
-16,23,8IX+apRINU+ngbbh5DtQVeENFFo=,KFqPVQTMRCcZU5p3D03WWly0oKM=
-13,16,8IX+apRINU+ngbbh5DtQVeENFFo=,KFqPVQTMRCcZU5p3D03WWly0oKM=
-14,20,8IX+apRINU+ngbbh5DtQVeENFFo=,KFqPVQTMRCcZU5p3D03WWly0oKM=
-15,21,8IX+apRINU+ngbbh5DtQVeENFFo=,KFqPVQTMRCcZU5p3D03WWly0oKM=
-14,16,8IX+apRINU+ngbbh5DtQVeENFFo=,KFqPVQTMRCcZU5p3D03WWly0oKM=
-10,19,8IX+apRINU+ngbbh5DtQVeENFFo=,KFqPVQTMRCcZU5p3D03WWly0oKM=
-11,19,8IX+apRINU+ngbbh5DtQVeENFFo=,KFqPVQTMRCcZU5p3D03WWly0oKM=
-12,19,8IX+apRINU+ngbbh5DtQVeENFFo=,KFqPVQTMRCcZU5p3D03WWly0oKM=
-13,19,8IX+apRINU+ngbbh5DtQVeENFFo=,KFqPVQTMRCcZU5p3D03WWly0oKM=
-14,19,8IX+apRINU+ngbbh5DtQVeENFFo=,KFqPVQTMRCcZU5p3D03WWly0oKM=
-15,19,8IX+apRINU+ngbbh5DtQVeENFFo=,KFqPVQTMRCcZU5p3D03WWly0oKM=
-10,22,8IX+apRINU+ngbbh5DtQVeENFFo=,KFqPVQTMRCcZU5p3D03WWly0oKM=
-16,19,8IX+apRINU+ngbbh5DtQVeENFFo=,KFqPVQTMRCcZU5p3D03WWly0oKM=
-11,22,8IX+apRINU+ngbbh5DtQVeENFFo=,KFqPVQTMRCcZU5p3D03WWly0oKM=
-14,17,8IX+apRINU+ngbbh5DtQVeENFFo=,KFqPVQTMRCcZU5p3D03WWly0oKM=
-12,22,8IX+apRINU+ngbbh5DtQVeENFFo=,KFqPVQTMRCcZU5p3D03WWly0oKM=
-15,20,8IX+apRINU+ngbbh5DtQVeENFFo=,KFqPVQTMRCcZU5p3D03WWly0oKM=
-13,22,8IX+apRINU+ngbbh5DtQVeENFFo=,KFqPVQTMRCcZU5p3D03WWly0oKM=
-14,22,8IX+apRINU+ngbbh5DtQVeENFFo=,KFqPVQTMRCcZU5p3D03WWly0oKM=
-15,22,8IX+apRINU+ngbbh5DtQVeENFFo=,KFqPVQTMRCcZU5p3D03WWly0oKM=
-16,22,8IX+apRINU+ngbbh5DtQVeENFFo=,KFqPVQTMRCcZU5p3D03WWly0oKM=
-16,20,8IX+apRINU+ngbbh5DtQVeENFFo=,KFqPVQTMRCcZU5p3D03WWly0oKM=
-10,21,8IX+apRINU+ngbbh5DtQVeENFFo=,KFqPVQTMRCcZU5p3D03WWly0oKM=
-16,21,8IX+apRINU+ngbbh5DtQVeENFFo=,KFqPVQTMRCcZU5p3D03WWly0oKM=
-15,16,8IX+apRINU+ngbbh5DtQVeENFFo=,KFqPVQTMRCcZU5p3D03WWly0oKM=
-15,17,8IX+apRINU+ngbbh5DtQVeENFFo=,KFqPVQTMRCcZU5p3D03WWly0oKM=
-10,18,8IX+apRINU+ngbbh5DtQVeENFFo=,KFqPVQTMRCcZU5p3D03WWly0oKM=
-16,17,8IX+apRINU+ngbbh5DtQVeENFFo=,KFqPVQTMRCcZU5p3D03WWly0oKM=
-11,18,8IX+apRINU+ngbbh5DtQVeENFFo=,KFqPVQTMRCcZU5p3D03WWly0oKM=
-11,21,8IX+apRINU+ngbbh5DtQVeENFFo=,KFqPVQTMRCcZU5p3D03WWly0oKM=
-13,18,8IX+apRINU+ngbbh5DtQVeENFFo=,KFqPVQTMRCcZU5p3D03WWly0oKM=
-14,18,8IX+apRINU+ngbbh5DtQVeENFFo=,KFqPVQTMRCcZU5p3D03WWly0oKM=
-15,18,8IX+apRINU+ngbbh5DtQVeENFFo=,KFqPVQTMRCcZU5p3D03WWly0oKM=
-16,16,8IX+apRINU+ngbbh5DtQVeENFFo=,KFqPVQTMRCcZU5p3D03WWly0oKM=
-10,16,8IX+apRINU+ngbbh5DtQVeENFFo=,KFqPVQTMRCcZU5p3D03WWly0oKM=
-12,18,8IX+apRINU+ngbbh5DtQVeENFFo=,KFqPVQTMRCcZU5p3D03WWly0oKM=
-10,23,8IX+apRINU+ngbbh5DtQVeENFFo=,KFqPVQTMRCcZU5p3D03WWly0oKM=
-11,23,8IX+apRINU+ngbbh5DtQVeENFFo=,KFqPVQTMRCcZU5p3D03WWly0oKM=
-11,16,8IX+apRINU+ngbbh5DtQVeENFFo=,KFqPVQTMRCcZU5p3D03WWly0oKM=
-4,29,8IX+apRINU+ngbbh5DtQVeENFFo=,mhLhOdZ9+Nc4a/FfVJfaiAmMuOA=
-3,29,8IX+apRINU+ngbbh5DtQVeENFFo=,mhLhOdZ9+Nc4a/FfVJfaiAmMuOA=
-2,29,8IX+apRINU+ngbbh5DtQVeENFFo=,mhLhOdZ9+Nc4a/FfVJfaiAmMuOA=
-1,29,8IX+apRINU+ngbbh5DtQVeENFFo=,mhLhOdZ9+Nc4a/FfVJfaiAmMuOA=
-5,29,8IX+apRINU+ngbbh5DtQVeENFFo=,mhLhOdZ9+Nc4a/FfVJfaiAmMuOA=
-8,30,8IX+apRINU+ngbbh5DtQVeENFFo=,mhLhOdZ9+Nc4a/FfVJfaiAmMuOA=
-7,30,8IX+apRINU+ngbbh5DtQVeENFFo=,mhLhOdZ9+Nc4a/FfVJfaiAmMuOA=
-8,25,8IX+apRINU+ngbbh5DtQVeENFFo=,mhLhOdZ9+Nc4a/FfVJfaiAmMuOA=
-7,29,8IX+apRINU+ngbbh5DtQVeENFFo=,mhLhOdZ9+Nc4a/FfVJfaiAmMuOA=
-7,25,8IX+apRINU+ngbbh5DtQVeENFFo=,mhLhOdZ9+Nc4a/FfVJfaiAmMuOA=
-6,29,8IX+apRINU+ngbbh5DtQVeENFFo=,mhLhOdZ9+Nc4a/FfVJfaiAmMuOA=
-8,29,8IX+apRINU+ngbbh5DtQVeENFFo=,mhLhOdZ9+Nc4a/FfVJfaiAmMuOA=
-6,25,8IX+apRINU+ngbbh5DtQVeENFFo=,mhLhOdZ9+Nc4a/FfVJfaiAmMuOA=
-1,28,8IX+apRINU+ngbbh5DtQVeENFFo=,mhLhOdZ9+Nc4a/FfVJfaiAmMuOA=
-2,28,8IX+apRINU+ngbbh5DtQVeENFFo=,mhLhOdZ9+Nc4a/FfVJfaiAmMuOA=
-3,28,8IX+apRINU+ngbbh5DtQVeENFFo=,mhLhOdZ9+Nc4a/FfVJfaiAmMuOA=
-5,25,8IX+apRINU+ngbbh5DtQVeENFFo=,mhLhOdZ9+Nc4a/FfVJfaiAmMuOA=
-2,25,8IX+apRINU+ngbbh5DtQVeENFFo=,mhLhOdZ9+Nc4a/FfVJfaiAmMuOA=
-3,25,8IX+apRINU+ngbbh5DtQVeENFFo=,mhLhOdZ9+Nc4a/FfVJfaiAmMuOA=
-4,28,8IX+apRINU+ngbbh5DtQVeENFFo=,mhLhOdZ9+Nc4a/FfVJfaiAmMuOA=
-1,25,8IX+apRINU+ngbbh5DtQVeENFFo=,mhLhOdZ9+Nc4a/FfVJfaiAmMuOA=
-6,30,8IX+apRINU+ngbbh5DtQVeENFFo=,mhLhOdZ9+Nc4a/FfVJfaiAmMuOA=
-5,28,8IX+apRINU+ngbbh5DtQVeENFFo=,mhLhOdZ9+Nc4a/FfVJfaiAmMuOA=
-7,28,8IX+apRINU+ngbbh5DtQVeENFFo=,mhLhOdZ9+Nc4a/FfVJfaiAmMuOA=
-8,28,8IX+apRINU+ngbbh5DtQVeENFFo=,mhLhOdZ9+Nc4a/FfVJfaiAmMuOA=
-1,27,8IX+apRINU+ngbbh5DtQVeENFFo=,mhLhOdZ9+Nc4a/FfVJfaiAmMuOA=
-2,27,8IX+apRINU+ngbbh5DtQVeENFFo=,mhLhOdZ9+Nc4a/FfVJfaiAmMuOA=
-3,27,8IX+apRINU+ngbbh5DtQVeENFFo=,mhLhOdZ9+Nc4a/FfVJfaiAmMuOA=
-6,28,8IX+apRINU+ngbbh5DtQVeENFFo=,mhLhOdZ9+Nc4a/FfVJfaiAmMuOA=
-4,27,8IX+apRINU+ngbbh5DtQVeENFFo=,mhLhOdZ9+Nc4a/FfVJfaiAmMuOA=
-5,30,8IX+apRINU+ngbbh5DtQVeENFFo=,mhLhOdZ9+Nc4a/FfVJfaiAmMuOA=
-4,30,8IX+apRINU+ngbbh5DtQVeENFFo=,mhLhOdZ9+Nc4a/FfVJfaiAmMuOA=
-4,25,8IX+apRINU+ngbbh5DtQVeENFFo=,mhLhOdZ9+Nc4a/FfVJfaiAmMuOA=
-8,26,8IX+apRINU+ngbbh5DtQVeENFFo=,mhLhOdZ9+Nc4a/FfVJfaiAmMuOA=
-7,26,8IX+apRINU+ngbbh5DtQVeENFFo=,mhLhOdZ9+Nc4a/FfVJfaiAmMuOA=
-3,30,8IX+apRINU+ngbbh5DtQVeENFFo=,mhLhOdZ9+Nc4a/FfVJfaiAmMuOA=
-2,30,8IX+apRINU+ngbbh5DtQVeENFFo=,mhLhOdZ9+Nc4a/FfVJfaiAmMuOA=
-1,30,8IX+apRINU+ngbbh5DtQVeENFFo=,mhLhOdZ9+Nc4a/FfVJfaiAmMuOA=
-5,27,8IX+apRINU+ngbbh5DtQVeENFFo=,mhLhOdZ9+Nc4a/FfVJfaiAmMuOA=
-6,26,8IX+apRINU+ngbbh5DtQVeENFFo=,mhLhOdZ9+Nc4a/FfVJfaiAmMuOA=
-8,31,8IX+apRINU+ngbbh5DtQVeENFFo=,mhLhOdZ9+Nc4a/FfVJfaiAmMuOA=
-7,31,8IX+apRINU+ngbbh5DtQVeENFFo=,mhLhOdZ9+Nc4a/FfVJfaiAmMuOA=
-6,27,8IX+apRINU+ngbbh5DtQVeENFFo=,mhLhOdZ9+Nc4a/FfVJfaiAmMuOA=
-7,27,8IX+apRINU+ngbbh5DtQVeENFFo=,mhLhOdZ9+Nc4a/FfVJfaiAmMuOA=
-1,31,8IX+apRINU+ngbbh5DtQVeENFFo=,mhLhOdZ9+Nc4a/FfVJfaiAmMuOA=
-2,31,8IX+apRINU+ngbbh5DtQVeENFFo=,mhLhOdZ9+Nc4a/FfVJfaiAmMuOA=
-3,31,8IX+apRINU+ngbbh5DtQVeENFFo=,mhLhOdZ9+Nc4a/FfVJfaiAmMuOA=
-4,31,8IX+apRINU+ngbbh5DtQVeENFFo=,mhLhOdZ9+Nc4a/FfVJfaiAmMuOA=
-5,31,8IX+apRINU+ngbbh5DtQVeENFFo=,mhLhOdZ9+Nc4a/FfVJfaiAmMuOA=
-8,27,8IX+apRINU+ngbbh5DtQVeENFFo=,mhLhOdZ9+Nc4a/FfVJfaiAmMuOA=
-1,26,8IX+apRINU+ngbbh5DtQVeENFFo=,mhLhOdZ9+Nc4a/FfVJfaiAmMuOA=
-2,26,8IX+apRINU+ngbbh5DtQVeENFFo=,mhLhOdZ9+Nc4a/FfVJfaiAmMuOA=
-3,26,8IX+apRINU+ngbbh5DtQVeENFFo=,mhLhOdZ9+Nc4a/FfVJfaiAmMuOA=
-4,26,8IX+apRINU+ngbbh5DtQVeENFFo=,mhLhOdZ9+Nc4a/FfVJfaiAmMuOA=
-6,31,8IX+apRINU+ngbbh5DtQVeENFFo=,mhLhOdZ9+Nc4a/FfVJfaiAmMuOA=
-1,23,8IX+apRINU+ngbbh5DtQVeENFFo=,Jy7hfpBu+OujGYdXP+ZsM1AV3uU=
-5,26,8IX+apRINU+ngbbh5DtQVeENFFo=,mhLhOdZ9+Nc4a/FfVJfaiAmMuOA=
-5,19,8IX+apRINU+ngbbh5DtQVeENFFo=,Jy7hfpBu+OujGYdXP+ZsM1AV3uU=
-6,19,8IX+apRINU+ngbbh5DtQVeENFFo=,Jy7hfpBu+OujGYdXP+ZsM1AV3uU=
-8,19,8IX+apRINU+ngbbh5DtQVeENFFo=,Jy7hfpBu+OujGYdXP+ZsM1AV3uU=
-1,18,8IX+apRINU+ngbbh5DtQVeENFFo=,Jy7hfpBu+OujGYdXP+ZsM1AV3uU=
-2,23,8IX+apRINU+ngbbh5DtQVeENFFo=,Jy7hfpBu+OujGYdXP+ZsM1AV3uU=
-4,19,8IX+apRINU+ngbbh5DtQVeENFFo=,Jy7hfpBu+OujGYdXP+ZsM1AV3uU=
-3,23,8IX+apRINU+ngbbh5DtQVeENFFo=,Jy7hfpBu+OujGYdXP+ZsM1AV3uU=
-2,18,8IX+apRINU+ngbbh5DtQVeENFFo=,Jy7hfpBu+OujGYdXP+ZsM1AV3uU=
-9,17,8IX+apRINU+ngbbh5DtQVeENFFo=,KFqPVQTMRCcZU5p3D03WWly0oKM=
-3,19,8IX+apRINU+ngbbh5DtQVeENFFo=,Jy7hfpBu+OujGYdXP+ZsM1AV3uU=
-9,23,8IX+apRINU+ngbbh5DtQVeENFFo=,KFqPVQTMRCcZU5p3D03WWly0oKM=
-8,24,8IX+apRINU+ngbbh5DtQVeENFFo=,mhLhOdZ9+Nc4a/FfVJfaiAmMuOA=
-7,24,8IX+apRINU+ngbbh5DtQVeENFFo=,mhLhOdZ9+Nc4a/FfVJfaiAmMuOA=
-3,18,8IX+apRINU+ngbbh5DtQVeENFFo=,Jy7hfpBu+OujGYdXP+ZsM1AV3uU=
-9,16,8IX+apRINU+ngbbh5DtQVeENFFo=,KFqPVQTMRCcZU5p3D03WWly0oKM=
-7,19,8IX+apRINU+ngbbh5DtQVeENFFo=,Jy7hfpBu+OujGYdXP+ZsM1AV3uU=
-4,18,8IX+apRINU+ngbbh5DtQVeENFFo=,Jy7hfpBu+OujGYdXP+ZsM1AV3uU=
-6,24,8IX+apRINU+ngbbh5DtQVeENFFo=,mhLhOdZ9+Nc4a/FfVJfaiAmMuOA=
-2,19,8IX+apRINU+ngbbh5DtQVeENFFo=,Jy7hfpBu+OujGYdXP+ZsM1AV3uU=
-5,18,8IX+apRINU+ngbbh5DtQVeENFFo=,Jy7hfpBu+OujGYdXP+ZsM1AV3uU=
-9,19,8IX+apRINU+ngbbh5DtQVeENFFo=,KFqPVQTMRCcZU5p3D03WWly0oKM=
-9,20,8IX+apRINU+ngbbh5DtQVeENFFo=,KFqPVQTMRCcZU5p3D03WWly0oKM=
-7,18,8IX+apRINU+ngbbh5DtQVeENFFo=,Jy7hfpBu+OujGYdXP+ZsM1AV3uU=
-8,18,8IX+apRINU+ngbbh5DtQVeENFFo=,Jy7hfpBu+OujGYdXP+ZsM1AV3uU=
-1,17,8IX+apRINU+ngbbh5DtQVeENFFo=,Jy7hfpBu+OujGYdXP+ZsM1AV3uU=
-6,18,8IX+apRINU+ngbbh5DtQVeENFFo=,Jy7hfpBu+OujGYdXP+ZsM1AV3uU=
-2,17,8IX+apRINU+ngbbh5DtQVeENFFo=,Jy7hfpBu+OujGYdXP+ZsM1AV3uU=
-5,24,8IX+apRINU+ngbbh5DtQVeENFFo=,mhLhOdZ9+Nc4a/FfVJfaiAmMuOA=
-3,17,8IX+apRINU+ngbbh5DtQVeENFFo=,Jy7hfpBu+OujGYdXP+ZsM1AV3uU=
-4,23,8IX+apRINU+ngbbh5DtQVeENFFo=,Jy7hfpBu+OujGYdXP+ZsM1AV3uU=
-4,24,8IX+apRINU+ngbbh5DtQVeENFFo=,mhLhOdZ9+Nc4a/FfVJfaiAmMuOA=
-3,24,8IX+apRINU+ngbbh5DtQVeENFFo=,mhLhOdZ9+Nc4a/FfVJfaiAmMuOA=
-2,24,8IX+apRINU+ngbbh5DtQVeENFFo=,mhLhOdZ9+Nc4a/FfVJfaiAmMuOA=
-1,24,8IX+apRINU+ngbbh5DtQVeENFFo=,mhLhOdZ9+Nc4a/FfVJfaiAmMuOA=
-1,19,8IX+apRINU+ngbbh5DtQVeENFFo=,Jy7hfpBu+OujGYdXP+ZsM1AV3uU=
-8,20,8IX+apRINU+ngbbh5DtQVeENFFo=,Jy7hfpBu+OujGYdXP+ZsM1AV3uU=
-5,23,8IX+apRINU+ngbbh5DtQVeENFFo=,Jy7hfpBu+OujGYdXP+ZsM1AV3uU=
-7,23,8IX+apRINU+ngbbh5DtQVeENFFo=,Jy7hfpBu+OujGYdXP+ZsM1AV3uU=
-8,23,8IX+apRINU+ngbbh5DtQVeENFFo=,Jy7hfpBu+OujGYdXP+ZsM1AV3uU=
-6,23,8IX+apRINU+ngbbh5DtQVeENFFo=,Jy7hfpBu+OujGYdXP+ZsM1AV3uU=
-1,22,8IX+apRINU+ngbbh5DtQVeENFFo=,Jy7hfpBu+OujGYdXP+ZsM1AV3uU=
-2,22,8IX+apRINU+ngbbh5DtQVeENFFo=,Jy7hfpBu+OujGYdXP+ZsM1AV3uU=
-3,22,8IX+apRINU+ngbbh5DtQVeENFFo=,Jy7hfpBu+OujGYdXP+ZsM1AV3uU=
-7,20,8IX+apRINU+ngbbh5DtQVeENFFo=,Jy7hfpBu+OujGYdXP+ZsM1AV3uU=
-4,17,8IX+apRINU+ngbbh5DtQVeENFFo=,Jy7hfpBu+OujGYdXP+ZsM1AV3uU=
-4,22,8IX+apRINU+ngbbh5DtQVeENFFo=,Jy7hfpBu+OujGYdXP+ZsM1AV3uU=
-6,20,8IX+apRINU+ngbbh5DtQVeENFFo=,Jy7hfpBu+OujGYdXP+ZsM1AV3uU=
-5,22,8IX+apRINU+ngbbh5DtQVeENFFo=,Jy7hfpBu+OujGYdXP+ZsM1AV3uU=
-6,22,8IX+apRINU+ngbbh5DtQVeENFFo=,Jy7hfpBu+OujGYdXP+ZsM1AV3uU=
-5,20,8IX+apRINU+ngbbh5DtQVeENFFo=,Jy7hfpBu+OujGYdXP+ZsM1AV3uU=
-5,17,8IX+apRINU+ngbbh5DtQVeENFFo=,Jy7hfpBu+OujGYdXP+ZsM1AV3uU=
-4,20,8IX+apRINU+ngbbh5DtQVeENFFo=,Jy7hfpBu+OujGYdXP+ZsM1AV3uU=
-9,21,8IX+apRINU+ngbbh5DtQVeENFFo=,KFqPVQTMRCcZU5p3D03WWly0oKM=
-3,20,8IX+apRINU+ngbbh5DtQVeENFFo=,Jy7hfpBu+OujGYdXP+ZsM1AV3uU=
-6,17,8IX+apRINU+ngbbh5DtQVeENFFo=,Jy7hfpBu+OujGYdXP+ZsM1AV3uU=
-2,20,8IX+apRINU+ngbbh5DtQVeENFFo=,Jy7hfpBu+OujGYdXP+ZsM1AV3uU=
-1,20,8IX+apRINU+ngbbh5DtQVeENFFo=,Jy7hfpBu+OujGYdXP+ZsM1AV3uU=
-9,18,8IX+apRINU+ngbbh5DtQVeENFFo=,KFqPVQTMRCcZU5p3D03WWly0oKM=
-8,21,8IX+apRINU+ngbbh5DtQVeENFFo=,Jy7hfpBu+OujGYdXP+ZsM1AV3uU=
-7,17,8IX+apRINU+ngbbh5DtQVeENFFo=,Jy7hfpBu+OujGYdXP+ZsM1AV3uU=
-8,17,8IX+apRINU+ngbbh5DtQVeENFFo=,Jy7hfpBu+OujGYdXP+ZsM1AV3uU=
-7,22,8IX+apRINU+ngbbh5DtQVeENFFo=,Jy7hfpBu+OujGYdXP+ZsM1AV3uU=
-1,21,8IX+apRINU+ngbbh5DtQVeENFFo=,Jy7hfpBu+OujGYdXP+ZsM1AV3uU=
-1,16,8IX+apRINU+ngbbh5DtQVeENFFo=,Jy7hfpBu+OujGYdXP+ZsM1AV3uU=
-2,21,8IX+apRINU+ngbbh5DtQVeENFFo=,Jy7hfpBu+OujGYdXP+ZsM1AV3uU=
-8,22,8IX+apRINU+ngbbh5DtQVeENFFo=,Jy7hfpBu+OujGYdXP+ZsM1AV3uU=
-3,21,8IX+apRINU+ngbbh5DtQVeENFFo=,Jy7hfpBu+OujGYdXP+ZsM1AV3uU=
-2,16,8IX+apRINU+ngbbh5DtQVeENFFo=,Jy7hfpBu+OujGYdXP+ZsM1AV3uU=
-3,16,8IX+apRINU+ngbbh5DtQVeENFFo=,Jy7hfpBu+OujGYdXP+ZsM1AV3uU=
-5,16,8IX+apRINU+ngbbh5DtQVeENFFo=,Jy7hfpBu+OujGYdXP+ZsM1AV3uU=
-5,21,8IX+apRINU+ngbbh5DtQVeENFFo=,Jy7hfpBu+OujGYdXP+ZsM1AV3uU=
-6,16,8IX+apRINU+ngbbh5DtQVeENFFo=,Jy7hfpBu+OujGYdXP+ZsM1AV3uU=
-9,22,8IX+apRINU+ngbbh5DtQVeENFFo=,KFqPVQTMRCcZU5p3D03WWly0oKM=
-8,16,8IX+apRINU+ngbbh5DtQVeENFFo=,Jy7hfpBu+OujGYdXP+ZsM1AV3uU=
-7,16,8IX+apRINU+ngbbh5DtQVeENFFo=,Jy7hfpBu+OujGYdXP+ZsM1AV3uU=
-7,21,8IX+apRINU+ngbbh5DtQVeENFFo=,Jy7hfpBu+OujGYdXP+ZsM1AV3uU=
-6,21,8IX+apRINU+ngbbh5DtQVeENFFo=,Jy7hfpBu+OujGYdXP+ZsM1AV3uU=
-4,21,8IX+apRINU+ngbbh5DtQVeENFFo=,Jy7hfpBu+OujGYdXP+ZsM1AV3uU=
-4,16,8IX+apRINU+ngbbh5DtQVeENFFo=,Jy7hfpBu+OujGYdXP+ZsM1AV3uU=
-4,11,b5KC0HTcnzNWu+Nac0eYfYkYFN8=,8ko/xKgKn0nyNXuczm85qlzleqQ=
-5,11,3K3X9D/Q6fKzrLJRQbDJA/66QMM=,8ko/xKgKn0nyNXuczm85qlzleqQ=
-6,11,3K3X9D/Q6fKzrLJRQbDJA/66QMM=,8ko/xKgKn0nyNXuczm85qlzleqQ=
-7,11,yU+FZqL00DtGGDCBBLKfbtMK/iY=,8ko/xKgKn0nyNXuczm85qlzleqQ=
-2,10,fhFsTho1FUDGrKk2WqGPbHjffLk=,8ko/xKgKn0nyNXuczm85qlzleqQ=
-3,10,fhFsTho1FUDGrKk2WqGPbHjffLk=,8ko/xKgKn0nyNXuczm85qlzleqQ=
-4,10,fhFsTho1FUDGrKk2WqGPbHjffLk=,8ko/xKgKn0nyNXuczm85qlzleqQ=
-5,10,FUyTj29Cx3CB+J0ln3ix6a6RH9Y=,8ko/xKgKn0nyNXuczm85qlzleqQ=
-6,10,FUyTj29Cx3CB+J0ln3ix6a6RH9Y=,8ko/xKgKn0nyNXuczm85qlzleqQ=
-7,10,FUyTj29Cx3CB+J0ln3ix6a6RH9Y=,8ko/xKgKn0nyNXuczm85qlzleqQ=
-3,9,FUyTj29Cx3CB+J0ln3ix6a6RH9Y=,8ko/xKgKn0nyNXuczm85qlzleqQ=
-2,9,FUyTj29Cx3CB+J0ln3ix6a6RH9Y=,8ko/xKgKn0nyNXuczm85qlzleqQ=
-4,9,FUyTj29Cx3CB+J0ln3ix6a6RH9Y=,8ko/xKgKn0nyNXuczm85qlzleqQ=
-5,9,FUyTj29Cx3CB+J0ln3ix6a6RH9Y=,8ko/xKgKn0nyNXuczm85qlzleqQ=
-2,14,FUyTj29Cx3CB+J0ln3ix6a6RH9Y=,8ko/xKgKn0nyNXuczm85qlzleqQ=
-6,9,FUyTj29Cx3CB+J0ln3ix6a6RH9Y=,8ko/xKgKn0nyNXuczm85qlzleqQ=
-3,14,FUyTj29Cx3CB+J0ln3ix6a6RH9Y=,8ko/xKgKn0nyNXuczm85qlzleqQ=
-7,9,FUyTj29Cx3CB+J0ln3ix6a6RH9Y=,8ko/xKgKn0nyNXuczm85qlzleqQ=
-4,14,FUyTj29Cx3CB+J0ln3ix6a6RH9Y=,8ko/xKgKn0nyNXuczm85qlzleqQ=
-5,14,FUyTj29Cx3CB+J0ln3ix6a6RH9Y=,8ko/xKgKn0nyNXuczm85qlzleqQ=
-6,14,FUyTj29Cx3CB+J0ln3ix6a6RH9Y=,8ko/xKgKn0nyNXuczm85qlzleqQ=
-2,13,FUyTj29Cx3CB+J0ln3ix6a6RH9Y=,8ko/xKgKn0nyNXuczm85qlzleqQ=
-7,14,FUyTj29Cx3CB+J0ln3ix6a6RH9Y=,8ko/xKgKn0nyNXuczm85qlzleqQ=
-3,13,FUyTj29Cx3CB+J0ln3ix6a6RH9Y=,8ko/xKgKn0nyNXuczm85qlzleqQ=
-4,13,FUyTj29Cx3CB+J0ln3ix6a6RH9Y=,8ko/xKgKn0nyNXuczm85qlzleqQ=
-5,13,FUyTj29Cx3CB+J0ln3ix6a6RH9Y=,8ko/xKgKn0nyNXuczm85qlzleqQ=
-6,13,FUyTj29Cx3CB+J0ln3ix6a6RH9Y=,8ko/xKgKn0nyNXuczm85qlzleqQ=
-7,13,FUyTj29Cx3CB+J0ln3ix6a6RH9Y=,8ko/xKgKn0nyNXuczm85qlzleqQ=
-2,12,FUyTj29Cx3CB+J0ln3ix6a6RH9Y=,8ko/xKgKn0nyNXuczm85qlzleqQ=
-3,12,FUyTj29Cx3CB+J0ln3ix6a6RH9Y=,8ko/xKgKn0nyNXuczm85qlzleqQ=
-7,12,FUyTj29Cx3CB+J0ln3ix6a6RH9Y=,8ko/xKgKn0nyNXuczm85qlzleqQ=
-2,11,FUyTj29Cx3CB+J0ln3ix6a6RH9Y=,8ko/xKgKn0nyNXuczm85qlzleqQ=
-3,11,FUyTj29Cx3CB+J0ln3ix6a6RH9Y=,8ko/xKgKn0nyNXuczm85qlzleqQ=
-6,12,FUyTj29Cx3CB+J0ln3ix6a6RH9Y=,8ko/xKgKn0nyNXuczm85qlzleqQ=
-5,12,FUyTj29Cx3CB+J0ln3ix6a6RH9Y=,8ko/xKgKn0nyNXuczm85qlzleqQ=
-4,12,FUyTj29Cx3CB+J0ln3ix6a6RH9Y=,8ko/xKgKn0nyNXuczm85qlzleqQ=
-12,13,FUyTj29Cx3CB+J0ln3ix6a6RH9Y=,8cnRVsOxBl0IaY8wVNdxU7tIqvs=
-11,13,FUyTj29Cx3CB+J0ln3ix6a6RH9Y=,8cnRVsOxBl0IaY8wVNdxU7tIqvs=
-10,13,FUyTj29Cx3CB+J0ln3ix6a6RH9Y=,8cnRVsOxBl0IaY8wVNdxU7tIqvs=
-9,13,FUyTj29Cx3CB+J0ln3ix6a6RH9Y=,8cnRVsOxBl0IaY8wVNdxU7tIqvs=
-8,12,FUyTj29Cx3CB+J0ln3ix6a6RH9Y=,8ko/xKgKn0nyNXuczm85qlzleqQ=
-15,14,FUyTj29Cx3CB+J0ln3ix6a6RH9Y=,8cnRVsOxBl0IaY8wVNdxU7tIqvs=
-14,14,FUyTj29Cx3CB+J0ln3ix6a6RH9Y=,8cnRVsOxBl0IaY8wVNdxU7tIqvs=
-13,14,FUyTj29Cx3CB+J0ln3ix6a6RH9Y=,8cnRVsOxBl0IaY8wVNdxU7tIqvs=
-15,9,FUyTj29Cx3CB+J0ln3ix6a6RH9Y=,8cnRVsOxBl0IaY8wVNdxU7tIqvs=
-12,14,FUyTj29Cx3CB+J0ln3ix6a6RH9Y=,8cnRVsOxBl0IaY8wVNdxU7tIqvs=
-8,11,FUyTj29Cx3CB+J0ln3ix6a6RH9Y=,8ko/xKgKn0nyNXuczm85qlzleqQ=
-14,9,FUyTj29Cx3CB+J0ln3ix6a6RH9Y=,8cnRVsOxBl0IaY8wVNdxU7tIqvs=
-13,13,FUyTj29Cx3CB+J0ln3ix6a6RH9Y=,8cnRVsOxBl0IaY8wVNdxU7tIqvs=
-13,9,FUyTj29Cx3CB+J0ln3ix6a6RH9Y=,8cnRVsOxBl0IaY8wVNdxU7tIqvs=
-14,13,FUyTj29Cx3CB+J0ln3ix6a6RH9Y=,8cnRVsOxBl0IaY8wVNdxU7tIqvs=
-11,14,FUyTj29Cx3CB+J0ln3ix6a6RH9Y=,8cnRVsOxBl0IaY8wVNdxU7tIqvs=
-12,9,FUyTj29Cx3CB+J0ln3ix6a6RH9Y=,8cnRVsOxBl0IaY8wVNdxU7tIqvs=
-15,13,FUyTj29Cx3CB+J0ln3ix6a6RH9Y=,8cnRVsOxBl0IaY8wVNdxU7tIqvs=
-9,12,FUyTj29Cx3CB+J0ln3ix6a6RH9Y=,8cnRVsOxBl0IaY8wVNdxU7tIqvs=
-10,12,FUyTj29Cx3CB+J0ln3ix6a6RH9Y=,8cnRVsOxBl0IaY8wVNdxU7tIqvs=
-11,9,FUyTj29Cx3CB+J0ln3ix6a6RH9Y=,8cnRVsOxBl0IaY8wVNdxU7tIqvs=
-10,9,FUyTj29Cx3CB+J0ln3ix6a6RH9Y=,8cnRVsOxBl0IaY8wVNdxU7tIqvs=
-9,9,FUyTj29Cx3CB+J0ln3ix6a6RH9Y=,8cnRVsOxBl0IaY8wVNdxU7tIqvs=
-10,14,FUyTj29Cx3CB+J0ln3ix6a6RH9Y=,8cnRVsOxBl0IaY8wVNdxU7tIqvs=
-11,12,FUyTj29Cx3CB+J0ln3ix6a6RH9Y=,8cnRVsOxBl0IaY8wVNdxU7tIqvs=
-8,10,FUyTj29Cx3CB+J0ln3ix6a6RH9Y=,8ko/xKgKn0nyNXuczm85qlzleqQ=
-15,10,FUyTj29Cx3CB+J0ln3ix6a6RH9Y=,8cnRVsOxBl0IaY8wVNdxU7tIqvs=
-9,14,FUyTj29Cx3CB+J0ln3ix6a6RH9Y=,8cnRVsOxBl0IaY8wVNdxU7tIqvs=
-12,12,FUyTj29Cx3CB+J0ln3ix6a6RH9Y=,8cnRVsOxBl0IaY8wVNdxU7tIqvs=
-14,10,FUyTj29Cx3CB+J0ln3ix6a6RH9Y=,8cnRVsOxBl0IaY8wVNdxU7tIqvs=
-13,10,FUyTj29Cx3CB+J0ln3ix6a6RH9Y=,8cnRVsOxBl0IaY8wVNdxU7tIqvs=
-8,13,FUyTj29Cx3CB+J0ln3ix6a6RH9Y=,8ko/xKgKn0nyNXuczm85qlzleqQ=
-12,10,FUyTj29Cx3CB+J0ln3ix6a6RH9Y=,8cnRVsOxBl0IaY8wVNdxU7tIqvs=
-11,10,FUyTj29Cx3CB+J0ln3ix6a6RH9Y=,8cnRVsOxBl0IaY8wVNdxU7tIqvs=
-10,10,FUyTj29Cx3CB+J0ln3ix6a6RH9Y=,8cnRVsOxBl0IaY8wVNdxU7tIqvs=
-9,10,FUyTj29Cx3CB+J0ln3ix6a6RH9Y=,8cnRVsOxBl0IaY8wVNdxU7tIqvs=
-8,14,FUyTj29Cx3CB+J0ln3ix6a6RH9Y=,8ko/xKgKn0nyNXuczm85qlzleqQ=
-15,11,FUyTj29Cx3CB+J0ln3ix6a6RH9Y=,8cnRVsOxBl0IaY8wVNdxU7tIqvs=
-14,11,FUyTj29Cx3CB+J0ln3ix6a6RH9Y=,8cnRVsOxBl0IaY8wVNdxU7tIqvs=
-13,11,FUyTj29Cx3CB+J0ln3ix6a6RH9Y=,8cnRVsOxBl0IaY8wVNdxU7tIqvs=
-12,11,FUyTj29Cx3CB+J0ln3ix6a6RH9Y=,8cnRVsOxBl0IaY8wVNdxU7tIqvs=
-8,9,FUyTj29Cx3CB+J0ln3ix6a6RH9Y=,8ko/xKgKn0nyNXuczm85qlzleqQ=
-11,11,FUyTj29Cx3CB+J0ln3ix6a6RH9Y=,8cnRVsOxBl0IaY8wVNdxU7tIqvs=
-10,11,FUyTj29Cx3CB+J0ln3ix6a6RH9Y=,8cnRVsOxBl0IaY8wVNdxU7tIqvs=
-9,11,FUyTj29Cx3CB+J0ln3ix6a6RH9Y=,8cnRVsOxBl0IaY8wVNdxU7tIqvs=
-15,12,FUyTj29Cx3CB+J0ln3ix6a6RH9Y=,8cnRVsOxBl0IaY8wVNdxU7tIqvs=
-14,12,FUyTj29Cx3CB+J0ln3ix6a6RH9Y=,8cnRVsOxBl0IaY8wVNdxU7tIqvs=
-13,12,FUyTj29Cx3CB+J0ln3ix6a6RH9Y=,8cnRVsOxBl0IaY8wVNdxU7tIqvs=
-5,3,FUyTj29Cx3CB+J0ln3ix6a6RH9Y=,oUtjvAAqb3NQQgoCTlQrHirz3V8=
-4,3,FUyTj29Cx3CB+J0ln3ix6a6RH9Y=,oUtjvAAqb3NQQgoCTlQrHirz3V8=
-3,3,FUyTj29Cx3CB+J0ln3ix6a6RH9Y=,oUtjvAAqb3NQQgoCTlQrHirz3V8=
-2,7,FUyTj29Cx3CB+J0ln3ix6a6RH9Y=,oUtjvAAqb3NQQgoCTlQrHirz3V8=
-3,7,FUyTj29Cx3CB+J0ln3ix6a6RH9Y=,oUtjvAAqb3NQQgoCTlQrHirz3V8=
-6,3,FUyTj29Cx3CB+J0ln3ix6a6RH9Y=,oUtjvAAqb3NQQgoCTlQrHirz3V8=
-7,3,FUyTj29Cx3CB+J0ln3ix6a6RH9Y=,oUtjvAAqb3NQQgoCTlQrHirz3V8=
-4,7,FUyTj29Cx3CB+J0ln3ix6a6RH9Y=,oUtjvAAqb3NQQgoCTlQrHirz3V8=
-2,3,FUyTj29Cx3CB+J0ln3ix6a6RH9Y=,oUtjvAAqb3NQQgoCTlQrHirz3V8=
-5,7,FUyTj29Cx3CB+J0ln3ix6a6RH9Y=,oUtjvAAqb3NQQgoCTlQrHirz3V8=
-2,2,FUyTj29Cx3CB+J0ln3ix6a6RH9Y=,oUtjvAAqb3NQQgoCTlQrHirz3V8=
-7,4,FUyTj29Cx3CB+J0ln3ix6a6RH9Y=,oUtjvAAqb3NQQgoCTlQrHirz3V8=
-6,4,FUyTj29Cx3CB+J0ln3ix6a6RH9Y=,oUtjvAAqb3NQQgoCTlQrHirz3V8=
-6,7,FUyTj29Cx3CB+J0ln3ix6a6RH9Y=,oUtjvAAqb3NQQgoCTlQrHirz3V8=
-5,4,FUyTj29Cx3CB+J0ln3ix6a6RH9Y=,oUtjvAAqb3NQQgoCTlQrHirz3V8=
-7,7,FUyTj29Cx3CB+J0ln3ix6a6RH9Y=,oUtjvAAqb3NQQgoCTlQrHirz3V8=
-4,4,FUyTj29Cx3CB+J0ln3ix6a6RH9Y=,oUtjvAAqb3NQQgoCTlQrHirz3V8=
-3,4,FUyTj29Cx3CB+J0ln3ix6a6RH9Y=,oUtjvAAqb3NQQgoCTlQrHirz3V8=
-3,2,FUyTj29Cx3CB+J0ln3ix6a6RH9Y=,oUtjvAAqb3NQQgoCTlQrHirz3V8=
-2,4,FUyTj29Cx3CB+J0ln3ix6a6RH9Y=,oUtjvAAqb3NQQgoCTlQrHirz3V8=
-7,5,FUyTj29Cx3CB+J0ln3ix6a6RH9Y=,oUtjvAAqb3NQQgoCTlQrHirz3V8=
-4,2,FUyTj29Cx3CB+J0ln3ix6a6RH9Y=,oUtjvAAqb3NQQgoCTlQrHirz3V8=
-6,5,FUyTj29Cx3CB+J0ln3ix6a6RH9Y=,oUtjvAAqb3NQQgoCTlQrHirz3V8=
-5,2,FUyTj29Cx3CB+J0ln3ix6a6RH9Y=,oUtjvAAqb3NQQgoCTlQrHirz3V8=
-6,2,FUyTj29Cx3CB+J0ln3ix6a6RH9Y=,oUtjvAAqb3NQQgoCTlQrHirz3V8=
-5,5,FUyTj29Cx3CB+J0ln3ix6a6RH9Y=,oUtjvAAqb3NQQgoCTlQrHirz3V8=
-7,8,FUyTj29Cx3CB+J0ln3ix6a6RH9Y=,8ko/xKgKn0nyNXuczm85qlzleqQ=
-2,6,FUyTj29Cx3CB+J0ln3ix6a6RH9Y=,oUtjvAAqb3NQQgoCTlQrHirz3V8=
-4,5,FUyTj29Cx3CB+J0ln3ix6a6RH9Y=,oUtjvAAqb3NQQgoCTlQrHirz3V8=
-3,6,FUyTj29Cx3CB+J0ln3ix6a6RH9Y=,oUtjvAAqb3NQQgoCTlQrHirz3V8=
-3,5,FUyTj29Cx3CB+J0ln3ix6a6RH9Y=,oUtjvAAqb3NQQgoCTlQrHirz3V8=
-7,2,FUyTj29Cx3CB+J0ln3ix6a6RH9Y=,oUtjvAAqb3NQQgoCTlQrHirz3V8=
-6,8,FUyTj29Cx3CB+J0ln3ix6a6RH9Y=,8ko/xKgKn0nyNXuczm85qlzleqQ=
-4,6,FUyTj29Cx3CB+J0ln3ix6a6RH9Y=,oUtjvAAqb3NQQgoCTlQrHirz3V8=
-5,8,FUyTj29Cx3CB+J0ln3ix6a6RH9Y=,8ko/xKgKn0nyNXuczm85qlzleqQ=
-5,6,FUyTj29Cx3CB+J0ln3ix6a6RH9Y=,oUtjvAAqb3NQQgoCTlQrHirz3V8=
-4,8,FUyTj29Cx3CB+J0ln3ix6a6RH9Y=,8ko/xKgKn0nyNXuczm85qlzleqQ=
-3,8,FUyTj29Cx3CB+J0ln3ix6a6RH9Y=,8ko/xKgKn0nyNXuczm85qlzleqQ=
-6,6,FUyTj29Cx3CB+J0ln3ix6a6RH9Y=,oUtjvAAqb3NQQgoCTlQrHirz3V8=
-7,6,FUyTj29Cx3CB+J0ln3ix6a6RH9Y=,oUtjvAAqb3NQQgoCTlQrHirz3V8=
-2,8,FUyTj29Cx3CB+J0ln3ix6a6RH9Y=,8ko/xKgKn0nyNXuczm85qlzleqQ=
-2,1,FUyTj29Cx3CB+J0ln3ix6a6RH9Y=,oUtjvAAqb3NQQgoCTlQrHirz3V8=
-2,5,FUyTj29Cx3CB+J0ln3ix6a6RH9Y=,oUtjvAAqb3NQQgoCTlQrHirz3V8=
-7,1,FUyTj29Cx3CB+J0ln3ix6a6RH9Y=,oUtjvAAqb3NQQgoCTlQrHirz3V8=
-6,1,FUyTj29Cx3CB+J0ln3ix6a6RH9Y=,oUtjvAAqb3NQQgoCTlQrHirz3V8=
-3,1,FUyTj29Cx3CB+J0ln3ix6a6RH9Y=,oUtjvAAqb3NQQgoCTlQrHirz3V8=
-5,1,FUyTj29Cx3CB+J0ln3ix6a6RH9Y=,oUtjvAAqb3NQQgoCTlQrHirz3V8=
-4,1,FUyTj29Cx3CB+J0ln3ix6a6RH9Y=,oUtjvAAqb3NQQgoCTlQrHirz3V8=
-11,5,FUyTj29Cx3CB+J0ln3ix6a6RH9Y=,RmccEdgv6ZuIa4+g77lC2KpoBR8=
-10,4,FUyTj29Cx3CB+J0ln3ix6a6RH9Y=,RmccEdgv6ZuIa4+g77lC2KpoBR8=
-10,5,FUyTj29Cx3CB+J0ln3ix6a6RH9Y=,RmccEdgv6ZuIa4+g77lC2KpoBR8=
-10,3,FUyTj29Cx3CB+J0ln3ix6a6RH9Y=,RmccEdgv6ZuIa4+g77lC2KpoBR8=
-9,5,FUyTj29Cx3CB+J0ln3ix6a6RH9Y=,RmccEdgv6ZuIa4+g77lC2KpoBR8=
-8,3,FUyTj29Cx3CB+J0ln3ix6a6RH9Y=,oUtjvAAqb3NQQgoCTlQrHirz3V8=
-8,7,FUyTj29Cx3CB+J0ln3ix6a6RH9Y=,oUtjvAAqb3NQQgoCTlQrHirz3V8=
-12,7,FUyTj29Cx3CB+J0ln3ix6a6RH9Y=,RmccEdgv6ZuIa4+g77lC2KpoBR8=
-12,5,FUyTj29Cx3CB+J0ln3ix6a6RH9Y=,RmccEdgv6ZuIa4+g77lC2KpoBR8=
-13,7,FUyTj29Cx3CB+J0ln3ix6a6RH9Y=,RmccEdgv6ZuIa4+g77lC2KpoBR8=
-15,3,FUyTj29Cx3CB+J0ln3ix6a6RH9Y=,RmccEdgv6ZuIa4+g77lC2KpoBR8=
-14,7,FUyTj29Cx3CB+J0ln3ix6a6RH9Y=,RmccEdgv6ZuIa4+g77lC2KpoBR8=
-11,4,FUyTj29Cx3CB+J0ln3ix6a6RH9Y=,RmccEdgv6ZuIa4+g77lC2KpoBR8=
-14,3,FUyTj29Cx3CB+J0ln3ix6a6RH9Y=,RmccEdgv6ZuIa4+g77lC2KpoBR8=
-8,2,FUyTj29Cx3CB+J0ln3ix6a6RH9Y=,oUtjvAAqb3NQQgoCTlQrHirz3V8=
-15,7,FUyTj29Cx3CB+J0ln3ix6a6RH9Y=,RmccEdgv6ZuIa4+g77lC2KpoBR8=
-9,6,FUyTj29Cx3CB+J0ln3ix6a6RH9Y=,RmccEdgv6ZuIa4+g77lC2KpoBR8=
-8,6,FUyTj29Cx3CB+J0ln3ix6a6RH9Y=,oUtjvAAqb3NQQgoCTlQrHirz3V8=
-15,6,FUyTj29Cx3CB+J0ln3ix6a6RH9Y=,RmccEdgv6ZuIa4+g77lC2KpoBR8=
-11,7,FUyTj29Cx3CB+J0ln3ix6a6RH9Y=,RmccEdgv6ZuIa4+g77lC2KpoBR8=
-13,5,FUyTj29Cx3CB+J0ln3ix6a6RH9Y=,RmccEdgv6ZuIa4+g77lC2KpoBR8=
-10,6,FUyTj29Cx3CB+J0ln3ix6a6RH9Y=,RmccEdgv6ZuIa4+g77lC2KpoBR8=
-14,5,FUyTj29Cx3CB+J0ln3ix6a6RH9Y=,RmccEdgv6ZuIa4+g77lC2KpoBR8=
-11,3,FUyTj29Cx3CB+J0ln3ix6a6RH9Y=,RmccEdgv6ZuIa4+g77lC2KpoBR8=
-12,4,FUyTj29Cx3CB+J0ln3ix6a6RH9Y=,RmccEdgv6ZuIa4+g77lC2KpoBR8=
-8,8,FUyTj29Cx3CB+J0ln3ix6a6RH9Y=,8ko/xKgKn0nyNXuczm85qlzleqQ=
-8,1,FUyTj29Cx3CB+J0ln3ix6a6RH9Y=,oUtjvAAqb3NQQgoCTlQrHirz3V8=
-9,2,FUyTj29Cx3CB+J0ln3ix6a6RH9Y=,RmccEdgv6ZuIa4+g77lC2KpoBR8=
-15,5,FUyTj29Cx3CB+J0ln3ix6a6RH9Y=,RmccEdgv6ZuIa4+g77lC2KpoBR8=
-10,2,FUyTj29Cx3CB+J0ln3ix6a6RH9Y=,RmccEdgv6ZuIa4+g77lC2KpoBR8=
-11,2,FUyTj29Cx3CB+J0ln3ix6a6RH9Y=,RmccEdgv6ZuIa4+g77lC2KpoBR8=
-13,2,FUyTj29Cx3CB+J0ln3ix6a6RH9Y=,RmccEdgv6ZuIa4+g77lC2KpoBR8=
-12,3,FUyTj29Cx3CB+J0ln3ix6a6RH9Y=,RmccEdgv6ZuIa4+g77lC2KpoBR8=
-14,2,FUyTj29Cx3CB+J0ln3ix6a6RH9Y=,RmccEdgv6ZuIa4+g77lC2KpoBR8=
-14,1,FUyTj29Cx3CB+J0ln3ix6a6RH9Y=,RmccEdgv6ZuIa4+g77lC2KpoBR8=
-8,5,FUyTj29Cx3CB+J0ln3ix6a6RH9Y=,oUtjvAAqb3NQQgoCTlQrHirz3V8=
-9,1,FUyTj29Cx3CB+J0ln3ix6a6RH9Y=,RmccEdgv6ZuIa4+g77lC2KpoBR8=
-11,6,FUyTj29Cx3CB+J0ln3ix6a6RH9Y=,RmccEdgv6ZuIa4+g77lC2KpoBR8=
-15,1,FUyTj29Cx3CB+J0ln3ix6a6RH9Y=,RmccEdgv6ZuIa4+g77lC2KpoBR8=
-13,4,FUyTj29Cx3CB+J0ln3ix6a6RH9Y=,RmccEdgv6ZuIa4+g77lC2KpoBR8=
-10,1,FUyTj29Cx3CB+J0ln3ix6a6RH9Y=,RmccEdgv6ZuIa4+g77lC2KpoBR8=
-11,1,FUyTj29Cx3CB+J0ln3ix6a6RH9Y=,RmccEdgv6ZuIa4+g77lC2KpoBR8=
-12,1,FUyTj29Cx3CB+J0ln3ix6a6RH9Y=,RmccEdgv6ZuIa4+g77lC2KpoBR8=
-9,8,FUyTj29Cx3CB+J0ln3ix6a6RH9Y=,8cnRVsOxBl0IaY8wVNdxU7tIqvs=
-12,6,FUyTj29Cx3CB+J0ln3ix6a6RH9Y=,RmccEdgv6ZuIa4+g77lC2KpoBR8=
-13,3,FUyTj29Cx3CB+J0ln3ix6a6RH9Y=,RmccEdgv6ZuIa4+g77lC2KpoBR8=
-10,8,FUyTj29Cx3CB+J0ln3ix6a6RH9Y=,8cnRVsOxBl0IaY8wVNdxU7tIqvs=
-15,4,FUyTj29Cx3CB+J0ln3ix6a6RH9Y=,RmccEdgv6ZuIa4+g77lC2KpoBR8=
-13,1,FUyTj29Cx3CB+J0ln3ix6a6RH9Y=,RmccEdgv6ZuIa4+g77lC2KpoBR8=
-8,4,FUyTj29Cx3CB+J0ln3ix6a6RH9Y=,oUtjvAAqb3NQQgoCTlQrHirz3V8=
-11,8,FUyTj29Cx3CB+J0ln3ix6a6RH9Y=,8cnRVsOxBl0IaY8wVNdxU7tIqvs=
-13,6,FUyTj29Cx3CB+J0ln3ix6a6RH9Y=,RmccEdgv6ZuIa4+g77lC2KpoBR8=
-9,4,FUyTj29Cx3CB+J0ln3ix6a6RH9Y=,RmccEdgv6ZuIa4+g77lC2KpoBR8=
-12,8,FUyTj29Cx3CB+J0ln3ix6a6RH9Y=,8cnRVsOxBl0IaY8wVNdxU7tIqvs=
-13,8,FUyTj29Cx3CB+J0ln3ix6a6RH9Y=,8cnRVsOxBl0IaY8wVNdxU7tIqvs=
-14,6,FUyTj29Cx3CB+J0ln3ix6a6RH9Y=,RmccEdgv6ZuIa4+g77lC2KpoBR8=
-9,7,FUyTj29Cx3CB+J0ln3ix6a6RH9Y=,RmccEdgv6ZuIa4+g77lC2KpoBR8=
-10,7,FUyTj29Cx3CB+J0ln3ix6a6RH9Y=,RmccEdgv6ZuIa4+g77lC2KpoBR8=
-9,3,FUyTj29Cx3CB+J0ln3ix6a6RH9Y=,RmccEdgv6ZuIa4+g77lC2KpoBR8=
-14,8,FUyTj29Cx3CB+J0ln3ix6a6RH9Y=,8cnRVsOxBl0IaY8wVNdxU7tIqvs=
-15,8,FUyTj29Cx3CB+J0ln3ix6a6RH9Y=,8cnRVsOxBl0IaY8wVNdxU7tIqvs=
-12,2,FUyTj29Cx3CB+J0ln3ix6a6RH9Y=,RmccEdgv6ZuIa4+g77lC2KpoBR8=
-15,2,FUyTj29Cx3CB+J0ln3ix6a6RH9Y=,RmccEdgv6ZuIa4+g77lC2KpoBR8=
-14,4,FUyTj29Cx3CB+J0ln3ix6a6RH9Y=,RmccEdgv6ZuIa4+g77lC2KpoBR8=
-1,11,7JoZXoxhUL3xEq0CXMqmgo/FTfw=,8ko/xKgKn0nyNXuczm85qlzleqQ=
-15,15,7JoZXoxhUL3xEq0CXMqmgo/FTfw=,8cnRVsOxBl0IaY8wVNdxU7tIqvs=
-1,10,7JoZXoxhUL3xEq0CXMqmgo/FTfw=,8ko/xKgKn0nyNXuczm85qlzleqQ=
-1,9,7JoZXoxhUL3xEq0CXMqmgo/FTfw=,8ko/xKgKn0nyNXuczm85qlzleqQ=
-14,15,7JoZXoxhUL3xEq0CXMqmgo/FTfw=,8cnRVsOxBl0IaY8wVNdxU7tIqvs=
-1,13,7JoZXoxhUL3xEq0CXMqmgo/FTfw=,8ko/xKgKn0nyNXuczm85qlzleqQ=
-1,14,7JoZXoxhUL3xEq0CXMqmgo/FTfw=,8ko/xKgKn0nyNXuczm85qlzleqQ=
-13,15,7JoZXoxhUL3xEq0CXMqmgo/FTfw=,8cnRVsOxBl0IaY8wVNdxU7tIqvs=
-1,12,7JoZXoxhUL3xEq0CXMqmgo/FTfw=,8ko/xKgKn0nyNXuczm85qlzleqQ=
-9,15,7JoZXoxhUL3xEq0CXMqmgo/FTfw=,8cnRVsOxBl0IaY8wVNdxU7tIqvs=
-8,15,7JoZXoxhUL3xEq0CXMqmgo/FTfw=,8ko/xKgKn0nyNXuczm85qlzleqQ=
-12,15,7JoZXoxhUL3xEq0CXMqmgo/FTfw=,8cnRVsOxBl0IaY8wVNdxU7tIqvs=
-7,15,7JoZXoxhUL3xEq0CXMqmgo/FTfw=,8ko/xKgKn0nyNXuczm85qlzleqQ=
-11,15,7JoZXoxhUL3xEq0CXMqmgo/FTfw=,8cnRVsOxBl0IaY8wVNdxU7tIqvs=
-10,15,7JoZXoxhUL3xEq0CXMqmgo/FTfw=,8cnRVsOxBl0IaY8wVNdxU7tIqvs=
-2,15,7JoZXoxhUL3xEq0CXMqmgo/FTfw=,8ko/xKgKn0nyNXuczm85qlzleqQ=
-6,15,7JoZXoxhUL3xEq0CXMqmgo/FTfw=,8ko/xKgKn0nyNXuczm85qlzleqQ=
-3,15,7JoZXoxhUL3xEq0CXMqmgo/FTfw=,8ko/xKgKn0nyNXuczm85qlzleqQ=
-5,15,7JoZXoxhUL3xEq0CXMqmgo/FTfw=,8ko/xKgKn0nyNXuczm85qlzleqQ=
-1,3,7JoZXoxhUL3xEq0CXMqmgo/FTfw=,oUtjvAAqb3NQQgoCTlQrHirz3V8=
-4,15,7JoZXoxhUL3xEq0CXMqmgo/FTfw=,8ko/xKgKn0nyNXuczm85qlzleqQ=
-1,7,7JoZXoxhUL3xEq0CXMqmgo/FTfw=,oUtjvAAqb3NQQgoCTlQrHirz3V8=
-1,4,7JoZXoxhUL3xEq0CXMqmgo/FTfw=,oUtjvAAqb3NQQgoCTlQrHirz3V8=
-1,2,7JoZXoxhUL3xEq0CXMqmgo/FTfw=,oUtjvAAqb3NQQgoCTlQrHirz3V8=
-1,8,7JoZXoxhUL3xEq0CXMqmgo/FTfw=,8ko/xKgKn0nyNXuczm85qlzleqQ=
-1,6,7JoZXoxhUL3xEq0CXMqmgo/FTfw=,oUtjvAAqb3NQQgoCTlQrHirz3V8=
-1,5,7JoZXoxhUL3xEq0CXMqmgo/FTfw=,oUtjvAAqb3NQQgoCTlQrHirz3V8=
-1,1,7JoZXoxhUL3xEq0CXMqmgo/FTfw=,oUtjvAAqb3NQQgoCTlQrHirz3V8=
-16,14,zVvc4rniczRRFOBWr1U6JcbKkXA=,8cnRVsOxBl0IaY8wVNdxU7tIqvs=
-1,15,zVvc4rniczRRFOBWr1U6JcbKkXA=,8ko/xKgKn0nyNXuczm85qlzleqQ=
-16,13,zVvc4rniczRRFOBWr1U6JcbKkXA=,8cnRVsOxBl0IaY8wVNdxU7tIqvs=
-16,12,zVvc4rniczRRFOBWr1U6JcbKkXA=,8cnRVsOxBl0IaY8wVNdxU7tIqvs=
-16,11,zVvc4rniczRRFOBWr1U6JcbKkXA=,8cnRVsOxBl0IaY8wVNdxU7tIqvs=
-16,9,zVvc4rniczRRFOBWr1U6JcbKkXA=,8cnRVsOxBl0IaY8wVNdxU7tIqvs=
-16,10,zVvc4rniczRRFOBWr1U6JcbKkXA=,8cnRVsOxBl0IaY8wVNdxU7tIqvs=
-16,6,zVvc4rniczRRFOBWr1U6JcbKkXA=,RmccEdgv6ZuIa4+g77lC2KpoBR8=
-16,2,zVvc4rniczRRFOBWr1U6JcbKkXA=,RmccEdgv6ZuIa4+g77lC2KpoBR8=
-16,8,zVvc4rniczRRFOBWr1U6JcbKkXA=,8cnRVsOxBl0IaY8wVNdxU7tIqvs=
-16,3,zVvc4rniczRRFOBWr1U6JcbKkXA=,RmccEdgv6ZuIa4+g77lC2KpoBR8=
-16,1,zVvc4rniczRRFOBWr1U6JcbKkXA=,RmccEdgv6ZuIa4+g77lC2KpoBR8=
-16,4,zVvc4rniczRRFOBWr1U6JcbKkXA=,RmccEdgv6ZuIa4+g77lC2KpoBR8=
-16,5,zVvc4rniczRRFOBWr1U6JcbKkXA=,RmccEdgv6ZuIa4+g77lC2KpoBR8=
-16,7,zVvc4rniczRRFOBWr1U6JcbKkXA=,RmccEdgv6ZuIa4+g77lC2KpoBR8=
-15,0,zVvc4rniczRRFOBWr1U6JcbKkXA=,RmccEdgv6ZuIa4+g77lC2KpoBR8=
-13,0,zVvc4rniczRRFOBWr1U6JcbKkXA=,RmccEdgv6ZuIa4+g77lC2KpoBR8=
-12,0,zVvc4rniczRRFOBWr1U6JcbKkXA=,RmccEdgv6ZuIa4+g77lC2KpoBR8=
-11,0,zVvc4rniczRRFOBWr1U6JcbKkXA=,RmccEdgv6ZuIa4+g77lC2KpoBR8=
-14,0,zVvc4rniczRRFOBWr1U6JcbKkXA=,RmccEdgv6ZuIa4+g77lC2KpoBR8=
-10,0,zVvc4rniczRRFOBWr1U6JcbKkXA=,RmccEdgv6ZuIa4+g77lC2KpoBR8=
-16,15,zVvc4rniczRRFOBWr1U6JcbKkXA=,8cnRVsOxBl0IaY8wVNdxU7tIqvs=
-16,0,zVvc4rniczRRFOBWr1U6JcbKkXA=,RmccEdgv6ZuIa4+g77lC2KpoBR8=
-1,0,zVvc4rniczRRFOBWr1U6JcbKkXA=,oUtjvAAqb3NQQgoCTlQrHirz3V8=
-8,0,zVvc4rniczRRFOBWr1U6JcbKkXA=,oUtjvAAqb3NQQgoCTlQrHirz3V8=
-7,0,zVvc4rniczRRFOBWr1U6JcbKkXA=,oUtjvAAqb3NQQgoCTlQrHirz3V8=
-2,0,zVvc4rniczRRFOBWr1U6JcbKkXA=,oUtjvAAqb3NQQgoCTlQrHirz3V8=
-6,0,zVvc4rniczRRFOBWr1U6JcbKkXA=,oUtjvAAqb3NQQgoCTlQrHirz3V8=
-3,0,zVvc4rniczRRFOBWr1U6JcbKkXA=,oUtjvAAqb3NQQgoCTlQrHirz3V8=
-4,0,zVvc4rniczRRFOBWr1U6JcbKkXA=,oUtjvAAqb3NQQgoCTlQrHirz3V8=
-9,0,zVvc4rniczRRFOBWr1U6JcbKkXA=,RmccEdgv6ZuIa4+g77lC2KpoBR8=
-5,0,zVvc4rniczRRFOBWr1U6JcbKkXA=,oUtjvAAqb3NQQgoCTlQrHirz3V8=
