28,-141,KogcKzSD4jPE6kQTp8oX3Oaphk4=,DjtkADDwgBlGO43NLYhRj9wb/oE=
27,-141,OUcmBvrUNwERLMG14bYmV+HtNNU=,DjtkADDwgBlGO43NLYhRj9wb/oE=
26,-141,zFj5c8+IFHGrk61iOErAHGxT/9Y=,DjtkADDwgBlGO43NLYhRj9wb/oE=
24,-141,zFj5c8+IFHGrk61iOErAHGxT/9Y=,DjtkADDwgBlGO43NLYhRj9wb/oE=
25,-141,zFj5c8+IFHGrk61iOErAHGxT/9Y=,DjtkADDwgBlGO43NLYhRj9wb/oE=
30,-142,zFj5c8+IFHGrk61iOErAHGxT/9Y=,DjtkADDwgBlGO43NLYhRj9wb/oE=
29,-142,zFj5c8+IFHGrk61iOErAHGxT/9Y=,DjtkADDwgBlGO43NLYhRj9wb/oE=
28,-142,zFj5c8+IFHGrk61iOErAHGxT/9Y=,DjtkADDwgBlGO43NLYhRj9wb/oE=
27,-142,zFj5c8+IFHGrk61iOErAHGxT/9Y=,DjtkADDwgBlGO43NLYhRj9wb/oE=
31,-142,zFj5c8+IFHGrk61iOErAHGxT/9Y=,DjtkADDwgBlGO43NLYhRj9wb/oE=
26,-142,zFj5c8+IFHGrk61iOErAHGxT/9Y=,DjtkADDwgBlGO43NLYhRj9wb/oE=
25,-142,zFj5c8+IFHGrk61iOErAHGxT/9Y=,DjtkADDwgBlGO43NLYhRj9wb/oE=
24,-142,zFj5c8+IFHGrk61iOErAHGxT/9Y=,DjtkADDwgBlGO43NLYhRj9wb/oE=
31,-143,zFj5c8+IFHGrk61iOErAHGxT/9Y=,DjtkADDwgBlGO43NLYhRj9wb/oE=
30,-143,zFj5c8+IFHGrk61iOErAHGxT/9Y=,DjtkADDwgBlGO43NLYhRj9wb/oE=
29,-143,zFj5c8+IFHGrk61iOErAHGxT/9Y=,DjtkADDwgBlGO43NLYhRj9wb/oE=
28,-143,zFj5c8+IFHGrk61iOErAHGxT/9Y=,DjtkADDwgBlGO43NLYhRj9wb/oE=
27,-143,zFj5c8+IFHGrk61iOErAHGxT/9Y=,DjtkADDwgBlGO43NLYhRj9wb/oE=
26,-143,zFj5c8+IFHGrk61iOErAHGxT/9Y=,DjtkADDwgBlGO43NLYhRj9wb/oE=
25,-143,zFj5c8+IFHGrk61iOErAHGxT/9Y=,DjtkADDwgBlGO43NLYhRj9wb/oE=
24,-143,zFj5c8+IFHGrk61iOErAHGxT/9Y=,DjtkADDwgBlGO43NLYhRj9wb/oE=
31,-144,zFj5c8+IFHGrk61iOErAHGxT/9Y=,DjtkADDwgBlGO43NLYhRj9wb/oE=
30,-144,zFj5c8+IFHGrk61iOErAHGxT/9Y=,DjtkADDwgBlGO43NLYhRj9wb/oE=
29,-144,zFj5c8+IFHGrk61iOErAHGxT/9Y=,DjtkADDwgBlGO43NLYhRj9wb/oE=
28,-144,zFj5c8+IFHGrk61iOErAHGxT/9Y=,DjtkADDwgBlGO43NLYhRj9wb/oE=
27,-144,zFj5c8+IFHGrk61iOErAHGxT/9Y=,DjtkADDwgBlGO43NLYhRj9wb/oE=
26,-144,zFj5c8+IFHGrk61iOErAHGxT/9Y=,DjtkADDwgBlGO43NLYhRj9wb/oE=
25,-144,zFj5c8+IFHGrk61iOErAHGxT/9Y=,DjtkADDwgBlGO43NLYhRj9wb/oE=
30,-138,zFj5c8+IFHGrk61iOErAHGxT/9Y=,DjtkADDwgBlGO43NLYhRj9wb/oE=
29,-138,zFj5c8+IFHGrk61iOErAHGxT/9Y=,DjtkADDwgBlGO43NLYhRj9wb/oE=
24,-144,zFj5c8+IFHGrk61iOErAHGxT/9Y=,DjtkADDwgBlGO43NLYhRj9wb/oE=
28,-138,zFj5c8+IFHGrk61iOErAHGxT/9Y=,DjtkADDwgBlGO43NLYhRj9wb/oE=
27,-138,zFj5c8+IFHGrk61iOErAHGxT/9Y=,DjtkADDwgBlGO43NLYhRj9wb/oE=
26,-138,zFj5c8+IFHGrk61iOErAHGxT/9Y=,DjtkADDwgBlGO43NLYhRj9wb/oE=
25,-138,zFj5c8+IFHGrk61iOErAHGxT/9Y=,DjtkADDwgBlGO43NLYhRj9wb/oE=
24,-138,zFj5c8+IFHGrk61iOErAHGxT/9Y=,DjtkADDwgBlGO43NLYhRj9wb/oE=
31,-138,zFj5c8+IFHGrk61iOErAHGxT/9Y=,DjtkADDwgBlGO43NLYhRj9wb/oE=
30,-139,zFj5c8+IFHGrk61iOErAHGxT/9Y=,DjtkADDwgBlGO43NLYhRj9wb/oE=
29,-139,zFj5c8+IFHGrk61iOErAHGxT/9Y=,DjtkADDwgBlGO43NLYhRj9wb/oE=
28,-139,zFj5c8+IFHGrk61iOErAHGxT/9Y=,DjtkADDwgBlGO43NLYhRj9wb/oE=
27,-139,zFj5c8+IFHGrk61iOErAHGxT/9Y=,DjtkADDwgBlGO43NLYhRj9wb/oE=
26,-139,zFj5c8+IFHGrk61iOErAHGxT/9Y=,DjtkADDwgBlGO43NLYhRj9wb/oE=
25,-139,zFj5c8+IFHGrk61iOErAHGxT/9Y=,DjtkADDwgBlGO43NLYhRj9wb/oE=
24,-139,zFj5c8+IFHGrk61iOErAHGxT/9Y=,DjtkADDwgBlGO43NLYhRj9wb/oE=
31,-139,zFj5c8+IFHGrk61iOErAHGxT/9Y=,DjtkADDwgBlGO43NLYhRj9wb/oE=
30,-140,zFj5c8+IFHGrk61iOErAHGxT/9Y=,DjtkADDwgBlGO43NLYhRj9wb/oE=
29,-140,zFj5c8+IFHGrk61iOErAHGxT/9Y=,DjtkADDwgBlGO43NLYhRj9wb/oE=
28,-140,zFj5c8+IFHGrk61iOErAHGxT/9Y=,DjtkADDwgBlGO43NLYhRj9wb/oE=
27,-140,zFj5c8+IFHGrk61iOErAHGxT/9Y=,DjtkADDwgBlGO43NLYhRj9wb/oE=
26,-140,zFj5c8+IFHGrk61iOErAHGxT/9Y=,DjtkADDwgBlGO43NLYhRj9wb/oE=
25,-140,zFj5c8+IFHGrk61iOErAHGxT/9Y=,DjtkADDwgBlGO43NLYhRj9wb/oE=
24,-140,zFj5c8+IFHGrk61iOErAHGxT/9Y=,DjtkADDwgBlGO43NLYhRj9wb/oE=
31,-140,zFj5c8+IFHGrk61iOErAHGxT/9Y=,DjtkADDwgBlGO43NLYhRj9wb/oE=
31,-141,zFj5c8+IFHGrk61iOErAHGxT/9Y=,DjtkADDwgBlGO43NLYhRj9wb/oE=
30,-141,zFj5c8+IFHGrk61iOErAHGxT/9Y=,DjtkADDwgBlGO43NLYhRj9wb/oE=
29,-141,zFj5c8+IFHGrk61iOErAHGxT/9Y=,DjtkADDwgBlGO43NLYhRj9wb/oE=
26,-135,zFj5c8+IFHGrk61iOErAHGxT/9Y=,7KNyJkZdAT+FsQNcivOAigM8r+E=
24,-133,zFj5c8+IFHGrk61iOErAHGxT/9Y=,7KNyJkZdAT+FsQNcivOAigM8r+E=
28,-131,zFj5c8+IFHGrk61iOErAHGxT/9Y=,7KNyJkZdAT+FsQNcivOAigM8r+E=
27,-135,zFj5c8+IFHGrk61iOErAHGxT/9Y=,7KNyJkZdAT+FsQNcivOAigM8r+E=
25,-133,zFj5c8+IFHGrk61iOErAHGxT/9Y=,7KNyJkZdAT+FsQNcivOAigM8r+E=
28,-135,zFj5c8+IFHGrk61iOErAHGxT/9Y=,7KNyJkZdAT+FsQNcivOAigM8r+E=
24,-136,zFj5c8+IFHGrk61iOErAHGxT/9Y=,7KNyJkZdAT+FsQNcivOAigM8r+E=
25,-136,zFj5c8+IFHGrk61iOErAHGxT/9Y=,7KNyJkZdAT+FsQNcivOAigM8r+E=
29,-131,zFj5c8+IFHGrk61iOErAHGxT/9Y=,7KNyJkZdAT+FsQNcivOAigM8r+E=
30,-131,zFj5c8+IFHGrk61iOErAHGxT/9Y=,7KNyJkZdAT+FsQNcivOAigM8r+E=
24,-134,zFj5c8+IFHGrk61iOErAHGxT/9Y=,7KNyJkZdAT+FsQNcivOAigM8r+E=
28,-136,zFj5c8+IFHGrk61iOErAHGxT/9Y=,7KNyJkZdAT+FsQNcivOAigM8r+E=
29,-136,zFj5c8+IFHGrk61iOErAHGxT/9Y=,7KNyJkZdAT+FsQNcivOAigM8r+E=
30,-136,zFj5c8+IFHGrk61iOErAHGxT/9Y=,7KNyJkZdAT+FsQNcivOAigM8r+E=
31,-136,zFj5c8+IFHGrk61iOErAHGxT/9Y=,7KNyJkZdAT+FsQNcivOAigM8r+E=
24,-135,zFj5c8+IFHGrk61iOErAHGxT/9Y=,7KNyJkZdAT+FsQNcivOAigM8r+E=
25,-135,zFj5c8+IFHGrk61iOErAHGxT/9Y=,7KNyJkZdAT+FsQNcivOAigM8r+E=
26,-136,zFj5c8+IFHGrk61iOErAHGxT/9Y=,7KNyJkZdAT+FsQNcivOAigM8r+E=
24,-132,zFj5c8+IFHGrk61iOErAHGxT/9Y=,7KNyJkZdAT+FsQNcivOAigM8r+E=
30,-132,zFj5c8+IFHGrk61iOErAHGxT/9Y=,7KNyJkZdAT+FsQNcivOAigM8r+E=
26,-133,zFj5c8+IFHGrk61iOErAHGxT/9Y=,7KNyJkZdAT+FsQNcivOAigM8r+E=
27,-133,zFj5c8+IFHGrk61iOErAHGxT/9Y=,7KNyJkZdAT+FsQNcivOAigM8r+E=
31,-137,zFj5c8+IFHGrk61iOErAHGxT/9Y=,DjtkADDwgBlGO43NLYhRj9wb/oE=
31,-131,zFj5c8+IFHGrk61iOErAHGxT/9Y=,7KNyJkZdAT+FsQNcivOAigM8r+E=
24,-130,zFj5c8+IFHGrk61iOErAHGxT/9Y=,7KNyJkZdAT+FsQNcivOAigM8r+E=
26,-130,zFj5c8+IFHGrk61iOErAHGxT/9Y=,7KNyJkZdAT+FsQNcivOAigM8r+E=
25,-130,zFj5c8+IFHGrk61iOErAHGxT/9Y=,7KNyJkZdAT+FsQNcivOAigM8r+E=
27,-130,zFj5c8+IFHGrk61iOErAHGxT/9Y=,7KNyJkZdAT+FsQNcivOAigM8r+E=
28,-130,zFj5c8+IFHGrk61iOErAHGxT/9Y=,7KNyJkZdAT+FsQNcivOAigM8r+E=
29,-130,zFj5c8+IFHGrk61iOErAHGxT/9Y=,7KNyJkZdAT+FsQNcivOAigM8r+E=
31,-135,zFj5c8+IFHGrk61iOErAHGxT/9Y=,7KNyJkZdAT+FsQNcivOAigM8r+E=
27,-131,zFj5c8+IFHGrk61iOErAHGxT/9Y=,7KNyJkZdAT+FsQNcivOAigM8r+E=
29,-135,zFj5c8+IFHGrk61iOErAHGxT/9Y=,7KNyJkZdAT+FsQNcivOAigM8r+E=
30,-135,zFj5c8+IFHGrk61iOErAHGxT/9Y=,7KNyJkZdAT+FsQNcivOAigM8r+E=
30,-137,zFj5c8+IFHGrk61iOErAHGxT/9Y=,DjtkADDwgBlGO43NLYhRj9wb/oE=
28,-137,zFj5c8+IFHGrk61iOErAHGxT/9Y=,DjtkADDwgBlGO43NLYhRj9wb/oE=
31,-132,zFj5c8+IFHGrk61iOErAHGxT/9Y=,7KNyJkZdAT+FsQNcivOAigM8r+E=
29,-137,zFj5c8+IFHGrk61iOErAHGxT/9Y=,DjtkADDwgBlGO43NLYhRj9wb/oE=
31,-133,zFj5c8+IFHGrk61iOErAHGxT/9Y=,7KNyJkZdAT+FsQNcivOAigM8r+E=
27,-136,zFj5c8+IFHGrk61iOErAHGxT/9Y=,7KNyJkZdAT+FsQNcivOAigM8r+E=
26,-131,zFj5c8+IFHGrk61iOErAHGxT/9Y=,7KNyJkZdAT+FsQNcivOAigM8r+E=
27,-137,zFj5c8+IFHGrk61iOErAHGxT/9Y=,DjtkADDwgBlGO43NLYhRj9wb/oE=
29,-132,zFj5c8+IFHGrk61iOErAHGxT/9Y=,7KNyJkZdAT+FsQNcivOAigM8r+E=
26,-137,zFj5c8+IFHGrk61iOErAHGxT/9Y=,DjtkADDwgBlGO43NLYhRj9wb/oE=
30,-130,zFj5c8+IFHGrk61iOErAHGxT/9Y=,7KNyJkZdAT+FsQNcivOAigM8r+E=
31,-134,zFj5c8+IFHGrk61iOErAHGxT/9Y=,7KNyJkZdAT+FsQNcivOAigM8r+E=
30,-134,zFj5c8+IFHGrk61iOErAHGxT/9Y=,7KNyJkZdAT+FsQNcivOAigM8r+E=
25,-137,zFj5c8+IFHGrk61iOErAHGxT/9Y=,DjtkADDwgBlGO43NLYhRj9wb/oE=
24,-137,zFj5c8+IFHGrk61iOErAHGxT/9Y=,DjtkADDwgBlGO43NLYhRj9wb/oE=
30,-133,zFj5c8+IFHGrk61iOErAHGxT/9Y=,7KNyJkZdAT+FsQNcivOAigM8r+E=
27,-132,zFj5c8+IFHGrk61iOErAHGxT/9Y=,7KNyJkZdAT+FsQNcivOAigM8r+E=
31,-130,zFj5c8+IFHGrk61iOErAHGxT/9Y=,7KNyJkZdAT+FsQNcivOAigM8r+E=
24,-129,zFj5c8+IFHGrk61iOErAHGxT/9Y=,7KNyJkZdAT+FsQNcivOAigM8r+E=
25,-134,zFj5c8+IFHGrk61iOErAHGxT/9Y=,7KNyJkZdAT+FsQNcivOAigM8r+E=
25,-132,zFj5c8+IFHGrk61iOErAHGxT/9Y=,7KNyJkZdAT+FsQNcivOAigM8r+E=
28,-132,zFj5c8+IFHGrk61iOErAHGxT/9Y=,7KNyJkZdAT+FsQNcivOAigM8r+E=
25,-129,zFj5c8+IFHGrk61iOErAHGxT/9Y=,7KNyJkZdAT+FsQNcivOAigM8r+E=
26,-129,zFj5c8+IFHGrk61iOErAHGxT/9Y=,7KNyJkZdAT+FsQNcivOAigM8r+E=
27,-129,zFj5c8+IFHGrk61iOErAHGxT/9Y=,7KNyJkZdAT+FsQNcivOAigM8r+E=
28,-129,zFj5c8+IFHGrk61iOErAHGxT/9Y=,7KNyJkZdAT+FsQNcivOAigM8r+E=
29,-129,zFj5c8+IFHGrk61iOErAHGxT/9Y=,7KNyJkZdAT+FsQNcivOAigM8r+E=
28,-134,zFj5c8+IFHGrk61iOErAHGxT/9Y=,7KNyJkZdAT+FsQNcivOAigM8r+E=
25,-131,zFj5c8+IFHGrk61iOErAHGxT/9Y=,7KNyJkZdAT+FsQNcivOAigM8r+E=
29,-133,zFj5c8+IFHGrk61iOErAHGxT/9Y=,7KNyJkZdAT+FsQNcivOAigM8r+E=
27,-134,zFj5c8+IFHGrk61iOErAHGxT/9Y=,7KNyJkZdAT+FsQNcivOAigM8r+E=
30,-129,zFj5c8+IFHGrk61iOErAHGxT/9Y=,7KNyJkZdAT+FsQNcivOAigM8r+E=
26,-134,zFj5c8+IFHGrk61iOErAHGxT/9Y=,7KNyJkZdAT+FsQNcivOAigM8r+E=
26,-132,zFj5c8+IFHGrk61iOErAHGxT/9Y=,7KNyJkZdAT+FsQNcivOAigM8r+E=
28,-133,zFj5c8+IFHGrk61iOErAHGxT/9Y=,7KNyJkZdAT+FsQNcivOAigM8r+E=
24,-131,zFj5c8+IFHGrk61iOErAHGxT/9Y=,7KNyJkZdAT+FsQNcivOAigM8r+E=
29,-134,zFj5c8+IFHGrk61iOErAHGxT/9Y=,7KNyJkZdAT+FsQNcivOAigM8r+E=
31,-129,zFj5c8+IFHGrk61iOErAHGxT/9Y=,7KNyJkZdAT+FsQNcivOAigM8r+E=
28,-157,SZG/ZZnrBWNTiG1Y51/KtTvYSYc=,7eSjeGa8qvK2OQSgzobhuMpgSPI=
26,-157,QJtbc6fSvpfSBpm8qBON9OktxVA=,7eSjeGa8qvK2OQSgzobhuMpgSPI=
25,-157,QJtbc6fSvpfSBpm8qBON9OktxVA=,7eSjeGa8qvK2OQSgzobhuMpgSPI=
27,-157,QJtbc6fSvpfSBpm8qBON9OktxVA=,7eSjeGa8qvK2OQSgzobhuMpgSPI=
24,-157,QJtbc6fSvpfSBpm8qBON9OktxVA=,7eSjeGa8qvK2OQSgzobhuMpgSPI=
31,-158,QJtbc6fSvpfSBpm8qBON9OktxVA=,7eSjeGa8qvK2OQSgzobhuMpgSPI=
30,-158,QJtbc6fSvpfSBpm8qBON9OktxVA=,7eSjeGa8qvK2OQSgzobhuMpgSPI=
29,-158,QJtbc6fSvpfSBpm8qBON9OktxVA=,7eSjeGa8qvK2OQSgzobhuMpgSPI=
28,-158,QJtbc6fSvpfSBpm8qBON9OktxVA=,7eSjeGa8qvK2OQSgzobhuMpgSPI=
27,-158,QJtbc6fSvpfSBpm8qBON9OktxVA=,7eSjeGa8qvK2OQSgzobhuMpgSPI=
26,-158,QJtbc6fSvpfSBpm8qBON9OktxVA=,7eSjeGa8qvK2OQSgzobhuMpgSPI=
25,-158,QJtbc6fSvpfSBpm8qBON9OktxVA=,7eSjeGa8qvK2OQSgzobhuMpgSPI=
24,-158,QJtbc6fSvpfSBpm8qBON9OktxVA=,7eSjeGa8qvK2OQSgzobhuMpgSPI=
31,-159,QJtbc6fSvpfSBpm8qBON9OktxVA=,7eSjeGa8qvK2OQSgzobhuMpgSPI=
30,-154,QJtbc6fSvpfSBpm8qBON9OktxVA=,7eSjeGa8qvK2OQSgzobhuMpgSPI=
30,-159,QJtbc6fSvpfSBpm8qBON9OktxVA=,7eSjeGa8qvK2OQSgzobhuMpgSPI=
29,-154,QJtbc6fSvpfSBpm8qBON9OktxVA=,7eSjeGa8qvK2OQSgzobhuMpgSPI=
28,-154,QJtbc6fSvpfSBpm8qBON9OktxVA=,7eSjeGa8qvK2OQSgzobhuMpgSPI=
29,-159,QJtbc6fSvpfSBpm8qBON9OktxVA=,7eSjeGa8qvK2OQSgzobhuMpgSPI=
28,-159,QJtbc6fSvpfSBpm8qBON9OktxVA=,7eSjeGa8qvK2OQSgzobhuMpgSPI=
27,-154,QJtbc6fSvpfSBpm8qBON9OktxVA=,7eSjeGa8qvK2OQSgzobhuMpgSPI=
26,-154,QJtbc6fSvpfSBpm8qBON9OktxVA=,7eSjeGa8qvK2OQSgzobhuMpgSPI=
25,-154,QJtbc6fSvpfSBpm8qBON9OktxVA=,7eSjeGa8qvK2OQSgzobhuMpgSPI=
27,-159,QJtbc6fSvpfSBpm8qBON9OktxVA=,7eSjeGa8qvK2OQSgzobhuMpgSPI=
26,-159,QJtbc6fSvpfSBpm8qBON9OktxVA=,7eSjeGa8qvK2OQSgzobhuMpgSPI=
25,-159,QJtbc6fSvpfSBpm8qBON9OktxVA=,7eSjeGa8qvK2OQSgzobhuMpgSPI=
24,-159,QJtbc6fSvpfSBpm8qBON9OktxVA=,7eSjeGa8qvK2OQSgzobhuMpgSPI=
28,-147,QJtbc6fSvpfSBpm8qBON9OktxVA=,QpO3zwhd6U3vVKLRKT8+t/omzVc=
24,-150,QJtbc6fSvpfSBpm8qBON9OktxVA=,QpO3zwhd6U3vVKLRKT8+t/omzVc=
29,-147,QJtbc6fSvpfSBpm8qBON9OktxVA=,QpO3zwhd6U3vVKLRKT8+t/omzVc=
30,-147,QJtbc6fSvpfSBpm8qBON9OktxVA=,QpO3zwhd6U3vVKLRKT8+t/omzVc=
31,-154,QJtbc6fSvpfSBpm8qBON9OktxVA=,7eSjeGa8qvK2OQSgzobhuMpgSPI=
24,-154,QJtbc6fSvpfSBpm8qBON9OktxVA=,7eSjeGa8qvK2OQSgzobhuMpgSPI=
29,-148,QJtbc6fSvpfSBpm8qBON9OktxVA=,QpO3zwhd6U3vVKLRKT8+t/omzVc=
30,-160,QJtbc6fSvpfSBpm8qBON9OktxVA=,7eSjeGa8qvK2OQSgzobhuMpgSPI=
31,-160,QJtbc6fSvpfSBpm8qBON9OktxVA=,7eSjeGa8qvK2OQSgzobhuMpgSPI=
30,-155,QJtbc6fSvpfSBpm8qBON9OktxVA=,7eSjeGa8qvK2OQSgzobhuMpgSPI=
28,-148,QJtbc6fSvpfSBpm8qBON9OktxVA=,QpO3zwhd6U3vVKLRKT8+t/omzVc=
29,-160,QJtbc6fSvpfSBpm8qBON9OktxVA=,7eSjeGa8qvK2OQSgzobhuMpgSPI=
28,-160,QJtbc6fSvpfSBpm8qBON9OktxVA=,7eSjeGa8qvK2OQSgzobhuMpgSPI=
28,-155,QJtbc6fSvpfSBpm8qBON9OktxVA=,7eSjeGa8qvK2OQSgzobhuMpgSPI=
27,-155,QJtbc6fSvpfSBpm8qBON9OktxVA=,7eSjeGa8qvK2OQSgzobhuMpgSPI=
27,-160,QJtbc6fSvpfSBpm8qBON9OktxVA=,7eSjeGa8qvK2OQSgzobhuMpgSPI=
26,-160,QJtbc6fSvpfSBpm8qBON9OktxVA=,7eSjeGa8qvK2OQSgzobhuMpgSPI=
29,-155,QJtbc6fSvpfSBpm8qBON9OktxVA=,7eSjeGa8qvK2OQSgzobhuMpgSPI=
25,-160,QJtbc6fSvpfSBpm8qBON9OktxVA=,7eSjeGa8qvK2OQSgzobhuMpgSPI=
24,-160,QJtbc6fSvpfSBpm8qBON9OktxVA=,7eSjeGa8qvK2OQSgzobhuMpgSPI=
26,-155,QJtbc6fSvpfSBpm8qBON9OktxVA=,7eSjeGa8qvK2OQSgzobhuMpgSPI=
25,-155,QJtbc6fSvpfSBpm8qBON9OktxVA=,7eSjeGa8qvK2OQSgzobhuMpgSPI=
24,-155,QJtbc6fSvpfSBpm8qBON9OktxVA=,7eSjeGa8qvK2OQSgzobhuMpgSPI=
30,-153,QJtbc6fSvpfSBpm8qBON9OktxVA=,7eSjeGa8qvK2OQSgzobhuMpgSPI=
29,-153,QJtbc6fSvpfSBpm8qBON9OktxVA=,7eSjeGa8qvK2OQSgzobhuMpgSPI=
31,-147,QJtbc6fSvpfSBpm8qBON9OktxVA=,QpO3zwhd6U3vVKLRKT8+t/omzVc=
24,-146,QJtbc6fSvpfSBpm8qBON9OktxVA=,QpO3zwhd6U3vVKLRKT8+t/omzVc=
25,-150,QJtbc6fSvpfSBpm8qBON9OktxVA=,QpO3zwhd6U3vVKLRKT8+t/omzVc=
25,-146,QJtbc6fSvpfSBpm8qBON9OktxVA=,QpO3zwhd6U3vVKLRKT8+t/omzVc=
26,-146,QJtbc6fSvpfSBpm8qBON9OktxVA=,QpO3zwhd6U3vVKLRKT8+t/omzVc=
27,-146,QJtbc6fSvpfSBpm8qBON9OktxVA=,QpO3zwhd6U3vVKLRKT8+t/omzVc=
26,-150,QJtbc6fSvpfSBpm8qBON9OktxVA=,QpO3zwhd6U3vVKLRKT8+t/omzVc=
28,-146,QJtbc6fSvpfSBpm8qBON9OktxVA=,QpO3zwhd6U3vVKLRKT8+t/omzVc=
29,-146,QJtbc6fSvpfSBpm8qBON9OktxVA=,QpO3zwhd6U3vVKLRKT8+t/omzVc=
30,-146,QJtbc6fSvpfSBpm8qBON9OktxVA=,QpO3zwhd6U3vVKLRKT8+t/omzVc=
30,-149,QJtbc6fSvpfSBpm8qBON9OktxVA=,QpO3zwhd6U3vVKLRKT8+t/omzVc=
27,-150,QJtbc6fSvpfSBpm8qBON9OktxVA=,QpO3zwhd6U3vVKLRKT8+t/omzVc=
31,-153,QJtbc6fSvpfSBpm8qBON9OktxVA=,7eSjeGa8qvK2OQSgzobhuMpgSPI=
27,-148,QJtbc6fSvpfSBpm8qBON9OktxVA=,QpO3zwhd6U3vVKLRKT8+t/omzVc=
26,-148,QJtbc6fSvpfSBpm8qBON9OktxVA=,QpO3zwhd6U3vVKLRKT8+t/omzVc=
30,-156,QJtbc6fSvpfSBpm8qBON9OktxVA=,7eSjeGa8qvK2OQSgzobhuMpgSPI=
29,-156,QJtbc6fSvpfSBpm8qBON9OktxVA=,7eSjeGa8qvK2OQSgzobhuMpgSPI=
28,-156,QJtbc6fSvpfSBpm8qBON9OktxVA=,7eSjeGa8qvK2OQSgzobhuMpgSPI=
29,-149,QJtbc6fSvpfSBpm8qBON9OktxVA=,QpO3zwhd6U3vVKLRKT8+t/omzVc=
27,-156,QJtbc6fSvpfSBpm8qBON9OktxVA=,7eSjeGa8qvK2OQSgzobhuMpgSPI=
26,-156,QJtbc6fSvpfSBpm8qBON9OktxVA=,7eSjeGa8qvK2OQSgzobhuMpgSPI=
25,-156,QJtbc6fSvpfSBpm8qBON9OktxVA=,7eSjeGa8qvK2OQSgzobhuMpgSPI=
24,-156,QJtbc6fSvpfSBpm8qBON9OktxVA=,7eSjeGa8qvK2OQSgzobhuMpgSPI=
31,-156,QJtbc6fSvpfSBpm8qBON9OktxVA=,7eSjeGa8qvK2OQSgzobhuMpgSPI=
30,-157,QJtbc6fSvpfSBpm8qBON9OktxVA=,7eSjeGa8qvK2OQSgzobhuMpgSPI=
29,-157,QJtbc6fSvpfSBpm8qBON9OktxVA=,7eSjeGa8qvK2OQSgzobhuMpgSPI=
27,-147,QJtbc6fSvpfSBpm8qBON9OktxVA=,QpO3zwhd6U3vVKLRKT8+t/omzVc=
28,-153,QJtbc6fSvpfSBpm8qBON9OktxVA=,7eSjeGa8qvK2OQSgzobhuMpgSPI=
27,-153,QJtbc6fSvpfSBpm8qBON9OktxVA=,7eSjeGa8qvK2OQSgzobhuMpgSPI=
26,-153,QJtbc6fSvpfSBpm8qBON9OktxVA=,7eSjeGa8qvK2OQSgzobhuMpgSPI=
24,-153,QJtbc6fSvpfSBpm8qBON9OktxVA=,7eSjeGa8qvK2OQSgzobhuMpgSPI=
25,-153,QJtbc6fSvpfSBpm8qBON9OktxVA=,7eSjeGa8qvK2OQSgzobhuMpgSPI=
28,-149,QJtbc6fSvpfSBpm8qBON9OktxVA=,QpO3zwhd6U3vVKLRKT8+t/omzVc=
26,-147,QJtbc6fSvpfSBpm8qBON9OktxVA=,QpO3zwhd6U3vVKLRKT8+t/omzVc=
27,-149,QJtbc6fSvpfSBpm8qBON9OktxVA=,QpO3zwhd6U3vVKLRKT8+t/omzVc=
31,-157,QJtbc6fSvpfSBpm8qBON9OktxVA=,7eSjeGa8qvK2OQSgzobhuMpgSPI=
27,-152,QJtbc6fSvpfSBpm8qBON9OktxVA=,QpO3zwhd6U3vVKLRKT8+t/omzVc=
31,-146,QJtbc6fSvpfSBpm8qBON9OktxVA=,QpO3zwhd6U3vVKLRKT8+t/omzVc=
24,-145,QJtbc6fSvpfSBpm8qBON9OktxVA=,QpO3zwhd6U3vVKLRKT8+t/omzVc=
28,-150,QJtbc6fSvpfSBpm8qBON9OktxVA=,QpO3zwhd6U3vVKLRKT8+t/omzVc=
30,-148,QJtbc6fSvpfSBpm8qBON9OktxVA=,QpO3zwhd6U3vVKLRKT8+t/omzVc=
24,-149,QJtbc6fSvpfSBpm8qBON9OktxVA=,QpO3zwhd6U3vVKLRKT8+t/omzVc=
25,-145,QJtbc6fSvpfSBpm8qBON9OktxVA=,QpO3zwhd6U3vVKLRKT8+t/omzVc=
31,-150,QJtbc6fSvpfSBpm8qBON9OktxVA=,QpO3zwhd6U3vVKLRKT8+t/omzVc=
27,-145,QJtbc6fSvpfSBpm8qBON9OktxVA=,QpO3zwhd6U3vVKLRKT8+t/omzVc=
26,-145,QJtbc6fSvpfSBpm8qBON9OktxVA=,QpO3zwhd6U3vVKLRKT8+t/omzVc=
25,-147,QJtbc6fSvpfSBpm8qBON9OktxVA=,QpO3zwhd6U3vVKLRKT8+t/omzVc=
26,-151,QJtbc6fSvpfSBpm8qBON9OktxVA=,QpO3zwhd6U3vVKLRKT8+t/omzVc=
30,-150,QJtbc6fSvpfSBpm8qBON9OktxVA=,QpO3zwhd6U3vVKLRKT8+t/omzVc=
26,-152,QJtbc6fSvpfSBpm8qBON9OktxVA=,QpO3zwhd6U3vVKLRKT8+t/omzVc=
25,-152,QJtbc6fSvpfSBpm8qBON9OktxVA=,QpO3zwhd6U3vVKLRKT8+t/omzVc=
25,-151,QJtbc6fSvpfSBpm8qBON9OktxVA=,QpO3zwhd6U3vVKLRKT8+t/omzVc=
24,-151,QJtbc6fSvpfSBpm8qBON9OktxVA=,QpO3zwhd6U3vVKLRKT8+t/omzVc=
27,-151,QJtbc6fSvpfSBpm8qBON9OktxVA=,QpO3zwhd6U3vVKLRKT8+t/omzVc=
30,-152,QJtbc6fSvpfSBpm8qBON9OktxVA=,QpO3zwhd6U3vVKLRKT8+t/omzVc=
29,-152,QJtbc6fSvpfSBpm8qBON9OktxVA=,QpO3zwhd6U3vVKLRKT8+t/omzVc=
26,-149,QJtbc6fSvpfSBpm8qBON9OktxVA=,QpO3zwhd6U3vVKLRKT8+t/omzVc=
28,-152,QJtbc6fSvpfSBpm8qBON9OktxVA=,QpO3zwhd6U3vVKLRKT8+t/omzVc=
24,-152,QJtbc6fSvpfSBpm8qBON9OktxVA=,QpO3zwhd6U3vVKLRKT8+t/omzVc=
25,-148,QJtbc6fSvpfSBpm8qBON9OktxVA=,QpO3zwhd6U3vVKLRKT8+t/omzVc=
24,-148,QJtbc6fSvpfSBpm8qBON9OktxVA=,QpO3zwhd6U3vVKLRKT8+t/omzVc=
31,-145,QJtbc6fSvpfSBpm8qBON9OktxVA=,QpO3zwhd6U3vVKLRKT8+t/omzVc=
24,-147,QJtbc6fSvpfSBpm8qBON9OktxVA=,QpO3zwhd6U3vVKLRKT8+t/omzVc=
30,-145,QJtbc6fSvpfSBpm8qBON9OktxVA=,QpO3zwhd6U3vVKLRKT8+t/omzVc=
29,-145,QJtbc6fSvpfSBpm8qBON9OktxVA=,QpO3zwhd6U3vVKLRKT8+t/omzVc=
28,-145,QJtbc6fSvpfSBpm8qBON9OktxVA=,QpO3zwhd6U3vVKLRKT8+t/omzVc=
29,-150,QJtbc6fSvpfSBpm8qBON9OktxVA=,QpO3zwhd6U3vVKLRKT8+t/omzVc=
31,-152,QJtbc6fSvpfSBpm8qBON9OktxVA=,QpO3zwhd6U3vVKLRKT8+t/omzVc=
25,-149,QJtbc6fSvpfSBpm8qBON9OktxVA=,QpO3zwhd6U3vVKLRKT8+t/omzVc=
28,-151,QJtbc6fSvpfSBpm8qBON9OktxVA=,QpO3zwhd6U3vVKLRKT8+t/omzVc=
29,-151,QJtbc6fSvpfSBpm8qBON9OktxVA=,QpO3zwhd6U3vVKLRKT8+t/omzVc=
30,-151,QJtbc6fSvpfSBpm8qBON9OktxVA=,QpO3zwhd6U3vVKLRKT8+t/omzVc=
31,-155,QJtbc6fSvpfSBpm8qBON9OktxVA=,7eSjeGa8qvK2OQSgzobhuMpgSPI=
31,-149,QJtbc6fSvpfSBpm8qBON9OktxVA=,QpO3zwhd6U3vVKLRKT8+t/omzVc=
31,-151,QJtbc6fSvpfSBpm8qBON9OktxVA=,QpO3zwhd6U3vVKLRKT8+t/omzVc=
31,-148,QJtbc6fSvpfSBpm8qBON9OktxVA=,QpO3zwhd6U3vVKLRKT8+t/omzVc=
11,-149,GNZAyzxhbgpDOUg0i20bVyxYF0w=,Rd0zhv8b6VXiWNMquknWrWrPQi0=
9,-150,GNZAyzxhbgpDOUg0i20bVyxYF0w=,Rd0zhv8b6VXiWNMquknWrWrPQi0=
14,-146,GNZAyzxhbgpDOUg0i20bVyxYF0w=,Rd0zhv8b6VXiWNMquknWrWrPQi0=
13,-150,GNZAyzxhbgpDOUg0i20bVyxYF0w=,Rd0zhv8b6VXiWNMquknWrWrPQi0=
12,-150,GNZAyzxhbgpDOUg0i20bVyxYF0w=,Rd0zhv8b6VXiWNMquknWrWrPQi0=
10,-149,GNZAyzxhbgpDOUg0i20bVyxYF0w=,Rd0zhv8b6VXiWNMquknWrWrPQi0=
13,-146,XIllQpl3Buf6z1qgRLFKJZeXZOc=,Rd0zhv8b6VXiWNMquknWrWrPQi0=
9,-149,ERIyA0Dl/DBd31ORULDcA0Bf1JE=,Rd0zhv8b6VXiWNMquknWrWrPQi0=
14,-151,ERIyA0Dl/DBd31ORULDcA0Bf1JE=,Rd0zhv8b6VXiWNMquknWrWrPQi0=
12,-146,ERIyA0Dl/DBd31ORULDcA0Bf1JE=,Rd0zhv8b6VXiWNMquknWrWrPQi0=
11,-150,ERIyA0Dl/DBd31ORULDcA0Bf1JE=,Rd0zhv8b6VXiWNMquknWrWrPQi0=
13,-151,ERIyA0Dl/DBd31ORULDcA0Bf1JE=,Rd0zhv8b6VXiWNMquknWrWrPQi0=
12,-151,ERIyA0Dl/DBd31ORULDcA0Bf1JE=,Rd0zhv8b6VXiWNMquknWrWrPQi0=
11,-146,ERIyA0Dl/DBd31ORULDcA0Bf1JE=,Rd0zhv8b6VXiWNMquknWrWrPQi0=
10,-146,ERIyA0Dl/DBd31ORULDcA0Bf1JE=,Rd0zhv8b6VXiWNMquknWrWrPQi0=
9,-146,ERIyA0Dl/DBd31ORULDcA0Bf1JE=,Rd0zhv8b6VXiWNMquknWrWrPQi0=
9,-151,ERIyA0Dl/DBd31ORULDcA0Bf1JE=,Rd0zhv8b6VXiWNMquknWrWrPQi0=
14,-147,ERIyA0Dl/DBd31ORULDcA0Bf1JE=,Rd0zhv8b6VXiWNMquknWrWrPQi0=
13,-147,ERIyA0Dl/DBd31ORULDcA0Bf1JE=,Rd0zhv8b6VXiWNMquknWrWrPQi0=
12,-147,ERIyA0Dl/DBd31ORULDcA0Bf1JE=,Rd0zhv8b6VXiWNMquknWrWrPQi0=
11,-147,ERIyA0Dl/DBd31ORULDcA0Bf1JE=,Rd0zhv8b6VXiWNMquknWrWrPQi0=
11,-151,ERIyA0Dl/DBd31ORULDcA0Bf1JE=,Rd0zhv8b6VXiWNMquknWrWrPQi0=
10,-147,ERIyA0Dl/DBd31ORULDcA0Bf1JE=,Rd0zhv8b6VXiWNMquknWrWrPQi0=
9,-147,ERIyA0Dl/DBd31ORULDcA0Bf1JE=,Rd0zhv8b6VXiWNMquknWrWrPQi0=
10,-151,ERIyA0Dl/DBd31ORULDcA0Bf1JE=,Rd0zhv8b6VXiWNMquknWrWrPQi0=
14,-148,ERIyA0Dl/DBd31ORULDcA0Bf1JE=,Rd0zhv8b6VXiWNMquknWrWrPQi0=
13,-148,ERIyA0Dl/DBd31ORULDcA0Bf1JE=,Rd0zhv8b6VXiWNMquknWrWrPQi0=
12,-148,ERIyA0Dl/DBd31ORULDcA0Bf1JE=,Rd0zhv8b6VXiWNMquknWrWrPQi0=
11,-148,ERIyA0Dl/DBd31ORULDcA0Bf1JE=,Rd0zhv8b6VXiWNMquknWrWrPQi0=
14,-150,ERIyA0Dl/DBd31ORULDcA0Bf1JE=,Rd0zhv8b6VXiWNMquknWrWrPQi0=
10,-148,ERIyA0Dl/DBd31ORULDcA0Bf1JE=,Rd0zhv8b6VXiWNMquknWrWrPQi0=
9,-148,ERIyA0Dl/DBd31ORULDcA0Bf1JE=,Rd0zhv8b6VXiWNMquknWrWrPQi0=
14,-149,ERIyA0Dl/DBd31ORULDcA0Bf1JE=,Rd0zhv8b6VXiWNMquknWrWrPQi0=
13,-149,ERIyA0Dl/DBd31ORULDcA0Bf1JE=,Rd0zhv8b6VXiWNMquknWrWrPQi0=
12,-149,ERIyA0Dl/DBd31ORULDcA0Bf1JE=,Rd0zhv8b6VXiWNMquknWrWrPQi0=
10,-150,ERIyA0Dl/DBd31ORULDcA0Bf1JE=,Rd0zhv8b6VXiWNMquknWrWrPQi0=
4,-155,ERIyA0Dl/DBd31ORULDcA0Bf1JE=,Lp1M+KYa+oND+d7BmHM1MVURaSc=
5,-155,ERIyA0Dl/DBd31ORULDcA0Bf1JE=,Lp1M+KYa+oND+d7BmHM1MVURaSc=
6,-155,ERIyA0Dl/DBd31ORULDcA0Bf1JE=,Lp1M+KYa+oND+d7BmHM1MVURaSc=
1,-159,ERIyA0Dl/DBd31ORULDcA0Bf1JE=,Lp1M+KYa+oND+d7BmHM1MVURaSc=
1,-154,ERIyA0Dl/DBd31ORULDcA0Bf1JE=,Lp1M+KYa+oND+d7BmHM1MVURaSc=
2,-154,ERIyA0Dl/DBd31ORULDcA0Bf1JE=,Lp1M+KYa+oND+d7BmHM1MVURaSc=
2,-159,ERIyA0Dl/DBd31ORULDcA0Bf1JE=,Lp1M+KYa+oND+d7BmHM1MVURaSc=
3,-159,ERIyA0Dl/DBd31ORULDcA0Bf1JE=,Lp1M+KYa+oND+d7BmHM1MVURaSc=
4,-159,ERIyA0Dl/DBd31ORULDcA0Bf1JE=,Lp1M+KYa+oND+d7BmHM1MVURaSc=
5,-159,ERIyA0Dl/DBd31ORULDcA0Bf1JE=,Lp1M+KYa+oND+d7BmHM1MVURaSc=
6,-159,ERIyA0Dl/DBd31ORULDcA0Bf1JE=,Lp1M+KYa+oND+d7BmHM1MVURaSc=
3,-154,ERIyA0Dl/DBd31ORULDcA0Bf1JE=,Lp1M+KYa+oND+d7BmHM1MVURaSc=
4,-154,ERIyA0Dl/DBd31ORULDcA0Bf1JE=,Lp1M+KYa+oND+d7BmHM1MVURaSc=
1,-158,ERIyA0Dl/DBd31ORULDcA0Bf1JE=,Lp1M+KYa+oND+d7BmHM1MVURaSc=
2,-158,ERIyA0Dl/DBd31ORULDcA0Bf1JE=,Lp1M+KYa+oND+d7BmHM1MVURaSc=
3,-158,ERIyA0Dl/DBd31ORULDcA0Bf1JE=,Lp1M+KYa+oND+d7BmHM1MVURaSc=
5,-154,ERIyA0Dl/DBd31ORULDcA0Bf1JE=,Lp1M+KYa+oND+d7BmHM1MVURaSc=
4,-158,ERIyA0Dl/DBd31ORULDcA0Bf1JE=,Lp1M+KYa+oND+d7BmHM1MVURaSc=
5,-158,ERIyA0Dl/DBd31ORULDcA0Bf1JE=,Lp1M+KYa+oND+d7BmHM1MVURaSc=
6,-158,ERIyA0Dl/DBd31ORULDcA0Bf1JE=,Lp1M+KYa+oND+d7BmHM1MVURaSc=
6,-154,ERIyA0Dl/DBd31ORULDcA0Bf1JE=,Lp1M+KYa+oND+d7BmHM1MVURaSc=
1,-157,ERIyA0Dl/DBd31ORULDcA0Bf1JE=,Lp1M+KYa+oND+d7BmHM1MVURaSc=
2,-157,ERIyA0Dl/DBd31ORULDcA0Bf1JE=,Lp1M+KYa+oND+d7BmHM1MVURaSc=
3,-157,ERIyA0Dl/DBd31ORULDcA0Bf1JE=,Lp1M+KYa+oND+d7BmHM1MVURaSc=
4,-157,ERIyA0Dl/DBd31ORULDcA0Bf1JE=,Lp1M+KYa+oND+d7BmHM1MVURaSc=
5,-157,ERIyA0Dl/DBd31ORULDcA0Bf1JE=,Lp1M+KYa+oND+d7BmHM1MVURaSc=
6,-157,ERIyA0Dl/DBd31ORULDcA0Bf1JE=,Lp1M+KYa+oND+d7BmHM1MVURaSc=
1,-156,ERIyA0Dl/DBd31ORULDcA0Bf1JE=,Lp1M+KYa+oND+d7BmHM1MVURaSc=
2,-156,ERIyA0Dl/DBd31ORULDcA0Bf1JE=,Lp1M+KYa+oND+d7BmHM1MVURaSc=
3,-156,ERIyA0Dl/DBd31ORULDcA0Bf1JE=,Lp1M+KYa+oND+d7BmHM1MVURaSc=
4,-156,ERIyA0Dl/DBd31ORULDcA0Bf1JE=,Lp1M+KYa+oND+d7BmHM1MVURaSc=
5,-156,ERIyA0Dl/DBd31ORULDcA0Bf1JE=,Lp1M+KYa+oND+d7BmHM1MVURaSc=
6,-156,ERIyA0Dl/DBd31ORULDcA0Bf1JE=,Lp1M+KYa+oND+d7BmHM1MVURaSc=
1,-155,ERIyA0Dl/DBd31ORULDcA0Bf1JE=,Lp1M+KYa+oND+d7BmHM1MVURaSc=
2,-155,ERIyA0Dl/DBd31ORULDcA0Bf1JE=,Lp1M+KYa+oND+d7BmHM1MVURaSc=
3,-155,ERIyA0Dl/DBd31ORULDcA0Bf1JE=,Lp1M+KYa+oND+d7BmHM1MVURaSc=
12,-153,ERIyA0Dl/DBd31ORULDcA0Bf1JE=,ghxsTGMr3mE2wb/FRLCdyKd+Zp0=
13,-153,ERIyA0Dl/DBd31ORULDcA0Bf1JE=,ghxsTGMr3mE2wb/FRLCdyKd+Zp0=
14,-153,ERIyA0Dl/DBd31ORULDcA0Bf1JE=,ghxsTGMr3mE2wb/FRLCdyKd+Zp0=
9,-152,ERIyA0Dl/DBd31ORULDcA0Bf1JE=,Rd0zhv8b6VXiWNMquknWrWrPQi0=
8,-159,ERIyA0Dl/DBd31ORULDcA0Bf1JE=,ghxsTGMr3mE2wb/FRLCdyKd+Zp0=
9,-159,ERIyA0Dl/DBd31ORULDcA0Bf1JE=,ghxsTGMr3mE2wb/FRLCdyKd+Zp0=
11,-153,ERIyA0Dl/DBd31ORULDcA0Bf1JE=,ghxsTGMr3mE2wb/FRLCdyKd+Zp0=
10,-159,ERIyA0Dl/DBd31ORULDcA0Bf1JE=,ghxsTGMr3mE2wb/FRLCdyKd+Zp0=
10,-153,ERIyA0Dl/DBd31ORULDcA0Bf1JE=,ghxsTGMr3mE2wb/FRLCdyKd+Zp0=
7,-155,ERIyA0Dl/DBd31ORULDcA0Bf1JE=,Lp1M+KYa+oND+d7BmHM1MVURaSc=
11,-159,ERIyA0Dl/DBd31ORULDcA0Bf1JE=,ghxsTGMr3mE2wb/FRLCdyKd+Zp0=
12,-159,ERIyA0Dl/DBd31ORULDcA0Bf1JE=,ghxsTGMr3mE2wb/FRLCdyKd+Zp0=
13,-159,ERIyA0Dl/DBd31ORULDcA0Bf1JE=,ghxsTGMr3mE2wb/FRLCdyKd+Zp0=
9,-153,ERIyA0Dl/DBd31ORULDcA0Bf1JE=,ghxsTGMr3mE2wb/FRLCdyKd+Zp0=
14,-159,ERIyA0Dl/DBd31ORULDcA0Bf1JE=,ghxsTGMr3mE2wb/FRLCdyKd+Zp0=
8,-158,ERIyA0Dl/DBd31ORULDcA0Bf1JE=,ghxsTGMr3mE2wb/FRLCdyKd+Zp0=
9,-158,ERIyA0Dl/DBd31ORULDcA0Bf1JE=,ghxsTGMr3mE2wb/FRLCdyKd+Zp0=
10,-158,ERIyA0Dl/DBd31ORULDcA0Bf1JE=,ghxsTGMr3mE2wb/FRLCdyKd+Zp0=
14,-154,ERIyA0Dl/DBd31ORULDcA0Bf1JE=,ghxsTGMr3mE2wb/FRLCdyKd+Zp0=
13,-154,ERIyA0Dl/DBd31ORULDcA0Bf1JE=,ghxsTGMr3mE2wb/FRLCdyKd+Zp0=
12,-154,ERIyA0Dl/DBd31ORULDcA0Bf1JE=,ghxsTGMr3mE2wb/FRLCdyKd+Zp0=
7,-156,ERIyA0Dl/DBd31ORULDcA0Bf1JE=,Lp1M+KYa+oND+d7BmHM1MVURaSc=
11,-154,ERIyA0Dl/DBd31ORULDcA0Bf1JE=,ghxsTGMr3mE2wb/FRLCdyKd+Zp0=
10,-154,ERIyA0Dl/DBd31ORULDcA0Bf1JE=,ghxsTGMr3mE2wb/FRLCdyKd+Zp0=
11,-158,ERIyA0Dl/DBd31ORULDcA0Bf1JE=,ghxsTGMr3mE2wb/FRLCdyKd+Zp0=
12,-158,ERIyA0Dl/DBd31ORULDcA0Bf1JE=,ghxsTGMr3mE2wb/FRLCdyKd+Zp0=
13,-158,ERIyA0Dl/DBd31ORULDcA0Bf1JE=,ghxsTGMr3mE2wb/FRLCdyKd+Zp0=
14,-158,ERIyA0Dl/DBd31ORULDcA0Bf1JE=,ghxsTGMr3mE2wb/FRLCdyKd+Zp0=
8,-157,ERIyA0Dl/DBd31ORULDcA0Bf1JE=,ghxsTGMr3mE2wb/FRLCdyKd+Zp0=
9,-154,ERIyA0Dl/DBd31ORULDcA0Bf1JE=,ghxsTGMr3mE2wb/FRLCdyKd+Zp0=
9,-157,ERIyA0Dl/DBd31ORULDcA0Bf1JE=,ghxsTGMr3mE2wb/FRLCdyKd+Zp0=
8,-154,ERIyA0Dl/DBd31ORULDcA0Bf1JE=,ghxsTGMr3mE2wb/FRLCdyKd+Zp0=
14,-155,ERIyA0Dl/DBd31ORULDcA0Bf1JE=,ghxsTGMr3mE2wb/FRLCdyKd+Zp0=
13,-155,ERIyA0Dl/DBd31ORULDcA0Bf1JE=,ghxsTGMr3mE2wb/FRLCdyKd+Zp0=
12,-155,ERIyA0Dl/DBd31ORULDcA0Bf1JE=,ghxsTGMr3mE2wb/FRLCdyKd+Zp0=
11,-155,ERIyA0Dl/DBd31ORULDcA0Bf1JE=,ghxsTGMr3mE2wb/FRLCdyKd+Zp0=
10,-157,ERIyA0Dl/DBd31ORULDcA0Bf1JE=,ghxsTGMr3mE2wb/FRLCdyKd+Zp0=
7,-159,ERIyA0Dl/DBd31ORULDcA0Bf1JE=,Lp1M+KYa+oND+d7BmHM1MVURaSc=
8,-150,ERIyA0Dl/DBd31ORULDcA0Bf1JE=,Rd0zhv8b6VXiWNMquknWrWrPQi0=
8,-152,ERIyA0Dl/DBd31ORULDcA0Bf1JE=,Rd0zhv8b6VXiWNMquknWrWrPQi0=
10,-155,ERIyA0Dl/DBd31ORULDcA0Bf1JE=,ghxsTGMr3mE2wb/FRLCdyKd+Zp0=
4,-149,ERIyA0Dl/DBd31ORULDcA0Bf1JE=,xSQV4+5kp8q8ZR4U/eJPHXsdLLk=
3,-149,ERIyA0Dl/DBd31ORULDcA0Bf1JE=,xSQV4+5kp8q8ZR4U/eJPHXsdLLk=
5,-149,ERIyA0Dl/DBd31ORULDcA0Bf1JE=,xSQV4+5kp8q8ZR4U/eJPHXsdLLk=
6,-149,ERIyA0Dl/DBd31ORULDcA0Bf1JE=,xSQV4+5kp8q8ZR4U/eJPHXsdLLk=
7,-149,ERIyA0Dl/DBd31ORULDcA0Bf1JE=,xSQV4+5kp8q8ZR4U/eJPHXsdLLk=
8,-148,ERIyA0Dl/DBd31ORULDcA0Bf1JE=,Rd0zhv8b6VXiWNMquknWrWrPQi0=
11,-157,ERIyA0Dl/DBd31ORULDcA0Bf1JE=,ghxsTGMr3mE2wb/FRLCdyKd+Zp0=
12,-157,ERIyA0Dl/DBd31ORULDcA0Bf1JE=,ghxsTGMr3mE2wb/FRLCdyKd+Zp0=
13,-157,ERIyA0Dl/DBd31ORULDcA0Bf1JE=,ghxsTGMr3mE2wb/FRLCdyKd+Zp0=
12,-152,ERIyA0Dl/DBd31ORULDcA0Bf1JE=,Rd0zhv8b6VXiWNMquknWrWrPQi0=
14,-157,ERIyA0Dl/DBd31ORULDcA0Bf1JE=,ghxsTGMr3mE2wb/FRLCdyKd+Zp0=
13,-152,ERIyA0Dl/DBd31ORULDcA0Bf1JE=,Rd0zhv8b6VXiWNMquknWrWrPQi0=
9,-155,ERIyA0Dl/DBd31ORULDcA0Bf1JE=,ghxsTGMr3mE2wb/FRLCdyKd+Zp0=
2,-149,ERIyA0Dl/DBd31ORULDcA0Bf1JE=,xSQV4+5kp8q8ZR4U/eJPHXsdLLk=
8,-156,ERIyA0Dl/DBd31ORULDcA0Bf1JE=,ghxsTGMr3mE2wb/FRLCdyKd+Zp0=
10,-152,ERIyA0Dl/DBd31ORULDcA0Bf1JE=,Rd0zhv8b6VXiWNMquknWrWrPQi0=
14,-152,ERIyA0Dl/DBd31ORULDcA0Bf1JE=,Rd0zhv8b6VXiWNMquknWrWrPQi0=
8,-155,ERIyA0Dl/DBd31ORULDcA0Bf1JE=,ghxsTGMr3mE2wb/FRLCdyKd+Zp0=
7,-157,ERIyA0Dl/DBd31ORULDcA0Bf1JE=,Lp1M+KYa+oND+d7BmHM1MVURaSc=
1,-149,ERIyA0Dl/DBd31ORULDcA0Bf1JE=,xSQV4+5kp8q8ZR4U/eJPHXsdLLk=
14,-156,ERIyA0Dl/DBd31ORULDcA0Bf1JE=,ghxsTGMr3mE2wb/FRLCdyKd+Zp0=
7,-150,ERIyA0Dl/DBd31ORULDcA0Bf1JE=,xSQV4+5kp8q8ZR4U/eJPHXsdLLk=
13,-156,ERIyA0Dl/DBd31ORULDcA0Bf1JE=,ghxsTGMr3mE2wb/FRLCdyKd+Zp0=
9,-156,ERIyA0Dl/DBd31ORULDcA0Bf1JE=,ghxsTGMr3mE2wb/FRLCdyKd+Zp0=
1,-148,ERIyA0Dl/DBd31ORULDcA0Bf1JE=,xSQV4+5kp8q8ZR4U/eJPHXsdLLk=
11,-152,ERIyA0Dl/DBd31ORULDcA0Bf1JE=,Rd0zhv8b6VXiWNMquknWrWrPQi0=
2,-148,ERIyA0Dl/DBd31ORULDcA0Bf1JE=,xSQV4+5kp8q8ZR4U/eJPHXsdLLk=
7,-154,ERIyA0Dl/DBd31ORULDcA0Bf1JE=,Lp1M+KYa+oND+d7BmHM1MVURaSc=
6,-150,ERIyA0Dl/DBd31ORULDcA0Bf1JE=,xSQV4+5kp8q8ZR4U/eJPHXsdLLk=
12,-156,ERIyA0Dl/DBd31ORULDcA0Bf1JE=,ghxsTGMr3mE2wb/FRLCdyKd+Zp0=
3,-148,ERIyA0Dl/DBd31ORULDcA0Bf1JE=,xSQV4+5kp8q8ZR4U/eJPHXsdLLk=
10,-156,ERIyA0Dl/DBd31ORULDcA0Bf1JE=,ghxsTGMr3mE2wb/FRLCdyKd+Zp0=
7,-158,ERIyA0Dl/DBd31ORULDcA0Bf1JE=,Lp1M+KYa+oND+d7BmHM1MVURaSc=
11,-156,ERIyA0Dl/DBd31ORULDcA0Bf1JE=,ghxsTGMr3mE2wb/FRLCdyKd+Zp0=
4,-148,ERIyA0Dl/DBd31ORULDcA0Bf1JE=,xSQV4+5kp8q8ZR4U/eJPHXsdLLk=
5,-148,ERIyA0Dl/DBd31ORULDcA0Bf1JE=,xSQV4+5kp8q8ZR4U/eJPHXsdLLk=
6,-148,ERIyA0Dl/DBd31ORULDcA0Bf1JE=,xSQV4+5kp8q8ZR4U/eJPHXsdLLk=
7,-148,ERIyA0Dl/DBd31ORULDcA0Bf1JE=,xSQV4+5kp8q8ZR4U/eJPHXsdLLk=
8,-147,ERIyA0Dl/DBd31ORULDcA0Bf1JE=,Rd0zhv8b6VXiWNMquknWrWrPQi0=
8,-151,ERIyA0Dl/DBd31ORULDcA0Bf1JE=,Rd0zhv8b6VXiWNMquknWrWrPQi0=
8,-153,ERIyA0Dl/DBd31ORULDcA0Bf1JE=,ghxsTGMr3mE2wb/FRLCdyKd+Zp0=
5,-150,ERIyA0Dl/DBd31ORULDcA0Bf1JE=,xSQV4+5kp8q8ZR4U/eJPHXsdLLk=
3,-150,ERIyA0Dl/DBd31ORULDcA0Bf1JE=,xSQV4+5kp8q8ZR4U/eJPHXsdLLk=
2,-150,ERIyA0Dl/DBd31ORULDcA0Bf1JE=,xSQV4+5kp8q8ZR4U/eJPHXsdLLk=
1,-150,ERIyA0Dl/DBd31ORULDcA0Bf1JE=,xSQV4+5kp8q8ZR4U/eJPHXsdLLk=
4,-150,ERIyA0Dl/DBd31ORULDcA0Bf1JE=,xSQV4+5kp8q8ZR4U/eJPHXsdLLk=
1,-147,ERIyA0Dl/DBd31ORULDcA0Bf1JE=,xSQV4+5kp8q8ZR4U/eJPHXsdLLk=
7,-151,ERIyA0Dl/DBd31ORULDcA0Bf1JE=,xSQV4+5kp8q8ZR4U/eJPHXsdLLk=
6,-151,ERIyA0Dl/DBd31ORULDcA0Bf1JE=,xSQV4+5kp8q8ZR4U/eJPHXsdLLk=
2,-147,ERIyA0Dl/DBd31ORULDcA0Bf1JE=,xSQV4+5kp8q8ZR4U/eJPHXsdLLk=
5,-151,ERIyA0Dl/DBd31ORULDcA0Bf1JE=,xSQV4+5kp8q8ZR4U/eJPHXsdLLk=
3,-151,ERIyA0Dl/DBd31ORULDcA0Bf1JE=,xSQV4+5kp8q8ZR4U/eJPHXsdLLk=
2,-151,ERIyA0Dl/DBd31ORULDcA0Bf1JE=,xSQV4+5kp8q8ZR4U/eJPHXsdLLk=
7,-146,ERIyA0Dl/DBd31ORULDcA0Bf1JE=,xSQV4+5kp8q8ZR4U/eJPHXsdLLk=
1,-151,ERIyA0Dl/DBd31ORULDcA0Bf1JE=,xSQV4+5kp8q8ZR4U/eJPHXsdLLk=
4,-151,ERIyA0Dl/DBd31ORULDcA0Bf1JE=,xSQV4+5kp8q8ZR4U/eJPHXsdLLk=
3,-147,ERIyA0Dl/DBd31ORULDcA0Bf1JE=,xSQV4+5kp8q8ZR4U/eJPHXsdLLk=
4,-147,ERIyA0Dl/DBd31ORULDcA0Bf1JE=,xSQV4+5kp8q8ZR4U/eJPHXsdLLk=
5,-147,ERIyA0Dl/DBd31ORULDcA0Bf1JE=,xSQV4+5kp8q8ZR4U/eJPHXsdLLk=
8,-146,ERIyA0Dl/DBd31ORULDcA0Bf1JE=,Rd0zhv8b6VXiWNMquknWrWrPQi0=
6,-147,ERIyA0Dl/DBd31ORULDcA0Bf1JE=,xSQV4+5kp8q8ZR4U/eJPHXsdLLk=
8,-149,ERIyA0Dl/DBd31ORULDcA0Bf1JE=,Rd0zhv8b6VXiWNMquknWrWrPQi0=
1,-153,ERIyA0Dl/DBd31ORULDcA0Bf1JE=,Lp1M+KYa+oND+d7BmHM1MVURaSc=
2,-153,ERIyA0Dl/DBd31ORULDcA0Bf1JE=,Lp1M+KYa+oND+d7BmHM1MVURaSc=
7,-147,ERIyA0Dl/DBd31ORULDcA0Bf1JE=,xSQV4+5kp8q8ZR4U/eJPHXsdLLk=
3,-153,ERIyA0Dl/DBd31ORULDcA0Bf1JE=,Lp1M+KYa+oND+d7BmHM1MVURaSc=
4,-153,ERIyA0Dl/DBd31ORULDcA0Bf1JE=,Lp1M+KYa+oND+d7BmHM1MVURaSc=
5,-153,ERIyA0Dl/DBd31ORULDcA0Bf1JE=,Lp1M+KYa+oND+d7BmHM1MVURaSc=
7,-152,ERIyA0Dl/DBd31ORULDcA0Bf1JE=,xSQV4+5kp8q8ZR4U/eJPHXsdLLk=
6,-152,ERIyA0Dl/DBd31ORULDcA0Bf1JE=,xSQV4+5kp8q8ZR4U/eJPHXsdLLk=
6,-146,ERIyA0Dl/DBd31ORULDcA0Bf1JE=,xSQV4+5kp8q8ZR4U/eJPHXsdLLk=
4,-152,ERIyA0Dl/DBd31ORULDcA0Bf1JE=,xSQV4+5kp8q8ZR4U/eJPHXsdLLk=
3,-152,ERIyA0Dl/DBd31ORULDcA0Bf1JE=,xSQV4+5kp8q8ZR4U/eJPHXsdLLk=
5,-146,ERIyA0Dl/DBd31ORULDcA0Bf1JE=,xSQV4+5kp8q8ZR4U/eJPHXsdLLk=
4,-146,ERIyA0Dl/DBd31ORULDcA0Bf1JE=,xSQV4+5kp8q8ZR4U/eJPHXsdLLk=
6,-153,ERIyA0Dl/DBd31ORULDcA0Bf1JE=,Lp1M+KYa+oND+d7BmHM1MVURaSc=
5,-152,ERIyA0Dl/DBd31ORULDcA0Bf1JE=,xSQV4+5kp8q8ZR4U/eJPHXsdLLk=
2,-152,ERIyA0Dl/DBd31ORULDcA0Bf1JE=,xSQV4+5kp8q8ZR4U/eJPHXsdLLk=
3,-146,ERIyA0Dl/DBd31ORULDcA0Bf1JE=,xSQV4+5kp8q8ZR4U/eJPHXsdLLk=
1,-146,ERIyA0Dl/DBd31ORULDcA0Bf1JE=,xSQV4+5kp8q8ZR4U/eJPHXsdLLk=
2,-146,ERIyA0Dl/DBd31ORULDcA0Bf1JE=,xSQV4+5kp8q8ZR4U/eJPHXsdLLk=
1,-152,ERIyA0Dl/DBd31ORULDcA0Bf1JE=,xSQV4+5kp8q8ZR4U/eJPHXsdLLk=
7,-153,ERIyA0Dl/DBd31ORULDcA0Bf1JE=,Lp1M+KYa+oND+d7BmHM1MVURaSc=
9,-145,JNonoqNVVOMwzUzrslmouiNBdFE=,Rd0zhv8b6VXiWNMquknWrWrPQi0=
10,-145,JNonoqNVVOMwzUzrslmouiNBdFE=,Rd0zhv8b6VXiWNMquknWrWrPQi0=
11,-145,JNonoqNVVOMwzUzrslmouiNBdFE=,Rd0zhv8b6VXiWNMquknWrWrPQi0=
12,-145,JNonoqNVVOMwzUzrslmouiNBdFE=,Rd0zhv8b6VXiWNMquknWrWrPQi0=
13,-145,JNonoqNVVOMwzUzrslmouiNBdFE=,Rd0zhv8b6VXiWNMquknWrWrPQi0=
14,-145,JNonoqNVVOMwzUzrslmouiNBdFE=,Rd0zhv8b6VXiWNMquknWrWrPQi0=
8,-145,JNonoqNVVOMwzUzrslmouiNBdFE=,Rd0zhv8b6VXiWNMquknWrWrPQi0=
7,-145,JNonoqNVVOMwzUzrslmouiNBdFE=,xSQV4+5kp8q8ZR4U/eJPHXsdLLk=
6,-145,JNonoqNVVOMwzUzrslmouiNBdFE=,xSQV4+5kp8q8ZR4U/eJPHXsdLLk=
5,-145,JNonoqNVVOMwzUzrslmouiNBdFE=,xSQV4+5kp8q8ZR4U/eJPHXsdLLk=
1,-145,JNonoqNVVOMwzUzrslmouiNBdFE=,xSQV4+5kp8q8ZR4U/eJPHXsdLLk=
0,-148,JNonoqNVVOMwzUzrslmouiNBdFE=,xSQV4+5kp8q8ZR4U/eJPHXsdLLk=
2,-145,JNonoqNVVOMwzUzrslmouiNBdFE=,xSQV4+5kp8q8ZR4U/eJPHXsdLLk=
3,-145,JNonoqNVVOMwzUzrslmouiNBdFE=,xSQV4+5kp8q8ZR4U/eJPHXsdLLk=
4,-145,JNonoqNVVOMwzUzrslmouiNBdFE=,xSQV4+5kp8q8ZR4U/eJPHXsdLLk=
0,-149,JNonoqNVVOMwzUzrslmouiNBdFE=,xSQV4+5kp8q8ZR4U/eJPHXsdLLk=
0,-159,JNonoqNVVOMwzUzrslmouiNBdFE=,Lp1M+KYa+oND+d7BmHM1MVURaSc=
0,-155,JNonoqNVVOMwzUzrslmouiNBdFE=,Lp1M+KYa+oND+d7BmHM1MVURaSc=
0,-154,JNonoqNVVOMwzUzrslmouiNBdFE=,Lp1M+KYa+oND+d7BmHM1MVURaSc=
0,-158,JNonoqNVVOMwzUzrslmouiNBdFE=,Lp1M+KYa+oND+d7BmHM1MVURaSc=
0,-152,JNonoqNVVOMwzUzrslmouiNBdFE=,xSQV4+5kp8q8ZR4U/eJPHXsdLLk=
0,-157,JNonoqNVVOMwzUzrslmouiNBdFE=,Lp1M+KYa+oND+d7BmHM1MVURaSc=
0,-156,JNonoqNVVOMwzUzrslmouiNBdFE=,Lp1M+KYa+oND+d7BmHM1MVURaSc=
0,-153,JNonoqNVVOMwzUzrslmouiNBdFE=,Lp1M+KYa+oND+d7BmHM1MVURaSc=
0,-150,JNonoqNVVOMwzUzrslmouiNBdFE=,xSQV4+5kp8q8ZR4U/eJPHXsdLLk=
0,-151,JNonoqNVVOMwzUzrslmouiNBdFE=,xSQV4+5kp8q8ZR4U/eJPHXsdLLk=
0,-147,JNonoqNVVOMwzUzrslmouiNBdFE=,xSQV4+5kp8q8ZR4U/eJPHXsdLLk=
0,-146,JNonoqNVVOMwzUzrslmouiNBdFE=,xSQV4+5kp8q8ZR4U/eJPHXsdLLk=
15,-150,JNonoqNVVOMwzUzrslmouiNBdFE=,Rd0zhv8b6VXiWNMquknWrWrPQi0=
15,-148,JNonoqNVVOMwzUzrslmouiNBdFE=,Rd0zhv8b6VXiWNMquknWrWrPQi0=
15,-149,JNonoqNVVOMwzUzrslmouiNBdFE=,Rd0zhv8b6VXiWNMquknWrWrPQi0=
15,-147,JNonoqNVVOMwzUzrslmouiNBdFE=,Rd0zhv8b6VXiWNMquknWrWrPQi0=
15,-146,JNonoqNVVOMwzUzrslmouiNBdFE=,Rd0zhv8b6VXiWNMquknWrWrPQi0=
15,-151,JNonoqNVVOMwzUzrslmouiNBdFE=,Rd0zhv8b6VXiWNMquknWrWrPQi0=
15,-145,JNonoqNVVOMwzUzrslmouiNBdFE=,Rd0zhv8b6VXiWNMquknWrWrPQi0=
15,-153,JNonoqNVVOMwzUzrslmouiNBdFE=,ghxsTGMr3mE2wb/FRLCdyKd+Zp0=
15,-159,JNonoqNVVOMwzUzrslmouiNBdFE=,ghxsTGMr3mE2wb/FRLCdyKd+Zp0=
15,-158,JNonoqNVVOMwzUzrslmouiNBdFE=,ghxsTGMr3mE2wb/FRLCdyKd+Zp0=
15,-157,JNonoqNVVOMwzUzrslmouiNBdFE=,ghxsTGMr3mE2wb/FRLCdyKd+Zp0=
15,-152,JNonoqNVVOMwzUzrslmouiNBdFE=,Rd0zhv8b6VXiWNMquknWrWrPQi0=
15,-155,JNonoqNVVOMwzUzrslmouiNBdFE=,ghxsTGMr3mE2wb/FRLCdyKd+Zp0=
15,-156,JNonoqNVVOMwzUzrslmouiNBdFE=,ghxsTGMr3mE2wb/FRLCdyKd+Zp0=
15,-154,JNonoqNVVOMwzUzrslmouiNBdFE=,ghxsTGMr3mE2wb/FRLCdyKd+Zp0=
0,-145,JNonoqNVVOMwzUzrslmouiNBdFE=,xSQV4+5kp8q8ZR4U/eJPHXsdLLk=
1,-160,JNonoqNVVOMwzUzrslmouiNBdFE=,Lp1M+KYa+oND+d7BmHM1MVURaSc=
6,-160,JNonoqNVVOMwzUzrslmouiNBdFE=,Lp1M+KYa+oND+d7BmHM1MVURaSc=
0,-160,JNonoqNVVOMwzUzrslmouiNBdFE=,Lp1M+KYa+oND+d7BmHM1MVURaSc=
5,-160,JNonoqNVVOMwzUzrslmouiNBdFE=,Lp1M+KYa+oND+d7BmHM1MVURaSc=
4,-160,JNonoqNVVOMwzUzrslmouiNBdFE=,Lp1M+KYa+oND+d7BmHM1MVURaSc=
3,-160,JNonoqNVVOMwzUzrslmouiNBdFE=,Lp1M+KYa+oND+d7BmHM1MVURaSc=
2,-160,JNonoqNVVOMwzUzrslmouiNBdFE=,Lp1M+KYa+oND+d7BmHM1MVURaSc=
8,-160,JNonoqNVVOMwzUzrslmouiNBdFE=,ghxsTGMr3mE2wb/FRLCdyKd+Zp0=
9,-160,JNonoqNVVOMwzUzrslmouiNBdFE=,ghxsTGMr3mE2wb/FRLCdyKd+Zp0=
7,-160,JNonoqNVVOMwzUzrslmouiNBdFE=,Lp1M+KYa+oND+d7BmHM1MVURaSc=
15,-160,JNonoqNVVOMwzUzrslmouiNBdFE=,ghxsTGMr3mE2wb/FRLCdyKd+Zp0=
10,-160,JNonoqNVVOMwzUzrslmouiNBdFE=,ghxsTGMr3mE2wb/FRLCdyKd+Zp0=
11,-160,JNonoqNVVOMwzUzrslmouiNBdFE=,ghxsTGMr3mE2wb/FRLCdyKd+Zp0=
14,-160,JNonoqNVVOMwzUzrslmouiNBdFE=,ghxsTGMr3mE2wb/FRLCdyKd+Zp0=
12,-160,JNonoqNVVOMwzUzrslmouiNBdFE=,ghxsTGMr3mE2wb/FRLCdyKd+Zp0=
13,-160,JNonoqNVVOMwzUzrslmouiNBdFE=,ghxsTGMr3mE2wb/FRLCdyKd+Zp0=
4,-137,djFvdX7Mpz6spCGOcj4AMuyO18s=,DvUKd1/LDhpQNXIXDRHGdHF9J8Q=
5,-138,djFvdX7Mpz6spCGOcj4AMuyO18s=,DvUKd1/LDhpQNXIXDRHGdHF9J8Q=
6,-139,djFvdX7Mpz6spCGOcj4AMuyO18s=,DvUKd1/LDhpQNXIXDRHGdHF9J8Q=
7,-139,djFvdX7Mpz6spCGOcj4AMuyO18s=,DvUKd1/LDhpQNXIXDRHGdHF9J8Q=
0,-138,djFvdX7Mpz6spCGOcj4AMuyO18s=,DvUKd1/LDhpQNXIXDRHGdHF9J8Q=
4,-138,djFvdX7Mpz6spCGOcj4AMuyO18s=,DvUKd1/LDhpQNXIXDRHGdHF9J8Q=
2,-137,djFvdX7Mpz6spCGOcj4AMuyO18s=,DvUKd1/LDhpQNXIXDRHGdHF9J8Q=
3,-137,djFvdX7Mpz6spCGOcj4AMuyO18s=,DvUKd1/LDhpQNXIXDRHGdHF9J8Q=
3,-138,djFvdX7Mpz6spCGOcj4AMuyO18s=,DvUKd1/LDhpQNXIXDRHGdHF9J8Q=
1,-137,djFvdX7Mpz6spCGOcj4AMuyO18s=,DvUKd1/LDhpQNXIXDRHGdHF9J8Q=
5,-139,djFvdX7Mpz6spCGOcj4AMuyO18s=,DvUKd1/LDhpQNXIXDRHGdHF9J8Q=
7,-141,djFvdX7Mpz6spCGOcj4AMuyO18s=,DvUKd1/LDhpQNXIXDRHGdHF9J8Q=
0,-137,djFvdX7Mpz6spCGOcj4AMuyO18s=,DvUKd1/LDhpQNXIXDRHGdHF9J8Q=
7,-138,djFvdX7Mpz6spCGOcj4AMuyO18s=,DvUKd1/LDhpQNXIXDRHGdHF9J8Q=
6,-138,djFvdX7Mpz6spCGOcj4AMuyO18s=,DvUKd1/LDhpQNXIXDRHGdHF9J8Q=
1,-141,djFvdX7Mpz6spCGOcj4AMuyO18s=,DvUKd1/LDhpQNXIXDRHGdHF9J8Q=
1,-138,djFvdX7Mpz6spCGOcj4AMuyO18s=,DvUKd1/LDhpQNXIXDRHGdHF9J8Q=
2,-138,djFvdX7Mpz6spCGOcj4AMuyO18s=,DvUKd1/LDhpQNXIXDRHGdHF9J8Q=
6,-141,djFvdX7Mpz6spCGOcj4AMuyO18s=,DvUKd1/LDhpQNXIXDRHGdHF9J8Q=
4,-139,djFvdX7Mpz6spCGOcj4AMuyO18s=,DvUKd1/LDhpQNXIXDRHGdHF9J8Q=
5,-141,djFvdX7Mpz6spCGOcj4AMuyO18s=,DvUKd1/LDhpQNXIXDRHGdHF9J8Q=
7,-140,djFvdX7Mpz6spCGOcj4AMuyO18s=,DvUKd1/LDhpQNXIXDRHGdHF9J8Q=
3,-139,djFvdX7Mpz6spCGOcj4AMuyO18s=,DvUKd1/LDhpQNXIXDRHGdHF9J8Q=
2,-139,djFvdX7Mpz6spCGOcj4AMuyO18s=,DvUKd1/LDhpQNXIXDRHGdHF9J8Q=
7,-142,djFvdX7Mpz6spCGOcj4AMuyO18s=,DvUKd1/LDhpQNXIXDRHGdHF9J8Q=
6,-140,djFvdX7Mpz6spCGOcj4AMuyO18s=,DvUKd1/LDhpQNXIXDRHGdHF9J8Q=
5,-140,djFvdX7Mpz6spCGOcj4AMuyO18s=,DvUKd1/LDhpQNXIXDRHGdHF9J8Q=
6,-142,djFvdX7Mpz6spCGOcj4AMuyO18s=,DvUKd1/LDhpQNXIXDRHGdHF9J8Q=
4,-140,djFvdX7Mpz6spCGOcj4AMuyO18s=,DvUKd1/LDhpQNXIXDRHGdHF9J8Q=
3,-140,djFvdX7Mpz6spCGOcj4AMuyO18s=,DvUKd1/LDhpQNXIXDRHGdHF9J8Q=
5,-142,djFvdX7Mpz6spCGOcj4AMuyO18s=,DvUKd1/LDhpQNXIXDRHGdHF9J8Q=
1,-139,djFvdX7Mpz6spCGOcj4AMuyO18s=,DvUKd1/LDhpQNXIXDRHGdHF9J8Q=
2,-140,djFvdX7Mpz6spCGOcj4AMuyO18s=,DvUKd1/LDhpQNXIXDRHGdHF9J8Q=
4,-141,djFvdX7Mpz6spCGOcj4AMuyO18s=,DvUKd1/LDhpQNXIXDRHGdHF9J8Q=
4,-142,djFvdX7Mpz6spCGOcj4AMuyO18s=,DvUKd1/LDhpQNXIXDRHGdHF9J8Q=
3,-142,djFvdX7Mpz6spCGOcj4AMuyO18s=,DvUKd1/LDhpQNXIXDRHGdHF9J8Q=
1,-140,djFvdX7Mpz6spCGOcj4AMuyO18s=,DvUKd1/LDhpQNXIXDRHGdHF9J8Q=
3,-143,djFvdX7Mpz6spCGOcj4AMuyO18s=,DvUKd1/LDhpQNXIXDRHGdHF9J8Q=
2,-143,djFvdX7Mpz6spCGOcj4AMuyO18s=,DvUKd1/LDhpQNXIXDRHGdHF9J8Q=
2,-144,djFvdX7Mpz6spCGOcj4AMuyO18s=,DvUKd1/LDhpQNXIXDRHGdHF9J8Q=
0,-141,djFvdX7Mpz6spCGOcj4AMuyO18s=,DvUKd1/LDhpQNXIXDRHGdHF9J8Q=
0,-139,djFvdX7Mpz6spCGOcj4AMuyO18s=,DvUKd1/LDhpQNXIXDRHGdHF9J8Q=
1,-143,djFvdX7Mpz6spCGOcj4AMuyO18s=,DvUKd1/LDhpQNXIXDRHGdHF9J8Q=
3,-144,djFvdX7Mpz6spCGOcj4AMuyO18s=,DvUKd1/LDhpQNXIXDRHGdHF9J8Q=
1,-142,djFvdX7Mpz6spCGOcj4AMuyO18s=,DvUKd1/LDhpQNXIXDRHGdHF9J8Q=
7,-144,djFvdX7Mpz6spCGOcj4AMuyO18s=,DvUKd1/LDhpQNXIXDRHGdHF9J8Q=
6,-144,djFvdX7Mpz6spCGOcj4AMuyO18s=,DvUKd1/LDhpQNXIXDRHGdHF9J8Q=
5,-144,djFvdX7Mpz6spCGOcj4AMuyO18s=,DvUKd1/LDhpQNXIXDRHGdHF9J8Q=
1,-144,djFvdX7Mpz6spCGOcj4AMuyO18s=,DvUKd1/LDhpQNXIXDRHGdHF9J8Q=
2,-142,djFvdX7Mpz6spCGOcj4AMuyO18s=,DvUKd1/LDhpQNXIXDRHGdHF9J8Q=
3,-141,djFvdX7Mpz6spCGOcj4AMuyO18s=,DvUKd1/LDhpQNXIXDRHGdHF9J8Q=
0,-144,djFvdX7Mpz6spCGOcj4AMuyO18s=,DvUKd1/LDhpQNXIXDRHGdHF9J8Q=
5,-137,djFvdX7Mpz6spCGOcj4AMuyO18s=,DvUKd1/LDhpQNXIXDRHGdHF9J8Q=
4,-144,djFvdX7Mpz6spCGOcj4AMuyO18s=,DvUKd1/LDhpQNXIXDRHGdHF9J8Q=
2,-141,djFvdX7Mpz6spCGOcj4AMuyO18s=,DvUKd1/LDhpQNXIXDRHGdHF9J8Q=
4,-143,djFvdX7Mpz6spCGOcj4AMuyO18s=,DvUKd1/LDhpQNXIXDRHGdHF9J8Q=
5,-143,djFvdX7Mpz6spCGOcj4AMuyO18s=,DvUKd1/LDhpQNXIXDRHGdHF9J8Q=
6,-137,djFvdX7Mpz6spCGOcj4AMuyO18s=,DvUKd1/LDhpQNXIXDRHGdHF9J8Q=
7,-137,djFvdX7Mpz6spCGOcj4AMuyO18s=,DvUKd1/LDhpQNXIXDRHGdHF9J8Q=
6,-143,djFvdX7Mpz6spCGOcj4AMuyO18s=,DvUKd1/LDhpQNXIXDRHGdHF9J8Q=
7,-143,djFvdX7Mpz6spCGOcj4AMuyO18s=,DvUKd1/LDhpQNXIXDRHGdHF9J8Q=
0,-140,djFvdX7Mpz6spCGOcj4AMuyO18s=,DvUKd1/LDhpQNXIXDRHGdHF9J8Q=
0,-143,djFvdX7Mpz6spCGOcj4AMuyO18s=,DvUKd1/LDhpQNXIXDRHGdHF9J8Q=
0,-142,djFvdX7Mpz6spCGOcj4AMuyO18s=,DvUKd1/LDhpQNXIXDRHGdHF9J8Q=
