1566,1563,wuA/dJmwFaapdc7kZ6yCy8RUSd0=,RBWEMJgYapyl4O0QGrDyDdw3Uh4=
1567,1563,wuA/dJmwFaapdc7kZ6yCy8RUSd0=,RBWEMJgYapyl4O0QGrDyDdw3Uh4=
1565,1563,wuA/dJmwFaapdc7kZ6yCy8RUSd0=,RBWEMJgYapyl4O0QGrDyDdw3Uh4=
1560,1563,wuA/dJmwFaapdc7kZ6yCy8RUSd0=,RBWEMJgYapyl4O0QGrDyDdw3Uh4=
1562,1560,wuA/dJmwFaapdc7kZ6yCy8RUSd0=,RBWEMJgYapyl4O0QGrDyDdw3Uh4=
1565,1564,wuA/dJmwFaapdc7kZ6yCy8RUSd0=,RBWEMJgYapyl4O0QGrDyDdw3Uh4=
1564,1564,wuA/dJmwFaapdc7kZ6yCy8RUSd0=,RBWEMJgYapyl4O0QGrDyDdw3Uh4=
1563,1564,wuA/dJmwFaapdc7kZ6yCy8RUSd0=,RBWEMJgYapyl4O0QGrDyDdw3Uh4=
1567,1561,wuA/dJmwFaapdc7kZ6yCy8RUSd0=,RBWEMJgYapyl4O0QGrDyDdw3Uh4=
1563,1560,wuA/dJmwFaapdc7kZ6yCy8RUSd0=,RBWEMJgYapyl4O0QGrDyDdw3Uh4=
1562,1564,wuA/dJmwFaapdc7kZ6yCy8RUSd0=,RBWEMJgYapyl4O0QGrDyDdw3Uh4=
1561,1564,wuA/dJmwFaapdc7kZ6yCy8RUSd0=,RBWEMJgYapyl4O0QGrDyDdw3Uh4=
1560,1564,wuA/dJmwFaapdc7kZ6yCy8RUSd0=,RBWEMJgYapyl4O0QGrDyDdw3Uh4=
1560,1561,wuA/dJmwFaapdc7kZ6yCy8RUSd0=,RBWEMJgYapyl4O0QGrDyDdw3Uh4=
1564,1563,wuA/dJmwFaapdc7kZ6yCy8RUSd0=,RBWEMJgYapyl4O0QGrDyDdw3Uh4=
1567,1560,wuA/dJmwFaapdc7kZ6yCy8RUSd0=,RBWEMJgYapyl4O0QGrDyDdw3Uh4=
1567,1567,wuA/dJmwFaapdc7kZ6yCy8RUSd0=,RBWEMJgYapyl4O0QGrDyDdw3Uh4=
1566,1567,wuA/dJmwFaapdc7kZ6yCy8RUSd0=,RBWEMJgYapyl4O0QGrDyDdw3Uh4=
1565,1567,wuA/dJmwFaapdc7kZ6yCy8RUSd0=,RBWEMJgYapyl4O0QGrDyDdw3Uh4=
1564,1567,wuA/dJmwFaapdc7kZ6yCy8RUSd0=,RBWEMJgYapyl4O0QGrDyDdw3Uh4=
1566,1561,wuA/dJmwFaapdc7kZ6yCy8RUSd0=,RBWEMJgYapyl4O0QGrDyDdw3Uh4=
1563,1567,wuA/dJmwFaapdc7kZ6yCy8RUSd0=,RBWEMJgYapyl4O0QGrDyDdw3Uh4=
1562,1567,wuA/dJmwFaapdc7kZ6yCy8RUSd0=,RBWEMJgYapyl4O0QGrDyDdw3Uh4=
1561,1567,wuA/dJmwFaapdc7kZ6yCy8RUSd0=,RBWEMJgYapyl4O0QGrDyDdw3Uh4=
1566,1560,wuA/dJmwFaapdc7kZ6yCy8RUSd0=,RBWEMJgYapyl4O0QGrDyDdw3Uh4=
1560,1567,wuA/dJmwFaapdc7kZ6yCy8RUSd0=,RBWEMJgYapyl4O0QGrDyDdw3Uh4=
1565,1561,wuA/dJmwFaapdc7kZ6yCy8RUSd0=,RBWEMJgYapyl4O0QGrDyDdw3Uh4=
1567,1566,wuA/dJmwFaapdc7kZ6yCy8RUSd0=,RBWEMJgYapyl4O0QGrDyDdw3Uh4=
1566,1566,wuA/dJmwFaapdc7kZ6yCy8RUSd0=,RBWEMJgYapyl4O0QGrDyDdw3Uh4=
1565,1566,wuA/dJmwFaapdc7kZ6yCy8RUSd0=,RBWEMJgYapyl4O0QGrDyDdw3Uh4=
1564,1566,wuA/dJmwFaapdc7kZ6yCy8RUSd0=,RBWEMJgYapyl4O0QGrDyDdw3Uh4=
1563,1566,wuA/dJmwFaapdc7kZ6yCy8RUSd0=,RBWEMJgYapyl4O0QGrDyDdw3Uh4=
1562,1566,wuA/dJmwFaapdc7kZ6yCy8RUSd0=,RBWEMJgYapyl4O0QGrDyDdw3Uh4=
1561,1566,wuA/dJmwFaapdc7kZ6yCy8RUSd0=,RBWEMJgYapyl4O0QGrDyDdw3Uh4=
1560,1566,wuA/dJmwFaapdc7kZ6yCy8RUSd0=,RBWEMJgYapyl4O0QGrDyDdw3Uh4=
1561,1561,wuA/dJmwFaapdc7kZ6yCy8RUSd0=,RBWEMJgYapyl4O0QGrDyDdw3Uh4=
1567,1565,wuA/dJmwFaapdc7kZ6yCy8RUSd0=,RBWEMJgYapyl4O0QGrDyDdw3Uh4=
1565,1560,wuA/dJmwFaapdc7kZ6yCy8RUSd0=,RBWEMJgYapyl4O0QGrDyDdw3Uh4=
1566,1565,wuA/dJmwFaapdc7kZ6yCy8RUSd0=,RBWEMJgYapyl4O0QGrDyDdw3Uh4=
1565,1565,wuA/dJmwFaapdc7kZ6yCy8RUSd0=,RBWEMJgYapyl4O0QGrDyDdw3Uh4=
1564,1565,wuA/dJmwFaapdc7kZ6yCy8RUSd0=,RBWEMJgYapyl4O0QGrDyDdw3Uh4=
1563,1565,wuA/dJmwFaapdc7kZ6yCy8RUSd0=,RBWEMJgYapyl4O0QGrDyDdw3Uh4=
1562,1565,wuA/dJmwFaapdc7kZ6yCy8RUSd0=,RBWEMJgYapyl4O0QGrDyDdw3Uh4=
1561,1565,wuA/dJmwFaapdc7kZ6yCy8RUSd0=,RBWEMJgYapyl4O0QGrDyDdw3Uh4=
1560,1565,wuA/dJmwFaapdc7kZ6yCy8RUSd0=,RBWEMJgYapyl4O0QGrDyDdw3Uh4=
1561,1563,wuA/dJmwFaapdc7kZ6yCy8RUSd0=,RBWEMJgYapyl4O0QGrDyDdw3Uh4=
1560,1562,wuA/dJmwFaapdc7kZ6yCy8RUSd0=,RBWEMJgYapyl4O0QGrDyDdw3Uh4=
1561,1560,wuA/dJmwFaapdc7kZ6yCy8RUSd0=,RBWEMJgYapyl4O0QGrDyDdw3Uh4=
1567,1564,wuA/dJmwFaapdc7kZ6yCy8RUSd0=,RBWEMJgYapyl4O0QGrDyDdw3Uh4=
1564,1561,wuA/dJmwFaapdc7kZ6yCy8RUSd0=,RBWEMJgYapyl4O0QGrDyDdw3Uh4=
1567,1562,wuA/dJmwFaapdc7kZ6yCy8RUSd0=,RBWEMJgYapyl4O0QGrDyDdw3Uh4=
1566,1562,wuA/dJmwFaapdc7kZ6yCy8RUSd0=,RBWEMJgYapyl4O0QGrDyDdw3Uh4=
1564,1560,wuA/dJmwFaapdc7kZ6yCy8RUSd0=,RBWEMJgYapyl4O0QGrDyDdw3Uh4=
1565,1562,wuA/dJmwFaapdc7kZ6yCy8RUSd0=,RBWEMJgYapyl4O0QGrDyDdw3Uh4=
1564,1562,wuA/dJmwFaapdc7kZ6yCy8RUSd0=,RBWEMJgYapyl4O0QGrDyDdw3Uh4=
1563,1561,wuA/dJmwFaapdc7kZ6yCy8RUSd0=,RBWEMJgYapyl4O0QGrDyDdw3Uh4=
1562,1561,wuA/dJmwFaapdc7kZ6yCy8RUSd0=,RBWEMJgYapyl4O0QGrDyDdw3Uh4=
1566,1564,wuA/dJmwFaapdc7kZ6yCy8RUSd0=,RBWEMJgYapyl4O0QGrDyDdw3Uh4=
1563,1562,wuA/dJmwFaapdc7kZ6yCy8RUSd0=,RBWEMJgYapyl4O0QGrDyDdw3Uh4=
1562,1562,wuA/dJmwFaapdc7kZ6yCy8RUSd0=,RBWEMJgYapyl4O0QGrDyDdw3Uh4=
1560,1560,wuA/dJmwFaapdc7kZ6yCy8RUSd0=,RBWEMJgYapyl4O0QGrDyDdw3Uh4=
1561,1562,wuA/dJmwFaapdc7kZ6yCy8RUSd0=,RBWEMJgYapyl4O0QGrDyDdw3Uh4=
1562,1563,wuA/dJmwFaapdc7kZ6yCy8RUSd0=,RBWEMJgYapyl4O0QGrDyDdw3Uh4=
1563,1563,wuA/dJmwFaapdc7kZ6yCy8RUSd0=,RBWEMJgYapyl4O0QGrDyDdw3Uh4=
