-12,-11,Kt+Z06NJjfCoZHUQ0eKMVx3ZQZQ=,kSMmAJDBN1gTvRMaz5zirkoKZ+E=
-11,-11,Kt+Z06NJjfCoZHUQ0eKMVx3ZQZQ=,kSMmAJDBN1gTvRMaz5zirkoKZ+E=
-10,-11,Kt+Z06NJjfCoZHUQ0eKMVx3ZQZQ=,kSMmAJDBN1gTvRMaz5zirkoKZ+E=
-15,-10,Kt+Z06NJjfCoZHUQ0eKMVx3ZQZQ=,kSMmAJDBN1gTvRMaz5zirkoKZ+E=
-14,-10,Kt+Z06NJjfCoZHUQ0eKMVx3ZQZQ=,kSMmAJDBN1gTvRMaz5zirkoKZ+E=
-13,-10,Kt+Z06NJjfCoZHUQ0eKMVx3ZQZQ=,kSMmAJDBN1gTvRMaz5zirkoKZ+E=
-12,-10,Kt+Z06NJjfCoZHUQ0eKMVx3ZQZQ=,kSMmAJDBN1gTvRMaz5zirkoKZ+E=
-11,-10,Kt+Z06NJjfCoZHUQ0eKMVx3ZQZQ=,kSMmAJDBN1gTvRMaz5zirkoKZ+E=
-10,-10,Kt+Z06NJjfCoZHUQ0eKMVx3ZQZQ=,kSMmAJDBN1gTvRMaz5zirkoKZ+E=
-15,-15,Kt+Z06NJjfCoZHUQ0eKMVx3ZQZQ=,kSMmAJDBN1gTvRMaz5zirkoKZ+E=
-14,-15,Kt+Z06NJjfCoZHUQ0eKMVx3ZQZQ=,kSMmAJDBN1gTvRMaz5zirkoKZ+E=
-13,-15,Kt+Z06NJjfCoZHUQ0eKMVx3ZQZQ=,kSMmAJDBN1gTvRMaz5zirkoKZ+E=
-12,-15,Kt+Z06NJjfCoZHUQ0eKMVx3ZQZQ=,kSMmAJDBN1gTvRMaz5zirkoKZ+E=
-11,-15,Kt+Z06NJjfCoZHUQ0eKMVx3ZQZQ=,kSMmAJDBN1gTvRMaz5zirkoKZ+E=
-10,-15,Kt+Z06NJjfCoZHUQ0eKMVx3ZQZQ=,kSMmAJDBN1gTvRMaz5zirkoKZ+E=
-15,-14,Kt+Z06NJjfCoZHUQ0eKMVx3ZQZQ=,kSMmAJDBN1gTvRMaz5zirkoKZ+E=
-14,-14,Kt+Z06NJjfCoZHUQ0eKMVx3ZQZQ=,kSMmAJDBN1gTvRMaz5zirkoKZ+E=
-13,-14,Kt+Z06NJjfCoZHUQ0eKMVx3ZQZQ=,kSMmAJDBN1gTvRMaz5zirkoKZ+E=
-12,-14,Kt+Z06NJjfCoZHUQ0eKMVx3ZQZQ=,kSMmAJDBN1gTvRMaz5zirkoKZ+E=
-11,-14,Kt+Z06NJjfCoZHUQ0eKMVx3ZQZQ=,kSMmAJDBN1gTvRMaz5zirkoKZ+E=
-10,-14,Kt+Z06NJjfCoZHUQ0eKMVx3ZQZQ=,kSMmAJDBN1gTvRMaz5zirkoKZ+E=
-4,-3,Kt+Z06NJjfCoZHUQ0eKMVx3ZQZQ=,kSMmAJDBN1gTvRMaz5zirkoKZ+E=
-3,-3,Kt+Z06NJjfCoZHUQ0eKMVx3ZQZQ=,kSMmAJDBN1gTvRMaz5zirkoKZ+E=
-2,-3,Kt+Z06NJjfCoZHUQ0eKMVx3ZQZQ=,kSMmAJDBN1gTvRMaz5zirkoKZ+E=
-7,-2,Kt+Z06NJjfCoZHUQ0eKMVx3ZQZQ=,kSMmAJDBN1gTvRMaz5zirkoKZ+E=
-6,-2,Kt+Z06NJjfCoZHUQ0eKMVx3ZQZQ=,kSMmAJDBN1gTvRMaz5zirkoKZ+E=
-5,-2,Kt+Z06NJjfCoZHUQ0eKMVx3ZQZQ=,kSMmAJDBN1gTvRMaz5zirkoKZ+E=
-4,-2,Kt+Z06NJjfCoZHUQ0eKMVx3ZQZQ=,kSMmAJDBN1gTvRMaz5zirkoKZ+E=
-3,-2,Kt+Z06NJjfCoZHUQ0eKMVx3ZQZQ=,kSMmAJDBN1gTvRMaz5zirkoKZ+E=
-2,-2,Kt+Z06NJjfCoZHUQ0eKMVx3ZQZQ=,kSMmAJDBN1gTvRMaz5zirkoKZ+E=
-7,-5,Kt+Z06NJjfCoZHUQ0eKMVx3ZQZQ=,kSMmAJDBN1gTvRMaz5zirkoKZ+E=
-6,-7,Kt+Z06NJjfCoZHUQ0eKMVx3ZQZQ=,kSMmAJDBN1gTvRMaz5zirkoKZ+E=
-6,-5,Kt+Z06NJjfCoZHUQ0eKMVx3ZQZQ=,kSMmAJDBN1gTvRMaz5zirkoKZ+E=
-5,-7,Kt+Z06NJjfCoZHUQ0eKMVx3ZQZQ=,kSMmAJDBN1gTvRMaz5zirkoKZ+E=
-2,-5,Kt+Z06NJjfCoZHUQ0eKMVx3ZQZQ=,kSMmAJDBN1gTvRMaz5zirkoKZ+E=
-7,-4,Kt+Z06NJjfCoZHUQ0eKMVx3ZQZQ=,kSMmAJDBN1gTvRMaz5zirkoKZ+E=
-4,-7,Kt+Z06NJjfCoZHUQ0eKMVx3ZQZQ=,kSMmAJDBN1gTvRMaz5zirkoKZ+E=
-6,-4,Kt+Z06NJjfCoZHUQ0eKMVx3ZQZQ=,kSMmAJDBN1gTvRMaz5zirkoKZ+E=
-5,-5,Kt+Z06NJjfCoZHUQ0eKMVx3ZQZQ=,kSMmAJDBN1gTvRMaz5zirkoKZ+E=
-5,-4,Kt+Z06NJjfCoZHUQ0eKMVx3ZQZQ=,kSMmAJDBN1gTvRMaz5zirkoKZ+E=
-7,-7,Kt+Z06NJjfCoZHUQ0eKMVx3ZQZQ=,kSMmAJDBN1gTvRMaz5zirkoKZ+E=
-4,-4,Kt+Z06NJjfCoZHUQ0eKMVx3ZQZQ=,kSMmAJDBN1gTvRMaz5zirkoKZ+E=
-7,-6,Kt+Z06NJjfCoZHUQ0eKMVx3ZQZQ=,kSMmAJDBN1gTvRMaz5zirkoKZ+E=
-6,-6,Kt+Z06NJjfCoZHUQ0eKMVx3ZQZQ=,kSMmAJDBN1gTvRMaz5zirkoKZ+E=
-5,-6,Kt+Z06NJjfCoZHUQ0eKMVx3ZQZQ=,kSMmAJDBN1gTvRMaz5zirkoKZ+E=
-4,-5,Kt+Z06NJjfCoZHUQ0eKMVx3ZQZQ=,kSMmAJDBN1gTvRMaz5zirkoKZ+E=
-4,-6,Kt+Z06NJjfCoZHUQ0eKMVx3ZQZQ=,kSMmAJDBN1gTvRMaz5zirkoKZ+E=
-3,-6,Kt+Z06NJjfCoZHUQ0eKMVx3ZQZQ=,kSMmAJDBN1gTvRMaz5zirkoKZ+E=
-2,-6,Kt+Z06NJjfCoZHUQ0eKMVx3ZQZQ=,kSMmAJDBN1gTvRMaz5zirkoKZ+E=
-3,-7,Kt+Z06NJjfCoZHUQ0eKMVx3ZQZQ=,kSMmAJDBN1gTvRMaz5zirkoKZ+E=
-2,-7,Kt+Z06NJjfCoZHUQ0eKMVx3ZQZQ=,kSMmAJDBN1gTvRMaz5zirkoKZ+E=
-2,-4,Kt+Z06NJjfCoZHUQ0eKMVx3ZQZQ=,kSMmAJDBN1gTvRMaz5zirkoKZ+E=
-7,-3,Kt+Z06NJjfCoZHUQ0eKMVx3ZQZQ=,kSMmAJDBN1gTvRMaz5zirkoKZ+E=
-6,-3,Kt+Z06NJjfCoZHUQ0eKMVx3ZQZQ=,kSMmAJDBN1gTvRMaz5zirkoKZ+E=
-5,-3,Kt+Z06NJjfCoZHUQ0eKMVx3ZQZQ=,kSMmAJDBN1gTvRMaz5zirkoKZ+E=
-3,-5,Kt+Z06NJjfCoZHUQ0eKMVx3ZQZQ=,kSMmAJDBN1gTvRMaz5zirkoKZ+E=
-3,-4,Kt+Z06NJjfCoZHUQ0eKMVx3ZQZQ=,kSMmAJDBN1gTvRMaz5zirkoKZ+E=
-15,-13,Kt+Z06NJjfCoZHUQ0eKMVx3ZQZQ=,kSMmAJDBN1gTvRMaz5zirkoKZ+E=
-14,-13,Kt+Z06NJjfCoZHUQ0eKMVx3ZQZQ=,kSMmAJDBN1gTvRMaz5zirkoKZ+E=
-13,-13,Kt+Z06NJjfCoZHUQ0eKMVx3ZQZQ=,kSMmAJDBN1gTvRMaz5zirkoKZ+E=
-12,-13,Kt+Z06NJjfCoZHUQ0eKMVx3ZQZQ=,kSMmAJDBN1gTvRMaz5zirkoKZ+E=
-11,-13,Kt+Z06NJjfCoZHUQ0eKMVx3ZQZQ=,kSMmAJDBN1gTvRMaz5zirkoKZ+E=
-10,-13,XrjDN0L4vIoh/PD34DVoKy6Thr4=,kSMmAJDBN1gTvRMaz5zirkoKZ+E=
-12,-5,XrjDN0L4vIoh/PD34DVoKy6Thr4=,kSMmAJDBN1gTvRMaz5zirkoKZ+E=
-11,-5,XrjDN0L4vIoh/PD34DVoKy6Thr4=,kSMmAJDBN1gTvRMaz5zirkoKZ+E=
-8,-5,XrjDN0L4vIoh/PD34DVoKy6Thr4=,kSMmAJDBN1gTvRMaz5zirkoKZ+E=
-8,-2,XrjDN0L4vIoh/PD34DVoKy6Thr4=,kSMmAJDBN1gTvRMaz5zirkoKZ+E=
-8,-6,XrjDN0L4vIoh/PD34DVoKy6Thr4=,kSMmAJDBN1gTvRMaz5zirkoKZ+E=
-10,-5,XrjDN0L4vIoh/PD34DVoKy6Thr4=,kSMmAJDBN1gTvRMaz5zirkoKZ+E=
-9,-5,XrjDN0L4vIoh/PD34DVoKy6Thr4=,kSMmAJDBN1gTvRMaz5zirkoKZ+E=
-15,-4,XrjDN0L4vIoh/PD34DVoKy6Thr4=,kSMmAJDBN1gTvRMaz5zirkoKZ+E=
-14,-4,XrjDN0L4vIoh/PD34DVoKy6Thr4=,kSMmAJDBN1gTvRMaz5zirkoKZ+E=
-13,-4,XrjDN0L4vIoh/PD34DVoKy6Thr4=,kSMmAJDBN1gTvRMaz5zirkoKZ+E=
-12,-4,XrjDN0L4vIoh/PD34DVoKy6Thr4=,kSMmAJDBN1gTvRMaz5zirkoKZ+E=
-15,-9,XrjDN0L4vIoh/PD34DVoKy6Thr4=,kSMmAJDBN1gTvRMaz5zirkoKZ+E=
-14,-9,XrjDN0L4vIoh/PD34DVoKy6Thr4=,kSMmAJDBN1gTvRMaz5zirkoKZ+E=
-13,-9,XrjDN0L4vIoh/PD34DVoKy6Thr4=,kSMmAJDBN1gTvRMaz5zirkoKZ+E=
-11,-9,XrjDN0L4vIoh/PD34DVoKy6Thr4=,kSMmAJDBN1gTvRMaz5zirkoKZ+E=
-10,-9,XrjDN0L4vIoh/PD34DVoKy6Thr4=,kSMmAJDBN1gTvRMaz5zirkoKZ+E=
-12,-9,XrjDN0L4vIoh/PD34DVoKy6Thr4=,kSMmAJDBN1gTvRMaz5zirkoKZ+E=
-8,-4,XrjDN0L4vIoh/PD34DVoKy6Thr4=,kSMmAJDBN1gTvRMaz5zirkoKZ+E=
-10,-4,XrjDN0L4vIoh/PD34DVoKy6Thr4=,kSMmAJDBN1gTvRMaz5zirkoKZ+E=
-11,-4,XrjDN0L4vIoh/PD34DVoKy6Thr4=,kSMmAJDBN1gTvRMaz5zirkoKZ+E=
-15,-8,XrjDN0L4vIoh/PD34DVoKy6Thr4=,kSMmAJDBN1gTvRMaz5zirkoKZ+E=
-9,-4,XrjDN0L4vIoh/PD34DVoKy6Thr4=,kSMmAJDBN1gTvRMaz5zirkoKZ+E=
-14,-8,XrjDN0L4vIoh/PD34DVoKy6Thr4=,kSMmAJDBN1gTvRMaz5zirkoKZ+E=
-13,-8,XrjDN0L4vIoh/PD34DVoKy6Thr4=,kSMmAJDBN1gTvRMaz5zirkoKZ+E=
-15,-3,XrjDN0L4vIoh/PD34DVoKy6Thr4=,kSMmAJDBN1gTvRMaz5zirkoKZ+E=
-14,-3,XrjDN0L4vIoh/PD34DVoKy6Thr4=,kSMmAJDBN1gTvRMaz5zirkoKZ+E=
-12,-8,XrjDN0L4vIoh/PD34DVoKy6Thr4=,kSMmAJDBN1gTvRMaz5zirkoKZ+E=
-11,-8,XrjDN0L4vIoh/PD34DVoKy6Thr4=,kSMmAJDBN1gTvRMaz5zirkoKZ+E=
-8,-7,XrjDN0L4vIoh/PD34DVoKy6Thr4=,kSMmAJDBN1gTvRMaz5zirkoKZ+E=
-13,-3,XrjDN0L4vIoh/PD34DVoKy6Thr4=,kSMmAJDBN1gTvRMaz5zirkoKZ+E=
-12,-3,XrjDN0L4vIoh/PD34DVoKy6Thr4=,kSMmAJDBN1gTvRMaz5zirkoKZ+E=
-10,-8,XrjDN0L4vIoh/PD34DVoKy6Thr4=,kSMmAJDBN1gTvRMaz5zirkoKZ+E=
-11,-3,XrjDN0L4vIoh/PD34DVoKy6Thr4=,kSMmAJDBN1gTvRMaz5zirkoKZ+E=
-10,-3,XrjDN0L4vIoh/PD34DVoKy6Thr4=,kSMmAJDBN1gTvRMaz5zirkoKZ+E=
-9,-3,XrjDN0L4vIoh/PD34DVoKy6Thr4=,kSMmAJDBN1gTvRMaz5zirkoKZ+E=
-15,-2,XrjDN0L4vIoh/PD34DVoKy6Thr4=,kSMmAJDBN1gTvRMaz5zirkoKZ+E=
-15,-7,XrjDN0L4vIoh/PD34DVoKy6Thr4=,kSMmAJDBN1gTvRMaz5zirkoKZ+E=
-14,-2,XrjDN0L4vIoh/PD34DVoKy6Thr4=,kSMmAJDBN1gTvRMaz5zirkoKZ+E=
-13,-2,XrjDN0L4vIoh/PD34DVoKy6Thr4=,kSMmAJDBN1gTvRMaz5zirkoKZ+E=
-14,-7,XrjDN0L4vIoh/PD34DVoKy6Thr4=,kSMmAJDBN1gTvRMaz5zirkoKZ+E=
-12,-2,XrjDN0L4vIoh/PD34DVoKy6Thr4=,kSMmAJDBN1gTvRMaz5zirkoKZ+E=
-11,-2,XrjDN0L4vIoh/PD34DVoKy6Thr4=,kSMmAJDBN1gTvRMaz5zirkoKZ+E=
-13,-7,XrjDN0L4vIoh/PD34DVoKy6Thr4=,kSMmAJDBN1gTvRMaz5zirkoKZ+E=
-10,-2,XrjDN0L4vIoh/PD34DVoKy6Thr4=,kSMmAJDBN1gTvRMaz5zirkoKZ+E=
-9,-2,XrjDN0L4vIoh/PD34DVoKy6Thr4=,kSMmAJDBN1gTvRMaz5zirkoKZ+E=
-12,-7,XrjDN0L4vIoh/PD34DVoKy6Thr4=,kSMmAJDBN1gTvRMaz5zirkoKZ+E=
-10,-7,XrjDN0L4vIoh/PD34DVoKy6Thr4=,kSMmAJDBN1gTvRMaz5zirkoKZ+E=
-11,-7,XrjDN0L4vIoh/PD34DVoKy6Thr4=,kSMmAJDBN1gTvRMaz5zirkoKZ+E=
-9,-7,XrjDN0L4vIoh/PD34DVoKy6Thr4=,kSMmAJDBN1gTvRMaz5zirkoKZ+E=
-8,-3,XrjDN0L4vIoh/PD34DVoKy6Thr4=,kSMmAJDBN1gTvRMaz5zirkoKZ+E=
-15,-6,XrjDN0L4vIoh/PD34DVoKy6Thr4=,kSMmAJDBN1gTvRMaz5zirkoKZ+E=
-14,-6,XrjDN0L4vIoh/PD34DVoKy6Thr4=,kSMmAJDBN1gTvRMaz5zirkoKZ+E=
-13,-6,XrjDN0L4vIoh/PD34DVoKy6Thr4=,kSMmAJDBN1gTvRMaz5zirkoKZ+E=
-12,-6,XrjDN0L4vIoh/PD34DVoKy6Thr4=,kSMmAJDBN1gTvRMaz5zirkoKZ+E=
-11,-6,XrjDN0L4vIoh/PD34DVoKy6Thr4=,kSMmAJDBN1gTvRMaz5zirkoKZ+E=
-10,-6,XrjDN0L4vIoh/PD34DVoKy6Thr4=,kSMmAJDBN1gTvRMaz5zirkoKZ+E=
-9,-6,XrjDN0L4vIoh/PD34DVoKy6Thr4=,kSMmAJDBN1gTvRMaz5zirkoKZ+E=
-15,-5,XrjDN0L4vIoh/PD34DVoKy6Thr4=,kSMmAJDBN1gTvRMaz5zirkoKZ+E=
-14,-5,XrjDN0L4vIoh/PD34DVoKy6Thr4=,kSMmAJDBN1gTvRMaz5zirkoKZ+E=
-13,-5,XrjDN0L4vIoh/PD34DVoKy6Thr4=,kSMmAJDBN1gTvRMaz5zirkoKZ+E=
-16,-4,XrjDN0L4vIoh/PD34DVoKy6Thr4=,kSMmAJDBN1gTvRMaz5zirkoKZ+E=
-16,-3,XrjDN0L4vIoh/PD34DVoKy6Thr4=,kSMmAJDBN1gTvRMaz5zirkoKZ+E=
-16,-2,XrjDN0L4vIoh/PD34DVoKy6Thr4=,kSMmAJDBN1gTvRMaz5zirkoKZ+E=
-16,-7,XrjDN0L4vIoh/PD34DVoKy6Thr4=,kSMmAJDBN1gTvRMaz5zirkoKZ+E=
-16,-6,XrjDN0L4vIoh/PD34DVoKy6Thr4=,kSMmAJDBN1gTvRMaz5zirkoKZ+E=
-16,-5,XrjDN0L4vIoh/PD34DVoKy6Thr4=,kSMmAJDBN1gTvRMaz5zirkoKZ+E=
-13,-11,XrjDN0L4vIoh/PD34DVoKy6Thr4=,kSMmAJDBN1gTvRMaz5zirkoKZ+E=
-14,-11,XrjDN0L4vIoh/PD34DVoKy6Thr4=,kSMmAJDBN1gTvRMaz5zirkoKZ+E=
-15,-11,XrjDN0L4vIoh/PD34DVoKy6Thr4=,kSMmAJDBN1gTvRMaz5zirkoKZ+E=
-10,-12,XrjDN0L4vIoh/PD34DVoKy6Thr4=,kSMmAJDBN1gTvRMaz5zirkoKZ+E=
-11,-12,XrjDN0L4vIoh/PD34DVoKy6Thr4=,kSMmAJDBN1gTvRMaz5zirkoKZ+E=
-12,-12,XrjDN0L4vIoh/PD34DVoKy6Thr4=,kSMmAJDBN1gTvRMaz5zirkoKZ+E=
-13,-12,XrjDN0L4vIoh/PD34DVoKy6Thr4=,kSMmAJDBN1gTvRMaz5zirkoKZ+E=
-14,-12,XrjDN0L4vIoh/PD34DVoKy6Thr4=,kSMmAJDBN1gTvRMaz5zirkoKZ+E=
-15,-12,XrjDN0L4vIoh/PD34DVoKy6Thr4=,kSMmAJDBN1gTvRMaz5zirkoKZ+E=
-4,-8,XrjDN0L4vIoh/PD34DVoKy6Thr4=,kSMmAJDBN1gTvRMaz5zirkoKZ+E=
-3,-8,XrjDN0L4vIoh/PD34DVoKy6Thr4=,kSMmAJDBN1gTvRMaz5zirkoKZ+E=
-5,-13,XrjDN0L4vIoh/PD34DVoKy6Thr4=,kSMmAJDBN1gTvRMaz5zirkoKZ+E=
-6,-13,XrjDN0L4vIoh/PD34DVoKy6Thr4=,kSMmAJDBN1gTvRMaz5zirkoKZ+E=
-4,-13,XrjDN0L4vIoh/PD34DVoKy6Thr4=,kSMmAJDBN1gTvRMaz5zirkoKZ+E=
-9,-11,XrjDN0L4vIoh/PD34DVoKy6Thr4=,kSMmAJDBN1gTvRMaz5zirkoKZ+E=
-7,-13,XrjDN0L4vIoh/PD34DVoKy6Thr4=,kSMmAJDBN1gTvRMaz5zirkoKZ+E=
-8,-13,XrjDN0L4vIoh/PD34DVoKy6Thr4=,kSMmAJDBN1gTvRMaz5zirkoKZ+E=
-1,-14,XrjDN0L4vIoh/PD34DVoKy6Thr4=,kSMmAJDBN1gTvRMaz5zirkoKZ+E=
-3,-13,XrjDN0L4vIoh/PD34DVoKy6Thr4=,kSMmAJDBN1gTvRMaz5zirkoKZ+E=
-2,-14,XrjDN0L4vIoh/PD34DVoKy6Thr4=,kSMmAJDBN1gTvRMaz5zirkoKZ+E=
-2,-13,XrjDN0L4vIoh/PD34DVoKy6Thr4=,kSMmAJDBN1gTvRMaz5zirkoKZ+E=
-3,-14,XrjDN0L4vIoh/PD34DVoKy6Thr4=,kSMmAJDBN1gTvRMaz5zirkoKZ+E=
-2,-9,XrjDN0L4vIoh/PD34DVoKy6Thr4=,kSMmAJDBN1gTvRMaz5zirkoKZ+E=
-3,-9,XrjDN0L4vIoh/PD34DVoKy6Thr4=,kSMmAJDBN1gTvRMaz5zirkoKZ+E=
-1,-13,XrjDN0L4vIoh/PD34DVoKy6Thr4=,kSMmAJDBN1gTvRMaz5zirkoKZ+E=
-8,-12,XrjDN0L4vIoh/PD34DVoKy6Thr4=,kSMmAJDBN1gTvRMaz5zirkoKZ+E=
-2,-8,XrjDN0L4vIoh/PD34DVoKy6Thr4=,kSMmAJDBN1gTvRMaz5zirkoKZ+E=
-7,-12,XrjDN0L4vIoh/PD34DVoKy6Thr4=,kSMmAJDBN1gTvRMaz5zirkoKZ+E=
-8,-15,XrjDN0L4vIoh/PD34DVoKy6Thr4=,kSMmAJDBN1gTvRMaz5zirkoKZ+E=
-6,-12,XrjDN0L4vIoh/PD34DVoKy6Thr4=,kSMmAJDBN1gTvRMaz5zirkoKZ+E=
-5,-12,XrjDN0L4vIoh/PD34DVoKy6Thr4=,kSMmAJDBN1gTvRMaz5zirkoKZ+E=
-4,-14,XrjDN0L4vIoh/PD34DVoKy6Thr4=,kSMmAJDBN1gTvRMaz5zirkoKZ+E=
-4,-9,XrjDN0L4vIoh/PD34DVoKy6Thr4=,kSMmAJDBN1gTvRMaz5zirkoKZ+E=
-9,-12,XrjDN0L4vIoh/PD34DVoKy6Thr4=,kSMmAJDBN1gTvRMaz5zirkoKZ+E=
-5,-9,XrjDN0L4vIoh/PD34DVoKy6Thr4=,kSMmAJDBN1gTvRMaz5zirkoKZ+E=
-6,-9,XrjDN0L4vIoh/PD34DVoKy6Thr4=,kSMmAJDBN1gTvRMaz5zirkoKZ+E=
-7,-9,XrjDN0L4vIoh/PD34DVoKy6Thr4=,kSMmAJDBN1gTvRMaz5zirkoKZ+E=
-8,-9,XrjDN0L4vIoh/PD34DVoKy6Thr4=,kSMmAJDBN1gTvRMaz5zirkoKZ+E=
-5,-14,XrjDN0L4vIoh/PD34DVoKy6Thr4=,kSMmAJDBN1gTvRMaz5zirkoKZ+E=
-1,-10,XrjDN0L4vIoh/PD34DVoKy6Thr4=,kSMmAJDBN1gTvRMaz5zirkoKZ+E=
-5,-8,XrjDN0L4vIoh/PD34DVoKy6Thr4=,kSMmAJDBN1gTvRMaz5zirkoKZ+E=
-7,-15,XrjDN0L4vIoh/PD34DVoKy6Thr4=,kSMmAJDBN1gTvRMaz5zirkoKZ+E=
-7,-14,XrjDN0L4vIoh/PD34DVoKy6Thr4=,kSMmAJDBN1gTvRMaz5zirkoKZ+E=
-2,-10,XrjDN0L4vIoh/PD34DVoKy6Thr4=,kSMmAJDBN1gTvRMaz5zirkoKZ+E=
-3,-10,XrjDN0L4vIoh/PD34DVoKy6Thr4=,kSMmAJDBN1gTvRMaz5zirkoKZ+E=
-4,-10,XrjDN0L4vIoh/PD34DVoKy6Thr4=,kSMmAJDBN1gTvRMaz5zirkoKZ+E=
-5,-10,XrjDN0L4vIoh/PD34DVoKy6Thr4=,kSMmAJDBN1gTvRMaz5zirkoKZ+E=
-6,-8,XrjDN0L4vIoh/PD34DVoKy6Thr4=,kSMmAJDBN1gTvRMaz5zirkoKZ+E=
-6,-10,XrjDN0L4vIoh/PD34DVoKy6Thr4=,kSMmAJDBN1gTvRMaz5zirkoKZ+E=
-8,-14,XrjDN0L4vIoh/PD34DVoKy6Thr4=,kSMmAJDBN1gTvRMaz5zirkoKZ+E=
-7,-10,XrjDN0L4vIoh/PD34DVoKy6Thr4=,kSMmAJDBN1gTvRMaz5zirkoKZ+E=
-8,-10,XrjDN0L4vIoh/PD34DVoKy6Thr4=,kSMmAJDBN1gTvRMaz5zirkoKZ+E=
-4,-12,XrjDN0L4vIoh/PD34DVoKy6Thr4=,kSMmAJDBN1gTvRMaz5zirkoKZ+E=
-9,-15,XrjDN0L4vIoh/PD34DVoKy6Thr4=,kSMmAJDBN1gTvRMaz5zirkoKZ+E=
-6,-14,XrjDN0L4vIoh/PD34DVoKy6Thr4=,kSMmAJDBN1gTvRMaz5zirkoKZ+E=
-9,-8,XrjDN0L4vIoh/PD34DVoKy6Thr4=,kSMmAJDBN1gTvRMaz5zirkoKZ+E=
-2,-11,XrjDN0L4vIoh/PD34DVoKy6Thr4=,kSMmAJDBN1gTvRMaz5zirkoKZ+E=
-9,-13,XrjDN0L4vIoh/PD34DVoKy6Thr4=,kSMmAJDBN1gTvRMaz5zirkoKZ+E=
-7,-8,XrjDN0L4vIoh/PD34DVoKy6Thr4=,kSMmAJDBN1gTvRMaz5zirkoKZ+E=
-8,-8,XrjDN0L4vIoh/PD34DVoKy6Thr4=,kSMmAJDBN1gTvRMaz5zirkoKZ+E=
-3,-11,XrjDN0L4vIoh/PD34DVoKy6Thr4=,kSMmAJDBN1gTvRMaz5zirkoKZ+E=
-4,-11,XrjDN0L4vIoh/PD34DVoKy6Thr4=,kSMmAJDBN1gTvRMaz5zirkoKZ+E=
-5,-11,XrjDN0L4vIoh/PD34DVoKy6Thr4=,kSMmAJDBN1gTvRMaz5zirkoKZ+E=
-1,-15,XrjDN0L4vIoh/PD34DVoKy6Thr4=,kSMmAJDBN1gTvRMaz5zirkoKZ+E=
-2,-15,XrjDN0L4vIoh/PD34DVoKy6Thr4=,kSMmAJDBN1gTvRMaz5zirkoKZ+E=
-9,-14,XrjDN0L4vIoh/PD34DVoKy6Thr4=,kSMmAJDBN1gTvRMaz5zirkoKZ+E=
-6,-11,XrjDN0L4vIoh/PD34DVoKy6Thr4=,kSMmAJDBN1gTvRMaz5zirkoKZ+E=
-7,-11,XrjDN0L4vIoh/PD34DVoKy6Thr4=,kSMmAJDBN1gTvRMaz5zirkoKZ+E=
-8,-11,XrjDN0L4vIoh/PD34DVoKy6Thr4=,kSMmAJDBN1gTvRMaz5zirkoKZ+E=
-9,-9,XrjDN0L4vIoh/PD34DVoKy6Thr4=,kSMmAJDBN1gTvRMaz5zirkoKZ+E=
-1,-11,XrjDN0L4vIoh/PD34DVoKy6Thr4=,kSMmAJDBN1gTvRMaz5zirkoKZ+E=
-6,-15,XrjDN0L4vIoh/PD34DVoKy6Thr4=,kSMmAJDBN1gTvRMaz5zirkoKZ+E=
-1,-12,XrjDN0L4vIoh/PD34DVoKy6Thr4=,kSMmAJDBN1gTvRMaz5zirkoKZ+E=
-2,-12,XrjDN0L4vIoh/PD34DVoKy6Thr4=,kSMmAJDBN1gTvRMaz5zirkoKZ+E=
-3,-15,XrjDN0L4vIoh/PD34DVoKy6Thr4=,kSMmAJDBN1gTvRMaz5zirkoKZ+E=
-5,-15,XrjDN0L4vIoh/PD34DVoKy6Thr4=,kSMmAJDBN1gTvRMaz5zirkoKZ+E=
-9,-10,XrjDN0L4vIoh/PD34DVoKy6Thr4=,kSMmAJDBN1gTvRMaz5zirkoKZ+E=
-3,-12,XrjDN0L4vIoh/PD34DVoKy6Thr4=,kSMmAJDBN1gTvRMaz5zirkoKZ+E=
-4,-15,XrjDN0L4vIoh/PD34DVoKy6Thr4=,kSMmAJDBN1gTvRMaz5zirkoKZ+E=
-16,-10,XrjDN0L4vIoh/PD34DVoKy6Thr4=,kSMmAJDBN1gTvRMaz5zirkoKZ+E=
-16,-15,XrjDN0L4vIoh/PD34DVoKy6Thr4=,kSMmAJDBN1gTvRMaz5zirkoKZ+E=
-16,-14,XrjDN0L4vIoh/PD34DVoKy6Thr4=,kSMmAJDBN1gTvRMaz5zirkoKZ+E=
-16,-8,XrjDN0L4vIoh/PD34DVoKy6Thr4=,kSMmAJDBN1gTvRMaz5zirkoKZ+E=
-16,-13,XrjDN0L4vIoh/PD34DVoKy6Thr4=,kSMmAJDBN1gTvRMaz5zirkoKZ+E=
-16,-9,XrjDN0L4vIoh/PD34DVoKy6Thr4=,kSMmAJDBN1gTvRMaz5zirkoKZ+E=
-16,-12,XrjDN0L4vIoh/PD34DVoKy6Thr4=,kSMmAJDBN1gTvRMaz5zirkoKZ+E=
-16,-11,XrjDN0L4vIoh/PD34DVoKy6Thr4=,kSMmAJDBN1gTvRMaz5zirkoKZ+E=
-1,-3,XrjDN0L4vIoh/PD34DVoKy6Thr4=,kSMmAJDBN1gTvRMaz5zirkoKZ+E=
-1,-2,XrjDN0L4vIoh/PD34DVoKy6Thr4=,kSMmAJDBN1gTvRMaz5zirkoKZ+E=
-1,-8,XrjDN0L4vIoh/PD34DVoKy6Thr4=,kSMmAJDBN1gTvRMaz5zirkoKZ+E=
-1,-5,XrjDN0L4vIoh/PD34DVoKy6Thr4=,kSMmAJDBN1gTvRMaz5zirkoKZ+E=
-1,-6,XrjDN0L4vIoh/PD34DVoKy6Thr4=,kSMmAJDBN1gTvRMaz5zirkoKZ+E=
-1,-4,XrjDN0L4vIoh/PD34DVoKy6Thr4=,kSMmAJDBN1gTvRMaz5zirkoKZ+E=
-1,-7,XrjDN0L4vIoh/PD34DVoKy6Thr4=,kSMmAJDBN1gTvRMaz5zirkoKZ+E=
-1,-9,XrjDN0L4vIoh/PD34DVoKy6Thr4=,kSMmAJDBN1gTvRMaz5zirkoKZ+E=
-16,-16,XrjDN0L4vIoh/PD34DVoKy6Thr4=,kSMmAJDBN1gTvRMaz5zirkoKZ+E=
-15,-16,XrjDN0L4vIoh/PD34DVoKy6Thr4=,kSMmAJDBN1gTvRMaz5zirkoKZ+E=
-14,-16,XrjDN0L4vIoh/PD34DVoKy6Thr4=,kSMmAJDBN1gTvRMaz5zirkoKZ+E=
-13,-16,XrjDN0L4vIoh/PD34DVoKy6Thr4=,kSMmAJDBN1gTvRMaz5zirkoKZ+E=
-12,-16,XrjDN0L4vIoh/PD34DVoKy6Thr4=,kSMmAJDBN1gTvRMaz5zirkoKZ+E=
-10,-16,XrjDN0L4vIoh/PD34DVoKy6Thr4=,kSMmAJDBN1gTvRMaz5zirkoKZ+E=
-1,-16,XrjDN0L4vIoh/PD34DVoKy6Thr4=,kSMmAJDBN1gTvRMaz5zirkoKZ+E=
-2,-16,XrjDN0L4vIoh/PD34DVoKy6Thr4=,kSMmAJDBN1gTvRMaz5zirkoKZ+E=
-3,-16,XrjDN0L4vIoh/PD34DVoKy6Thr4=,kSMmAJDBN1gTvRMaz5zirkoKZ+E=
-11,-16,XrjDN0L4vIoh/PD34DVoKy6Thr4=,kSMmAJDBN1gTvRMaz5zirkoKZ+E=
-4,-16,XrjDN0L4vIoh/PD34DVoKy6Thr4=,kSMmAJDBN1gTvRMaz5zirkoKZ+E=
-9,-16,XrjDN0L4vIoh/PD34DVoKy6Thr4=,kSMmAJDBN1gTvRMaz5zirkoKZ+E=
-5,-16,XrjDN0L4vIoh/PD34DVoKy6Thr4=,kSMmAJDBN1gTvRMaz5zirkoKZ+E=
-6,-16,XrjDN0L4vIoh/PD34DVoKy6Thr4=,kSMmAJDBN1gTvRMaz5zirkoKZ+E=
-8,-16,XrjDN0L4vIoh/PD34DVoKy6Thr4=,kSMmAJDBN1gTvRMaz5zirkoKZ+E=
-7,-16,XrjDN0L4vIoh/PD34DVoKy6Thr4=,kSMmAJDBN1gTvRMaz5zirkoKZ+E=
-1,-1,XrjDN0L4vIoh/PD34DVoKy6Thr4=,kSMmAJDBN1gTvRMaz5zirkoKZ+E=
-2,-1,XrjDN0L4vIoh/PD34DVoKy6Thr4=,kSMmAJDBN1gTvRMaz5zirkoKZ+E=
-6,-1,XrjDN0L4vIoh/PD34DVoKy6Thr4=,kSMmAJDBN1gTvRMaz5zirkoKZ+E=
-7,-1,XrjDN0L4vIoh/PD34DVoKy6Thr4=,kSMmAJDBN1gTvRMaz5zirkoKZ+E=
-3,-1,XrjDN0L4vIoh/PD34DVoKy6Thr4=,kSMmAJDBN1gTvRMaz5zirkoKZ+E=
-8,-1,XrjDN0L4vIoh/PD34DVoKy6Thr4=,kSMmAJDBN1gTvRMaz5zirkoKZ+E=
-5,-1,XrjDN0L4vIoh/PD34DVoKy6Thr4=,kSMmAJDBN1gTvRMaz5zirkoKZ+E=
-9,-1,XrjDN0L4vIoh/PD34DVoKy6Thr4=,kSMmAJDBN1gTvRMaz5zirkoKZ+E=
-16,-1,XrjDN0L4vIoh/PD34DVoKy6Thr4=,kSMmAJDBN1gTvRMaz5zirkoKZ+E=
-4,-1,XrjDN0L4vIoh/PD34DVoKy6Thr4=,kSMmAJDBN1gTvRMaz5zirkoKZ+E=
-10,-1,XrjDN0L4vIoh/PD34DVoKy6Thr4=,kSMmAJDBN1gTvRMaz5zirkoKZ+E=
-15,-1,XrjDN0L4vIoh/PD34DVoKy6Thr4=,kSMmAJDBN1gTvRMaz5zirkoKZ+E=
-11,-1,XrjDN0L4vIoh/PD34DVoKy6Thr4=,kSMmAJDBN1gTvRMaz5zirkoKZ+E=
-12,-1,XrjDN0L4vIoh/PD34DVoKy6Thr4=,kSMmAJDBN1gTvRMaz5zirkoKZ+E=
-14,-1,XrjDN0L4vIoh/PD34DVoKy6Thr4=,kSMmAJDBN1gTvRMaz5zirkoKZ+E=
-13,-1,XrjDN0L4vIoh/PD34DVoKy6Thr4=,kSMmAJDBN1gTvRMaz5zirkoKZ+E=
-7,-22,XrjDN0L4vIoh/PD34DVoKy6Thr4=,kSMmAJDBN1gTvRMaz5zirkoKZ+E=
-6,-20,XrjDN0L4vIoh/PD34DVoKy6Thr4=,kSMmAJDBN1gTvRMaz5zirkoKZ+E=
-5,-20,XrjDN0L4vIoh/PD34DVoKy6Thr4=,kSMmAJDBN1gTvRMaz5zirkoKZ+E=
-6,-21,XrjDN0L4vIoh/PD34DVoKy6Thr4=,kSMmAJDBN1gTvRMaz5zirkoKZ+E=
-4,-20,XrjDN0L4vIoh/PD34DVoKy6Thr4=,kSMmAJDBN1gTvRMaz5zirkoKZ+E=
-3,-20,XrjDN0L4vIoh/PD34DVoKy6Thr4=,kSMmAJDBN1gTvRMaz5zirkoKZ+E=
-2,-20,XrjDN0L4vIoh/PD34DVoKy6Thr4=,kSMmAJDBN1gTvRMaz5zirkoKZ+E=
-5,-21,XrjDN0L4vIoh/PD34DVoKy6Thr4=,kSMmAJDBN1gTvRMaz5zirkoKZ+E=
-2,-18,XrjDN0L4vIoh/PD34DVoKy6Thr4=,kSMmAJDBN1gTvRMaz5zirkoKZ+E=
-7,-19,XrjDN0L4vIoh/PD34DVoKy6Thr4=,kSMmAJDBN1gTvRMaz5zirkoKZ+E=
-6,-19,XrjDN0L4vIoh/PD34DVoKy6Thr4=,kSMmAJDBN1gTvRMaz5zirkoKZ+E=
-5,-19,XrjDN0L4vIoh/PD34DVoKy6Thr4=,kSMmAJDBN1gTvRMaz5zirkoKZ+E=
-4,-19,XrjDN0L4vIoh/PD34DVoKy6Thr4=,kSMmAJDBN1gTvRMaz5zirkoKZ+E=
-3,-19,XrjDN0L4vIoh/PD34DVoKy6Thr4=,kSMmAJDBN1gTvRMaz5zirkoKZ+E=
-2,-19,XrjDN0L4vIoh/PD34DVoKy6Thr4=,kSMmAJDBN1gTvRMaz5zirkoKZ+E=
-7,-21,XrjDN0L4vIoh/PD34DVoKy6Thr4=,kSMmAJDBN1gTvRMaz5zirkoKZ+E=
-4,-21,XrjDN0L4vIoh/PD34DVoKy6Thr4=,kSMmAJDBN1gTvRMaz5zirkoKZ+E=
-3,-21,XrjDN0L4vIoh/PD34DVoKy6Thr4=,kSMmAJDBN1gTvRMaz5zirkoKZ+E=
-6,-22,XrjDN0L4vIoh/PD34DVoKy6Thr4=,kSMmAJDBN1gTvRMaz5zirkoKZ+E=
-5,-22,XrjDN0L4vIoh/PD34DVoKy6Thr4=,kSMmAJDBN1gTvRMaz5zirkoKZ+E=
-2,-21,XrjDN0L4vIoh/PD34DVoKy6Thr4=,kSMmAJDBN1gTvRMaz5zirkoKZ+E=
-7,-18,XrjDN0L4vIoh/PD34DVoKy6Thr4=,kSMmAJDBN1gTvRMaz5zirkoKZ+E=
-6,-18,XrjDN0L4vIoh/PD34DVoKy6Thr4=,kSMmAJDBN1gTvRMaz5zirkoKZ+E=
-5,-18,XrjDN0L4vIoh/PD34DVoKy6Thr4=,kSMmAJDBN1gTvRMaz5zirkoKZ+E=
-4,-22,XrjDN0L4vIoh/PD34DVoKy6Thr4=,kSMmAJDBN1gTvRMaz5zirkoKZ+E=
-6,-23,XrjDN0L4vIoh/PD34DVoKy6Thr4=,kSMmAJDBN1gTvRMaz5zirkoKZ+E=
-5,-23,XrjDN0L4vIoh/PD34DVoKy6Thr4=,kSMmAJDBN1gTvRMaz5zirkoKZ+E=
-4,-23,XrjDN0L4vIoh/PD34DVoKy6Thr4=,kSMmAJDBN1gTvRMaz5zirkoKZ+E=
-3,-23,XrjDN0L4vIoh/PD34DVoKy6Thr4=,kSMmAJDBN1gTvRMaz5zirkoKZ+E=
-4,-18,XrjDN0L4vIoh/PD34DVoKy6Thr4=,kSMmAJDBN1gTvRMaz5zirkoKZ+E=
-3,-18,XrjDN0L4vIoh/PD34DVoKy6Thr4=,kSMmAJDBN1gTvRMaz5zirkoKZ+E=
-7,-20,XrjDN0L4vIoh/PD34DVoKy6Thr4=,kSMmAJDBN1gTvRMaz5zirkoKZ+E=
-7,-23,XrjDN0L4vIoh/PD34DVoKy6Thr4=,kSMmAJDBN1gTvRMaz5zirkoKZ+E=
-2,-22,XrjDN0L4vIoh/PD34DVoKy6Thr4=,kSMmAJDBN1gTvRMaz5zirkoKZ+E=
-3,-22,XrjDN0L4vIoh/PD34DVoKy6Thr4=,kSMmAJDBN1gTvRMaz5zirkoKZ+E=
-2,-23,XrjDN0L4vIoh/PD34DVoKy6Thr4=,kSMmAJDBN1gTvRMaz5zirkoKZ+E=
-12,-27,XrjDN0L4vIoh/PD34DVoKy6Thr4=,kSMmAJDBN1gTvRMaz5zirkoKZ+E=
-11,-27,XrjDN0L4vIoh/PD34DVoKy6Thr4=,kSMmAJDBN1gTvRMaz5zirkoKZ+E=
-10,-27,XrjDN0L4vIoh/PD34DVoKy6Thr4=,kSMmAJDBN1gTvRMaz5zirkoKZ+E=
-15,-26,zqQIny/esc+pWTc8SNppezSOAHY=,kSMmAJDBN1gTvRMaz5zirkoKZ+E=
-13,-27,zqQIny/esc+pWTc8SNppezSOAHY=,kSMmAJDBN1gTvRMaz5zirkoKZ+E=
-14,-27,zqQIny/esc+pWTc8SNppezSOAHY=,kSMmAJDBN1gTvRMaz5zirkoKZ+E=
-10,-28,zqQIny/esc+pWTc8SNppezSOAHY=,kSMmAJDBN1gTvRMaz5zirkoKZ+E=
-11,-28,zqQIny/esc+pWTc8SNppezSOAHY=,kSMmAJDBN1gTvRMaz5zirkoKZ+E=
-12,-28,zqQIny/esc+pWTc8SNppezSOAHY=,kSMmAJDBN1gTvRMaz5zirkoKZ+E=
-13,-28,zqQIny/esc+pWTc8SNppezSOAHY=,kSMmAJDBN1gTvRMaz5zirkoKZ+E=
-14,-28,zqQIny/esc+pWTc8SNppezSOAHY=,kSMmAJDBN1gTvRMaz5zirkoKZ+E=
-10,-29,zqQIny/esc+pWTc8SNppezSOAHY=,kSMmAJDBN1gTvRMaz5zirkoKZ+E=
-11,-29,zqQIny/esc+pWTc8SNppezSOAHY=,kSMmAJDBN1gTvRMaz5zirkoKZ+E=
-12,-29,zqQIny/esc+pWTc8SNppezSOAHY=,kSMmAJDBN1gTvRMaz5zirkoKZ+E=
-13,-29,zqQIny/esc+pWTc8SNppezSOAHY=,kSMmAJDBN1gTvRMaz5zirkoKZ+E=
-14,-29,zqQIny/esc+pWTc8SNppezSOAHY=,kSMmAJDBN1gTvRMaz5zirkoKZ+E=
-15,-29,zqQIny/esc+pWTc8SNppezSOAHY=,kSMmAJDBN1gTvRMaz5zirkoKZ+E=
-10,-30,zqQIny/esc+pWTc8SNppezSOAHY=,kSMmAJDBN1gTvRMaz5zirkoKZ+E=
-11,-30,zqQIny/esc+pWTc8SNppezSOAHY=,kSMmAJDBN1gTvRMaz5zirkoKZ+E=
-12,-30,zqQIny/esc+pWTc8SNppezSOAHY=,kSMmAJDBN1gTvRMaz5zirkoKZ+E=
-13,-30,zqQIny/esc+pWTc8SNppezSOAHY=,kSMmAJDBN1gTvRMaz5zirkoKZ+E=
-14,-30,zqQIny/esc+pWTc8SNppezSOAHY=,kSMmAJDBN1gTvRMaz5zirkoKZ+E=
-15,-28,zqQIny/esc+pWTc8SNppezSOAHY=,kSMmAJDBN1gTvRMaz5zirkoKZ+E=
-10,-31,zqQIny/esc+pWTc8SNppezSOAHY=,kSMmAJDBN1gTvRMaz5zirkoKZ+E=
-10,-26,zqQIny/esc+pWTc8SNppezSOAHY=,kSMmAJDBN1gTvRMaz5zirkoKZ+E=
-11,-31,zqQIny/esc+pWTc8SNppezSOAHY=,kSMmAJDBN1gTvRMaz5zirkoKZ+E=
-12,-31,zqQIny/esc+pWTc8SNppezSOAHY=,kSMmAJDBN1gTvRMaz5zirkoKZ+E=
-11,-26,zqQIny/esc+pWTc8SNppezSOAHY=,kSMmAJDBN1gTvRMaz5zirkoKZ+E=
-12,-26,zqQIny/esc+pWTc8SNppezSOAHY=,kSMmAJDBN1gTvRMaz5zirkoKZ+E=
-13,-31,zqQIny/esc+pWTc8SNppezSOAHY=,kSMmAJDBN1gTvRMaz5zirkoKZ+E=
-13,-26,zqQIny/esc+pWTc8SNppezSOAHY=,kSMmAJDBN1gTvRMaz5zirkoKZ+E=
-14,-31,zqQIny/esc+pWTc8SNppezSOAHY=,kSMmAJDBN1gTvRMaz5zirkoKZ+E=
-15,-31,zqQIny/esc+pWTc8SNppezSOAHY=,kSMmAJDBN1gTvRMaz5zirkoKZ+E=
-14,-26,zqQIny/esc+pWTc8SNppezSOAHY=,kSMmAJDBN1gTvRMaz5zirkoKZ+E=
-15,-30,zqQIny/esc+pWTc8SNppezSOAHY=,kSMmAJDBN1gTvRMaz5zirkoKZ+E=
-15,-27,zqQIny/esc+pWTc8SNppezSOAHY=,kSMmAJDBN1gTvRMaz5zirkoKZ+E=
-16,-26,zqQIny/esc+pWTc8SNppezSOAHY=,kSMmAJDBN1gTvRMaz5zirkoKZ+E=
-16,-31,zqQIny/esc+pWTc8SNppezSOAHY=,kSMmAJDBN1gTvRMaz5zirkoKZ+E=
-16,-30,zqQIny/esc+pWTc8SNppezSOAHY=,kSMmAJDBN1gTvRMaz5zirkoKZ+E=
-16,-29,zqQIny/esc+pWTc8SNppezSOAHY=,kSMmAJDBN1gTvRMaz5zirkoKZ+E=
-16,-28,zqQIny/esc+pWTc8SNppezSOAHY=,kSMmAJDBN1gTvRMaz5zirkoKZ+E=
-16,-27,zqQIny/esc+pWTc8SNppezSOAHY=,kSMmAJDBN1gTvRMaz5zirkoKZ+E=
-3,-25,zqQIny/esc+pWTc8SNppezSOAHY=,kSMmAJDBN1gTvRMaz5zirkoKZ+E=
-9,-27,zqQIny/esc+pWTc8SNppezSOAHY=,kSMmAJDBN1gTvRMaz5zirkoKZ+E=
-2,-25,zqQIny/esc+pWTc8SNppezSOAHY=,kSMmAJDBN1gTvRMaz5zirkoKZ+E=
-6,-24,zqQIny/esc+pWTc8SNppezSOAHY=,kSMmAJDBN1gTvRMaz5zirkoKZ+E=
-5,-24,zqQIny/esc+pWTc8SNppezSOAHY=,kSMmAJDBN1gTvRMaz5zirkoKZ+E=
-4,-24,zqQIny/esc+pWTc8SNppezSOAHY=,kSMmAJDBN1gTvRMaz5zirkoKZ+E=
-3,-24,zqQIny/esc+pWTc8SNppezSOAHY=,kSMmAJDBN1gTvRMaz5zirkoKZ+E=
-2,-24,zqQIny/esc+pWTc8SNppezSOAHY=,kSMmAJDBN1gTvRMaz5zirkoKZ+E=
-9,-26,zqQIny/esc+pWTc8SNppezSOAHY=,kSMmAJDBN1gTvRMaz5zirkoKZ+E=
-9,-31,zqQIny/esc+pWTc8SNppezSOAHY=,kSMmAJDBN1gTvRMaz5zirkoKZ+E=
-8,-31,zqQIny/esc+pWTc8SNppezSOAHY=,kSMmAJDBN1gTvRMaz5zirkoKZ+E=
-7,-31,zqQIny/esc+pWTc8SNppezSOAHY=,kSMmAJDBN1gTvRMaz5zirkoKZ+E=
-6,-31,zqQIny/esc+pWTc8SNppezSOAHY=,kSMmAJDBN1gTvRMaz5zirkoKZ+E=
-5,-31,zqQIny/esc+pWTc8SNppezSOAHY=,kSMmAJDBN1gTvRMaz5zirkoKZ+E=
-4,-31,zqQIny/esc+pWTc8SNppezSOAHY=,kSMmAJDBN1gTvRMaz5zirkoKZ+E=
-3,-31,zqQIny/esc+pWTc8SNppezSOAHY=,kSMmAJDBN1gTvRMaz5zirkoKZ+E=
-2,-31,zqQIny/esc+pWTc8SNppezSOAHY=,kSMmAJDBN1gTvRMaz5zirkoKZ+E=
-1,-31,zqQIny/esc+pWTc8SNppezSOAHY=,kSMmAJDBN1gTvRMaz5zirkoKZ+E=
-9,-30,zqQIny/esc+pWTc8SNppezSOAHY=,kSMmAJDBN1gTvRMaz5zirkoKZ+E=
-8,-30,zqQIny/esc+pWTc8SNppezSOAHY=,kSMmAJDBN1gTvRMaz5zirkoKZ+E=
-7,-30,zqQIny/esc+pWTc8SNppezSOAHY=,kSMmAJDBN1gTvRMaz5zirkoKZ+E=
-6,-30,zqQIny/esc+pWTc8SNppezSOAHY=,kSMmAJDBN1gTvRMaz5zirkoKZ+E=
-5,-30,zqQIny/esc+pWTc8SNppezSOAHY=,kSMmAJDBN1gTvRMaz5zirkoKZ+E=
-5,-25,zqQIny/esc+pWTc8SNppezSOAHY=,kSMmAJDBN1gTvRMaz5zirkoKZ+E=
-6,-25,zqQIny/esc+pWTc8SNppezSOAHY=,kSMmAJDBN1gTvRMaz5zirkoKZ+E=
-7,-25,zqQIny/esc+pWTc8SNppezSOAHY=,kSMmAJDBN1gTvRMaz5zirkoKZ+E=
-4,-30,zqQIny/esc+pWTc8SNppezSOAHY=,kSMmAJDBN1gTvRMaz5zirkoKZ+E=
-1,-26,zqQIny/esc+pWTc8SNppezSOAHY=,kSMmAJDBN1gTvRMaz5zirkoKZ+E=
-3,-30,zqQIny/esc+pWTc8SNppezSOAHY=,kSMmAJDBN1gTvRMaz5zirkoKZ+E=
-2,-30,zqQIny/esc+pWTc8SNppezSOAHY=,kSMmAJDBN1gTvRMaz5zirkoKZ+E=
-1,-30,zqQIny/esc+pWTc8SNppezSOAHY=,kSMmAJDBN1gTvRMaz5zirkoKZ+E=
-8,-29,zqQIny/esc+pWTc8SNppezSOAHY=,kSMmAJDBN1gTvRMaz5zirkoKZ+E=
-7,-29,zqQIny/esc+pWTc8SNppezSOAHY=,kSMmAJDBN1gTvRMaz5zirkoKZ+E=
-6,-29,zqQIny/esc+pWTc8SNppezSOAHY=,kSMmAJDBN1gTvRMaz5zirkoKZ+E=
-5,-29,zqQIny/esc+pWTc8SNppezSOAHY=,kSMmAJDBN1gTvRMaz5zirkoKZ+E=
-2,-26,zqQIny/esc+pWTc8SNppezSOAHY=,kSMmAJDBN1gTvRMaz5zirkoKZ+E=
-4,-29,zqQIny/esc+pWTc8SNppezSOAHY=,kSMmAJDBN1gTvRMaz5zirkoKZ+E=
-13,-21,zqQIny/esc+pWTc8SNppezSOAHY=,kSMmAJDBN1gTvRMaz5zirkoKZ+E=
-3,-26,zqQIny/esc+pWTc8SNppezSOAHY=,kSMmAJDBN1gTvRMaz5zirkoKZ+E=
-3,-29,zqQIny/esc+pWTc8SNppezSOAHY=,kSMmAJDBN1gTvRMaz5zirkoKZ+E=
-9,-29,zqQIny/esc+pWTc8SNppezSOAHY=,kSMmAJDBN1gTvRMaz5zirkoKZ+E=
-14,-21,zqQIny/esc+pWTc8SNppezSOAHY=,kSMmAJDBN1gTvRMaz5zirkoKZ+E=
-4,-26,zqQIny/esc+pWTc8SNppezSOAHY=,kSMmAJDBN1gTvRMaz5zirkoKZ+E=
-9,-28,zqQIny/esc+pWTc8SNppezSOAHY=,kSMmAJDBN1gTvRMaz5zirkoKZ+E=
-15,-21,zqQIny/esc+pWTc8SNppezSOAHY=,kSMmAJDBN1gTvRMaz5zirkoKZ+E=
-16,-21,zqQIny/esc+pWTc8SNppezSOAHY=,kSMmAJDBN1gTvRMaz5zirkoKZ+E=
-5,-26,zqQIny/esc+pWTc8SNppezSOAHY=,kSMmAJDBN1gTvRMaz5zirkoKZ+E=
-6,-26,zqQIny/esc+pWTc8SNppezSOAHY=,kSMmAJDBN1gTvRMaz5zirkoKZ+E=
-9,-22,zqQIny/esc+pWTc8SNppezSOAHY=,kSMmAJDBN1gTvRMaz5zirkoKZ+E=
-7,-26,zqQIny/esc+pWTc8SNppezSOAHY=,kSMmAJDBN1gTvRMaz5zirkoKZ+E=
-4,-25,zqQIny/esc+pWTc8SNppezSOAHY=,kSMmAJDBN1gTvRMaz5zirkoKZ+E=
-2,-29,zqQIny/esc+pWTc8SNppezSOAHY=,kSMmAJDBN1gTvRMaz5zirkoKZ+E=
-8,-28,zqQIny/esc+pWTc8SNppezSOAHY=,kSMmAJDBN1gTvRMaz5zirkoKZ+E=
-7,-28,zqQIny/esc+pWTc8SNppezSOAHY=,kSMmAJDBN1gTvRMaz5zirkoKZ+E=
-1,-29,zqQIny/esc+pWTc8SNppezSOAHY=,kSMmAJDBN1gTvRMaz5zirkoKZ+E=
-6,-28,zqQIny/esc+pWTc8SNppezSOAHY=,kSMmAJDBN1gTvRMaz5zirkoKZ+E=
-5,-28,zqQIny/esc+pWTc8SNppezSOAHY=,kSMmAJDBN1gTvRMaz5zirkoKZ+E=
-12,-21,zqQIny/esc+pWTc8SNppezSOAHY=,kSMmAJDBN1gTvRMaz5zirkoKZ+E=
-10,-17,zqQIny/esc+pWTc8SNppezSOAHY=,kSMmAJDBN1gTvRMaz5zirkoKZ+E=
-8,-26,zqQIny/esc+pWTc8SNppezSOAHY=,kSMmAJDBN1gTvRMaz5zirkoKZ+E=
-1,-27,zqQIny/esc+pWTc8SNppezSOAHY=,kSMmAJDBN1gTvRMaz5zirkoKZ+E=
-4,-28,zqQIny/esc+pWTc8SNppezSOAHY=,kSMmAJDBN1gTvRMaz5zirkoKZ+E=
-2,-27,zqQIny/esc+pWTc8SNppezSOAHY=,kSMmAJDBN1gTvRMaz5zirkoKZ+E=
-3,-28,zqQIny/esc+pWTc8SNppezSOAHY=,kSMmAJDBN1gTvRMaz5zirkoKZ+E=
-11,-21,zqQIny/esc+pWTc8SNppezSOAHY=,kSMmAJDBN1gTvRMaz5zirkoKZ+E=
-11,-17,zqQIny/esc+pWTc8SNppezSOAHY=,kSMmAJDBN1gTvRMaz5zirkoKZ+E=
-8,-25,zqQIny/esc+pWTc8SNppezSOAHY=,kSMmAJDBN1gTvRMaz5zirkoKZ+E=
-2,-28,zqQIny/esc+pWTc8SNppezSOAHY=,kSMmAJDBN1gTvRMaz5zirkoKZ+E=
-1,-28,zqQIny/esc+pWTc8SNppezSOAHY=,kSMmAJDBN1gTvRMaz5zirkoKZ+E=
-8,-27,zqQIny/esc+pWTc8SNppezSOAHY=,kSMmAJDBN1gTvRMaz5zirkoKZ+E=
-7,-27,zqQIny/esc+pWTc8SNppezSOAHY=,kSMmAJDBN1gTvRMaz5zirkoKZ+E=
-6,-27,zqQIny/esc+pWTc8SNppezSOAHY=,kSMmAJDBN1gTvRMaz5zirkoKZ+E=
-5,-27,zqQIny/esc+pWTc8SNppezSOAHY=,kSMmAJDBN1gTvRMaz5zirkoKZ+E=
-7,-24,zqQIny/esc+pWTc8SNppezSOAHY=,kSMmAJDBN1gTvRMaz5zirkoKZ+E=
-8,-22,zqQIny/esc+pWTc8SNppezSOAHY=,kSMmAJDBN1gTvRMaz5zirkoKZ+E=
-10,-21,zqQIny/esc+pWTc8SNppezSOAHY=,kSMmAJDBN1gTvRMaz5zirkoKZ+E=
-3,-27,zqQIny/esc+pWTc8SNppezSOAHY=,kSMmAJDBN1gTvRMaz5zirkoKZ+E=
-9,-21,zqQIny/esc+pWTc8SNppezSOAHY=,kSMmAJDBN1gTvRMaz5zirkoKZ+E=
-4,-27,zqQIny/esc+pWTc8SNppezSOAHY=,kSMmAJDBN1gTvRMaz5zirkoKZ+E=
-16,-20,zqQIny/esc+pWTc8SNppezSOAHY=,kSMmAJDBN1gTvRMaz5zirkoKZ+E=
-15,-20,zqQIny/esc+pWTc8SNppezSOAHY=,kSMmAJDBN1gTvRMaz5zirkoKZ+E=
-14,-20,zqQIny/esc+pWTc8SNppezSOAHY=,kSMmAJDBN1gTvRMaz5zirkoKZ+E=
-10,-22,zqQIny/esc+pWTc8SNppezSOAHY=,kSMmAJDBN1gTvRMaz5zirkoKZ+E=
-12,-17,zqQIny/esc+pWTc8SNppezSOAHY=,kSMmAJDBN1gTvRMaz5zirkoKZ+E=
-13,-17,zqQIny/esc+pWTc8SNppezSOAHY=,kSMmAJDBN1gTvRMaz5zirkoKZ+E=
-13,-20,zqQIny/esc+pWTc8SNppezSOAHY=,kSMmAJDBN1gTvRMaz5zirkoKZ+E=
-12,-22,zqQIny/esc+pWTc8SNppezSOAHY=,kSMmAJDBN1gTvRMaz5zirkoKZ+E=
-11,-22,zqQIny/esc+pWTc8SNppezSOAHY=,kSMmAJDBN1gTvRMaz5zirkoKZ+E=
-13,-22,zqQIny/esc+pWTc8SNppezSOAHY=,kSMmAJDBN1gTvRMaz5zirkoKZ+E=
-15,-22,zqQIny/esc+pWTc8SNppezSOAHY=,kSMmAJDBN1gTvRMaz5zirkoKZ+E=
-16,-22,zqQIny/esc+pWTc8SNppezSOAHY=,kSMmAJDBN1gTvRMaz5zirkoKZ+E=
-9,-23,zqQIny/esc+pWTc8SNppezSOAHY=,kSMmAJDBN1gTvRMaz5zirkoKZ+E=
-12,-20,zqQIny/esc+pWTc8SNppezSOAHY=,kSMmAJDBN1gTvRMaz5zirkoKZ+E=
-8,-21,zqQIny/esc+pWTc8SNppezSOAHY=,kSMmAJDBN1gTvRMaz5zirkoKZ+E=
-10,-23,zqQIny/esc+pWTc8SNppezSOAHY=,kSMmAJDBN1gTvRMaz5zirkoKZ+E=
-14,-17,zqQIny/esc+pWTc8SNppezSOAHY=,kSMmAJDBN1gTvRMaz5zirkoKZ+E=
-15,-17,zqQIny/esc+pWTc8SNppezSOAHY=,kSMmAJDBN1gTvRMaz5zirkoKZ+E=
-11,-23,zqQIny/esc+pWTc8SNppezSOAHY=,kSMmAJDBN1gTvRMaz5zirkoKZ+E=
-12,-23,zqQIny/esc+pWTc8SNppezSOAHY=,kSMmAJDBN1gTvRMaz5zirkoKZ+E=
-13,-23,zqQIny/esc+pWTc8SNppezSOAHY=,kSMmAJDBN1gTvRMaz5zirkoKZ+E=
-8,-18,zqQIny/esc+pWTc8SNppezSOAHY=,kSMmAJDBN1gTvRMaz5zirkoKZ+E=
-8,-19,zqQIny/esc+pWTc8SNppezSOAHY=,kSMmAJDBN1gTvRMaz5zirkoKZ+E=
-8,-23,zqQIny/esc+pWTc8SNppezSOAHY=,kSMmAJDBN1gTvRMaz5zirkoKZ+E=
-14,-22,zqQIny/esc+pWTc8SNppezSOAHY=,kSMmAJDBN1gTvRMaz5zirkoKZ+E=
-14,-23,zqQIny/esc+pWTc8SNppezSOAHY=,kSMmAJDBN1gTvRMaz5zirkoKZ+E=
-16,-23,zqQIny/esc+pWTc8SNppezSOAHY=,kSMmAJDBN1gTvRMaz5zirkoKZ+E=
-9,-24,zqQIny/esc+pWTc8SNppezSOAHY=,kSMmAJDBN1gTvRMaz5zirkoKZ+E=
-10,-24,zqQIny/esc+pWTc8SNppezSOAHY=,kSMmAJDBN1gTvRMaz5zirkoKZ+E=
-11,-24,zqQIny/esc+pWTc8SNppezSOAHY=,kSMmAJDBN1gTvRMaz5zirkoKZ+E=
-15,-23,zqQIny/esc+pWTc8SNppezSOAHY=,kSMmAJDBN1gTvRMaz5zirkoKZ+E=
-9,-18,zqQIny/esc+pWTc8SNppezSOAHY=,kSMmAJDBN1gTvRMaz5zirkoKZ+E=
-10,-18,zqQIny/esc+pWTc8SNppezSOAHY=,kSMmAJDBN1gTvRMaz5zirkoKZ+E=
-11,-20,zqQIny/esc+pWTc8SNppezSOAHY=,kSMmAJDBN1gTvRMaz5zirkoKZ+E=
-8,-24,zqQIny/esc+pWTc8SNppezSOAHY=,kSMmAJDBN1gTvRMaz5zirkoKZ+E=
-11,-18,zqQIny/esc+pWTc8SNppezSOAHY=,kSMmAJDBN1gTvRMaz5zirkoKZ+E=
-13,-18,zqQIny/esc+pWTc8SNppezSOAHY=,kSMmAJDBN1gTvRMaz5zirkoKZ+E=
-14,-18,zqQIny/esc+pWTc8SNppezSOAHY=,kSMmAJDBN1gTvRMaz5zirkoKZ+E=
-12,-18,zqQIny/esc+pWTc8SNppezSOAHY=,kSMmAJDBN1gTvRMaz5zirkoKZ+E=
-15,-18,zqQIny/esc+pWTc8SNppezSOAHY=,kSMmAJDBN1gTvRMaz5zirkoKZ+E=
-8,-20,zqQIny/esc+pWTc8SNppezSOAHY=,kSMmAJDBN1gTvRMaz5zirkoKZ+E=
-12,-24,zqQIny/esc+pWTc8SNppezSOAHY=,kSMmAJDBN1gTvRMaz5zirkoKZ+E=
-16,-18,zqQIny/esc+pWTc8SNppezSOAHY=,kSMmAJDBN1gTvRMaz5zirkoKZ+E=
-13,-24,zqQIny/esc+pWTc8SNppezSOAHY=,kSMmAJDBN1gTvRMaz5zirkoKZ+E=
-10,-20,zqQIny/esc+pWTc8SNppezSOAHY=,kSMmAJDBN1gTvRMaz5zirkoKZ+E=
-14,-24,zqQIny/esc+pWTc8SNppezSOAHY=,kSMmAJDBN1gTvRMaz5zirkoKZ+E=
-9,-20,zqQIny/esc+pWTc8SNppezSOAHY=,kSMmAJDBN1gTvRMaz5zirkoKZ+E=
-16,-19,zqQIny/esc+pWTc8SNppezSOAHY=,kSMmAJDBN1gTvRMaz5zirkoKZ+E=
-15,-24,zqQIny/esc+pWTc8SNppezSOAHY=,kSMmAJDBN1gTvRMaz5zirkoKZ+E=
-16,-24,zqQIny/esc+pWTc8SNppezSOAHY=,kSMmAJDBN1gTvRMaz5zirkoKZ+E=
-10,-19,zqQIny/esc+pWTc8SNppezSOAHY=,kSMmAJDBN1gTvRMaz5zirkoKZ+E=
-9,-19,zqQIny/esc+pWTc8SNppezSOAHY=,kSMmAJDBN1gTvRMaz5zirkoKZ+E=
-16,-25,zqQIny/esc+pWTc8SNppezSOAHY=,kSMmAJDBN1gTvRMaz5zirkoKZ+E=
-11,-19,zqQIny/esc+pWTc8SNppezSOAHY=,kSMmAJDBN1gTvRMaz5zirkoKZ+E=
-13,-19,zqQIny/esc+pWTc8SNppezSOAHY=,kSMmAJDBN1gTvRMaz5zirkoKZ+E=
-9,-25,zqQIny/esc+pWTc8SNppezSOAHY=,kSMmAJDBN1gTvRMaz5zirkoKZ+E=
-10,-25,zqQIny/esc+pWTc8SNppezSOAHY=,kSMmAJDBN1gTvRMaz5zirkoKZ+E=
-14,-19,zqQIny/esc+pWTc8SNppezSOAHY=,kSMmAJDBN1gTvRMaz5zirkoKZ+E=
-11,-25,zqQIny/esc+pWTc8SNppezSOAHY=,kSMmAJDBN1gTvRMaz5zirkoKZ+E=
-12,-19,zqQIny/esc+pWTc8SNppezSOAHY=,kSMmAJDBN1gTvRMaz5zirkoKZ+E=
-12,-25,zqQIny/esc+pWTc8SNppezSOAHY=,kSMmAJDBN1gTvRMaz5zirkoKZ+E=
-13,-25,zqQIny/esc+pWTc8SNppezSOAHY=,kSMmAJDBN1gTvRMaz5zirkoKZ+E=
-15,-19,zqQIny/esc+pWTc8SNppezSOAHY=,kSMmAJDBN1gTvRMaz5zirkoKZ+E=
-14,-25,zqQIny/esc+pWTc8SNppezSOAHY=,kSMmAJDBN1gTvRMaz5zirkoKZ+E=
-15,-25,zqQIny/esc+pWTc8SNppezSOAHY=,kSMmAJDBN1gTvRMaz5zirkoKZ+E=
-2,-32,zqQIny/esc+pWTc8SNppezSOAHY=,kSMmAJDBN1gTvRMaz5zirkoKZ+E=
-3,-32,zqQIny/esc+pWTc8SNppezSOAHY=,kSMmAJDBN1gTvRMaz5zirkoKZ+E=
-4,-32,zqQIny/esc+pWTc8SNppezSOAHY=,kSMmAJDBN1gTvRMaz5zirkoKZ+E=
-5,-32,zqQIny/esc+pWTc8SNppezSOAHY=,kSMmAJDBN1gTvRMaz5zirkoKZ+E=
-6,-32,zqQIny/esc+pWTc8SNppezSOAHY=,kSMmAJDBN1gTvRMaz5zirkoKZ+E=
-7,-32,zqQIny/esc+pWTc8SNppezSOAHY=,kSMmAJDBN1gTvRMaz5zirkoKZ+E=
-10,-32,zqQIny/esc+pWTc8SNppezSOAHY=,kSMmAJDBN1gTvRMaz5zirkoKZ+E=
-15,-32,zqQIny/esc+pWTc8SNppezSOAHY=,kSMmAJDBN1gTvRMaz5zirkoKZ+E=
-8,-32,zqQIny/esc+pWTc8SNppezSOAHY=,kSMmAJDBN1gTvRMaz5zirkoKZ+E=
-11,-32,zqQIny/esc+pWTc8SNppezSOAHY=,kSMmAJDBN1gTvRMaz5zirkoKZ+E=
-12,-32,zqQIny/esc+pWTc8SNppezSOAHY=,kSMmAJDBN1gTvRMaz5zirkoKZ+E=
-14,-32,zqQIny/esc+pWTc8SNppezSOAHY=,kSMmAJDBN1gTvRMaz5zirkoKZ+E=
-13,-32,zqQIny/esc+pWTc8SNppezSOAHY=,kSMmAJDBN1gTvRMaz5zirkoKZ+E=
-9,-32,zqQIny/esc+pWTc8SNppezSOAHY=,kSMmAJDBN1gTvRMaz5zirkoKZ+E=
-16,-32,zqQIny/esc+pWTc8SNppezSOAHY=,kSMmAJDBN1gTvRMaz5zirkoKZ+E=
-4,-17,zqQIny/esc+pWTc8SNppezSOAHY=,kSMmAJDBN1gTvRMaz5zirkoKZ+E=
-5,-17,zqQIny/esc+pWTc8SNppezSOAHY=,kSMmAJDBN1gTvRMaz5zirkoKZ+E=
-3,-17,zqQIny/esc+pWTc8SNppezSOAHY=,kSMmAJDBN1gTvRMaz5zirkoKZ+E=
-2,-17,zqQIny/esc+pWTc8SNppezSOAHY=,kSMmAJDBN1gTvRMaz5zirkoKZ+E=
-8,-17,zqQIny/esc+pWTc8SNppezSOAHY=,kSMmAJDBN1gTvRMaz5zirkoKZ+E=
-9,-17,zqQIny/esc+pWTc8SNppezSOAHY=,kSMmAJDBN1gTvRMaz5zirkoKZ+E=
-6,-17,zqQIny/esc+pWTc8SNppezSOAHY=,kSMmAJDBN1gTvRMaz5zirkoKZ+E=
-7,-17,zqQIny/esc+pWTc8SNppezSOAHY=,kSMmAJDBN1gTvRMaz5zirkoKZ+E=
-1,-23,zqQIny/esc+pWTc8SNppezSOAHY=,kSMmAJDBN1gTvRMaz5zirkoKZ+E=
-1,-25,zqQIny/esc+pWTc8SNppezSOAHY=,kSMmAJDBN1gTvRMaz5zirkoKZ+E=
-1,-18,zqQIny/esc+pWTc8SNppezSOAHY=,kSMmAJDBN1gTvRMaz5zirkoKZ+E=
-1,-21,zqQIny/esc+pWTc8SNppezSOAHY=,kSMmAJDBN1gTvRMaz5zirkoKZ+E=
-1,-22,zqQIny/esc+pWTc8SNppezSOAHY=,kSMmAJDBN1gTvRMaz5zirkoKZ+E=
-1,-20,zqQIny/esc+pWTc8SNppezSOAHY=,kSMmAJDBN1gTvRMaz5zirkoKZ+E=
-1,-19,zqQIny/esc+pWTc8SNppezSOAHY=,kSMmAJDBN1gTvRMaz5zirkoKZ+E=
-1,-24,zqQIny/esc+pWTc8SNppezSOAHY=,kSMmAJDBN1gTvRMaz5zirkoKZ+E=
-16,-17,zqQIny/esc+pWTc8SNppezSOAHY=,kSMmAJDBN1gTvRMaz5zirkoKZ+E=
-1,-32,zqQIny/esc+pWTc8SNppezSOAHY=,kSMmAJDBN1gTvRMaz5zirkoKZ+E=
-1,-17,zqQIny/esc+pWTc8SNppezSOAHY=,kSMmAJDBN1gTvRMaz5zirkoKZ+E=
-20,-23,dfT74dgeDMziLVPANw9ZevfCiTk=,kSMmAJDBN1gTvRMaz5zirkoKZ+E=
-17,-17,dfT74dgeDMziLVPANw9ZevfCiTk=,kSMmAJDBN1gTvRMaz5zirkoKZ+E=
-24,-19,dfT74dgeDMziLVPANw9ZevfCiTk=,kSMmAJDBN1gTvRMaz5zirkoKZ+E=
-19,-18,dfT74dgeDMziLVPANw9ZevfCiTk=,kSMmAJDBN1gTvRMaz5zirkoKZ+E=
-21,-17,dfT74dgeDMziLVPANw9ZevfCiTk=,kSMmAJDBN1gTvRMaz5zirkoKZ+E=
-19,-19,dfT74dgeDMziLVPANw9ZevfCiTk=,kSMmAJDBN1gTvRMaz5zirkoKZ+E=
-20,-18,dfT74dgeDMziLVPANw9ZevfCiTk=,kSMmAJDBN1gTvRMaz5zirkoKZ+E=
-21,-22,dfT74dgeDMziLVPANw9ZevfCiTk=,kSMmAJDBN1gTvRMaz5zirkoKZ+E=
-22,-17,dfT74dgeDMziLVPANw9ZevfCiTk=,kSMmAJDBN1gTvRMaz5zirkoKZ+E=
-22,-22,dfT74dgeDMziLVPANw9ZevfCiTk=,kSMmAJDBN1gTvRMaz5zirkoKZ+E=
-23,-22,dfT74dgeDMziLVPANw9ZevfCiTk=,kSMmAJDBN1gTvRMaz5zirkoKZ+E=
-23,-17,dfT74dgeDMziLVPANw9ZevfCiTk=,kSMmAJDBN1gTvRMaz5zirkoKZ+E=
-20,-19,dfT74dgeDMziLVPANw9ZevfCiTk=,kSMmAJDBN1gTvRMaz5zirkoKZ+E=
-21,-18,dfT74dgeDMziLVPANw9ZevfCiTk=,kSMmAJDBN1gTvRMaz5zirkoKZ+E=
-21,-23,dfT74dgeDMziLVPANw9ZevfCiTk=,kSMmAJDBN1gTvRMaz5zirkoKZ+E=
-24,-17,dfT74dgeDMziLVPANw9ZevfCiTk=,kSMmAJDBN1gTvRMaz5zirkoKZ+E=
-17,-20,dfT74dgeDMziLVPANw9ZevfCiTk=,kSMmAJDBN1gTvRMaz5zirkoKZ+E=
-21,-19,dfT74dgeDMziLVPANw9ZevfCiTk=,kSMmAJDBN1gTvRMaz5zirkoKZ+E=
-23,-20,dfT74dgeDMziLVPANw9ZevfCiTk=,kSMmAJDBN1gTvRMaz5zirkoKZ+E=
-18,-20,dfT74dgeDMziLVPANw9ZevfCiTk=,kSMmAJDBN1gTvRMaz5zirkoKZ+E=
-19,-20,dfT74dgeDMziLVPANw9ZevfCiTk=,kSMmAJDBN1gTvRMaz5zirkoKZ+E=
-22,-23,dfT74dgeDMziLVPANw9ZevfCiTk=,kSMmAJDBN1gTvRMaz5zirkoKZ+E=
-20,-20,dfT74dgeDMziLVPANw9ZevfCiTk=,kSMmAJDBN1gTvRMaz5zirkoKZ+E=
-21,-20,dfT74dgeDMziLVPANw9ZevfCiTk=,kSMmAJDBN1gTvRMaz5zirkoKZ+E=
-22,-20,dfT74dgeDMziLVPANw9ZevfCiTk=,kSMmAJDBN1gTvRMaz5zirkoKZ+E=
-23,-23,dfT74dgeDMziLVPANw9ZevfCiTk=,kSMmAJDBN1gTvRMaz5zirkoKZ+E=
-24,-20,dfT74dgeDMziLVPANw9ZevfCiTk=,kSMmAJDBN1gTvRMaz5zirkoKZ+E=
-22,-19,dfT74dgeDMziLVPANw9ZevfCiTk=,kSMmAJDBN1gTvRMaz5zirkoKZ+E=
-23,-21,dfT74dgeDMziLVPANw9ZevfCiTk=,kSMmAJDBN1gTvRMaz5zirkoKZ+E=
-24,-23,dfT74dgeDMziLVPANw9ZevfCiTk=,kSMmAJDBN1gTvRMaz5zirkoKZ+E=
-24,-21,dfT74dgeDMziLVPANw9ZevfCiTk=,kSMmAJDBN1gTvRMaz5zirkoKZ+E=
-17,-22,dfT74dgeDMziLVPANw9ZevfCiTk=,kSMmAJDBN1gTvRMaz5zirkoKZ+E=
-17,-21,dfT74dgeDMziLVPANw9ZevfCiTk=,kSMmAJDBN1gTvRMaz5zirkoKZ+E=
-18,-21,dfT74dgeDMziLVPANw9ZevfCiTk=,kSMmAJDBN1gTvRMaz5zirkoKZ+E=
-22,-18,dfT74dgeDMziLVPANw9ZevfCiTk=,kSMmAJDBN1gTvRMaz5zirkoKZ+E=
-19,-21,dfT74dgeDMziLVPANw9ZevfCiTk=,kSMmAJDBN1gTvRMaz5zirkoKZ+E=
-18,-22,dfT74dgeDMziLVPANw9ZevfCiTk=,kSMmAJDBN1gTvRMaz5zirkoKZ+E=
-20,-22,dfT74dgeDMziLVPANw9ZevfCiTk=,kSMmAJDBN1gTvRMaz5zirkoKZ+E=
-19,-22,dfT74dgeDMziLVPANw9ZevfCiTk=,kSMmAJDBN1gTvRMaz5zirkoKZ+E=
-24,-22,dfT74dgeDMziLVPANw9ZevfCiTk=,kSMmAJDBN1gTvRMaz5zirkoKZ+E=
-23,-18,dfT74dgeDMziLVPANw9ZevfCiTk=,kSMmAJDBN1gTvRMaz5zirkoKZ+E=
-24,-18,dfT74dgeDMziLVPANw9ZevfCiTk=,kSMmAJDBN1gTvRMaz5zirkoKZ+E=
-20,-21,dfT74dgeDMziLVPANw9ZevfCiTk=,kSMmAJDBN1gTvRMaz5zirkoKZ+E=
-17,-18,dfT74dgeDMziLVPANw9ZevfCiTk=,kSMmAJDBN1gTvRMaz5zirkoKZ+E=
-23,-19,dfT74dgeDMziLVPANw9ZevfCiTk=,kSMmAJDBN1gTvRMaz5zirkoKZ+E=
-21,-21,dfT74dgeDMziLVPANw9ZevfCiTk=,kSMmAJDBN1gTvRMaz5zirkoKZ+E=
-17,-19,dfT74dgeDMziLVPANw9ZevfCiTk=,kSMmAJDBN1gTvRMaz5zirkoKZ+E=
-22,-21,dfT74dgeDMziLVPANw9ZevfCiTk=,kSMmAJDBN1gTvRMaz5zirkoKZ+E=
-18,-19,dfT74dgeDMziLVPANw9ZevfCiTk=,kSMmAJDBN1gTvRMaz5zirkoKZ+E=
-17,-23,dfT74dgeDMziLVPANw9ZevfCiTk=,kSMmAJDBN1gTvRMaz5zirkoKZ+E=
-18,-17,dfT74dgeDMziLVPANw9ZevfCiTk=,kSMmAJDBN1gTvRMaz5zirkoKZ+E=
-18,-18,dfT74dgeDMziLVPANw9ZevfCiTk=,kSMmAJDBN1gTvRMaz5zirkoKZ+E=
-19,-17,dfT74dgeDMziLVPANw9ZevfCiTk=,kSMmAJDBN1gTvRMaz5zirkoKZ+E=
-20,-17,dfT74dgeDMziLVPANw9ZevfCiTk=,kSMmAJDBN1gTvRMaz5zirkoKZ+E=
-18,-23,dfT74dgeDMziLVPANw9ZevfCiTk=,kSMmAJDBN1gTvRMaz5zirkoKZ+E=
-19,-23,dfT74dgeDMziLVPANw9ZevfCiTk=,kSMmAJDBN1gTvRMaz5zirkoKZ+E=
-20,-25,dfT74dgeDMziLVPANw9ZevfCiTk=,kSMmAJDBN1gTvRMaz5zirkoKZ+E=
-21,-25,dfT74dgeDMziLVPANw9ZevfCiTk=,kSMmAJDBN1gTvRMaz5zirkoKZ+E=
-22,-25,dfT74dgeDMziLVPANw9ZevfCiTk=,kSMmAJDBN1gTvRMaz5zirkoKZ+E=
-23,-25,dfT74dgeDMziLVPANw9ZevfCiTk=,kSMmAJDBN1gTvRMaz5zirkoKZ+E=
-24,-24,dfT74dgeDMziLVPANw9ZevfCiTk=,kSMmAJDBN1gTvRMaz5zirkoKZ+E=
-18,-26,vXceMgsSl6FB1p6dMPlguCTwI1k=,kSMmAJDBN1gTvRMaz5zirkoKZ+E=
-20,-26,vXceMgsSl6FB1p6dMPlguCTwI1k=,kSMmAJDBN1gTvRMaz5zirkoKZ+E=
-24,-25,vXceMgsSl6FB1p6dMPlguCTwI1k=,kSMmAJDBN1gTvRMaz5zirkoKZ+E=
-19,-26,vXceMgsSl6FB1p6dMPlguCTwI1k=,kSMmAJDBN1gTvRMaz5zirkoKZ+E=
-21,-26,vXceMgsSl6FB1p6dMPlguCTwI1k=,kSMmAJDBN1gTvRMaz5zirkoKZ+E=
-22,-26,vXceMgsSl6FB1p6dMPlguCTwI1k=,kSMmAJDBN1gTvRMaz5zirkoKZ+E=
-23,-26,vXceMgsSl6FB1p6dMPlguCTwI1k=,kSMmAJDBN1gTvRMaz5zirkoKZ+E=
-24,-26,vXceMgsSl6FB1p6dMPlguCTwI1k=,kSMmAJDBN1gTvRMaz5zirkoKZ+E=
-21,-24,vXceMgsSl6FB1p6dMPlguCTwI1k=,kSMmAJDBN1gTvRMaz5zirkoKZ+E=
-17,-27,vXceMgsSl6FB1p6dMPlguCTwI1k=,kSMmAJDBN1gTvRMaz5zirkoKZ+E=
-18,-27,vXceMgsSl6FB1p6dMPlguCTwI1k=,kSMmAJDBN1gTvRMaz5zirkoKZ+E=
-19,-27,vXceMgsSl6FB1p6dMPlguCTwI1k=,kSMmAJDBN1gTvRMaz5zirkoKZ+E=
-20,-27,vXceMgsSl6FB1p6dMPlguCTwI1k=,kSMmAJDBN1gTvRMaz5zirkoKZ+E=
-21,-27,vXceMgsSl6FB1p6dMPlguCTwI1k=,kSMmAJDBN1gTvRMaz5zirkoKZ+E=
-22,-27,vXceMgsSl6FB1p6dMPlguCTwI1k=,kSMmAJDBN1gTvRMaz5zirkoKZ+E=
-23,-27,vXceMgsSl6FB1p6dMPlguCTwI1k=,kSMmAJDBN1gTvRMaz5zirkoKZ+E=
-24,-27,vXceMgsSl6FB1p6dMPlguCTwI1k=,kSMmAJDBN1gTvRMaz5zirkoKZ+E=
-17,-26,vXceMgsSl6FB1p6dMPlguCTwI1k=,kSMmAJDBN1gTvRMaz5zirkoKZ+E=
-18,-28,vXceMgsSl6FB1p6dMPlguCTwI1k=,kSMmAJDBN1gTvRMaz5zirkoKZ+E=
-17,-28,vXceMgsSl6FB1p6dMPlguCTwI1k=,kSMmAJDBN1gTvRMaz5zirkoKZ+E=
-22,-24,vXceMgsSl6FB1p6dMPlguCTwI1k=,kSMmAJDBN1gTvRMaz5zirkoKZ+E=
-20,-28,vXceMgsSl6FB1p6dMPlguCTwI1k=,kSMmAJDBN1gTvRMaz5zirkoKZ+E=
-21,-28,vXceMgsSl6FB1p6dMPlguCTwI1k=,kSMmAJDBN1gTvRMaz5zirkoKZ+E=
-22,-28,vXceMgsSl6FB1p6dMPlguCTwI1k=,kSMmAJDBN1gTvRMaz5zirkoKZ+E=
-23,-28,vXceMgsSl6FB1p6dMPlguCTwI1k=,kSMmAJDBN1gTvRMaz5zirkoKZ+E=
-24,-28,vXceMgsSl6FB1p6dMPlguCTwI1k=,kSMmAJDBN1gTvRMaz5zirkoKZ+E=
-19,-28,vXceMgsSl6FB1p6dMPlguCTwI1k=,kSMmAJDBN1gTvRMaz5zirkoKZ+E=
-17,-29,vXceMgsSl6FB1p6dMPlguCTwI1k=,kSMmAJDBN1gTvRMaz5zirkoKZ+E=
-18,-29,vXceMgsSl6FB1p6dMPlguCTwI1k=,kSMmAJDBN1gTvRMaz5zirkoKZ+E=
-20,-29,vXceMgsSl6FB1p6dMPlguCTwI1k=,kSMmAJDBN1gTvRMaz5zirkoKZ+E=
-21,-29,vXceMgsSl6FB1p6dMPlguCTwI1k=,kSMmAJDBN1gTvRMaz5zirkoKZ+E=
-23,-29,vXceMgsSl6FB1p6dMPlguCTwI1k=,kSMmAJDBN1gTvRMaz5zirkoKZ+E=
-24,-29,vXceMgsSl6FB1p6dMPlguCTwI1k=,kSMmAJDBN1gTvRMaz5zirkoKZ+E=
-22,-29,vXceMgsSl6FB1p6dMPlguCTwI1k=,kSMmAJDBN1gTvRMaz5zirkoKZ+E=
-17,-24,vXceMgsSl6FB1p6dMPlguCTwI1k=,kSMmAJDBN1gTvRMaz5zirkoKZ+E=
-17,-30,vXceMgsSl6FB1p6dMPlguCTwI1k=,kSMmAJDBN1gTvRMaz5zirkoKZ+E=
-19,-29,vXceMgsSl6FB1p6dMPlguCTwI1k=,kSMmAJDBN1gTvRMaz5zirkoKZ+E=
-21,-30,vXceMgsSl6FB1p6dMPlguCTwI1k=,kSMmAJDBN1gTvRMaz5zirkoKZ+E=
-22,-30,vXceMgsSl6FB1p6dMPlguCTwI1k=,kSMmAJDBN1gTvRMaz5zirkoKZ+E=
-18,-24,vXceMgsSl6FB1p6dMPlguCTwI1k=,kSMmAJDBN1gTvRMaz5zirkoKZ+E=
-23,-30,vXceMgsSl6FB1p6dMPlguCTwI1k=,kSMmAJDBN1gTvRMaz5zirkoKZ+E=
-24,-30,vXceMgsSl6FB1p6dMPlguCTwI1k=,kSMmAJDBN1gTvRMaz5zirkoKZ+E=
-17,-31,vXceMgsSl6FB1p6dMPlguCTwI1k=,kSMmAJDBN1gTvRMaz5zirkoKZ+E=
-18,-31,vXceMgsSl6FB1p6dMPlguCTwI1k=,kSMmAJDBN1gTvRMaz5zirkoKZ+E=
-18,-30,vXceMgsSl6FB1p6dMPlguCTwI1k=,kSMmAJDBN1gTvRMaz5zirkoKZ+E=
-19,-30,vXceMgsSl6FB1p6dMPlguCTwI1k=,kSMmAJDBN1gTvRMaz5zirkoKZ+E=
-20,-30,vXceMgsSl6FB1p6dMPlguCTwI1k=,kSMmAJDBN1gTvRMaz5zirkoKZ+E=
-22,-31,vXceMgsSl6FB1p6dMPlguCTwI1k=,kSMmAJDBN1gTvRMaz5zirkoKZ+E=
-19,-24,vXceMgsSl6FB1p6dMPlguCTwI1k=,kSMmAJDBN1gTvRMaz5zirkoKZ+E=
-23,-31,vXceMgsSl6FB1p6dMPlguCTwI1k=,kSMmAJDBN1gTvRMaz5zirkoKZ+E=
-24,-31,vXceMgsSl6FB1p6dMPlguCTwI1k=,kSMmAJDBN1gTvRMaz5zirkoKZ+E=
-17,-32,vXceMgsSl6FB1p6dMPlguCTwI1k=,kSMmAJDBN1gTvRMaz5zirkoKZ+E=
-19,-31,vXceMgsSl6FB1p6dMPlguCTwI1k=,kSMmAJDBN1gTvRMaz5zirkoKZ+E=
-18,-32,vXceMgsSl6FB1p6dMPlguCTwI1k=,kSMmAJDBN1gTvRMaz5zirkoKZ+E=
-20,-31,vXceMgsSl6FB1p6dMPlguCTwI1k=,kSMmAJDBN1gTvRMaz5zirkoKZ+E=
-21,-31,vXceMgsSl6FB1p6dMPlguCTwI1k=,kSMmAJDBN1gTvRMaz5zirkoKZ+E=
-22,-32,vXceMgsSl6FB1p6dMPlguCTwI1k=,kSMmAJDBN1gTvRMaz5zirkoKZ+E=
-23,-24,vXceMgsSl6FB1p6dMPlguCTwI1k=,kSMmAJDBN1gTvRMaz5zirkoKZ+E=
-23,-32,vXceMgsSl6FB1p6dMPlguCTwI1k=,kSMmAJDBN1gTvRMaz5zirkoKZ+E=
-20,-24,vXceMgsSl6FB1p6dMPlguCTwI1k=,kSMmAJDBN1gTvRMaz5zirkoKZ+E=
-19,-32,vXceMgsSl6FB1p6dMPlguCTwI1k=,kSMmAJDBN1gTvRMaz5zirkoKZ+E=
-24,-32,vXceMgsSl6FB1p6dMPlguCTwI1k=,kSMmAJDBN1gTvRMaz5zirkoKZ+E=
-18,-25,vXceMgsSl6FB1p6dMPlguCTwI1k=,kSMmAJDBN1gTvRMaz5zirkoKZ+E=
-19,-25,vXceMgsSl6FB1p6dMPlguCTwI1k=,kSMmAJDBN1gTvRMaz5zirkoKZ+E=
-20,-32,vXceMgsSl6FB1p6dMPlguCTwI1k=,kSMmAJDBN1gTvRMaz5zirkoKZ+E=
-17,-25,vXceMgsSl6FB1p6dMPlguCTwI1k=,kSMmAJDBN1gTvRMaz5zirkoKZ+E=
-21,-32,vXceMgsSl6FB1p6dMPlguCTwI1k=,kSMmAJDBN1gTvRMaz5zirkoKZ+E=
-18,-5,vXceMgsSl6FB1p6dMPlguCTwI1k=,kSMmAJDBN1gTvRMaz5zirkoKZ+E=
-17,-7,vXceMgsSl6FB1p6dMPlguCTwI1k=,kSMmAJDBN1gTvRMaz5zirkoKZ+E=
-18,-7,vXceMgsSl6FB1p6dMPlguCTwI1k=,kSMmAJDBN1gTvRMaz5zirkoKZ+E=
-19,-4,vXceMgsSl6FB1p6dMPlguCTwI1k=,kSMmAJDBN1gTvRMaz5zirkoKZ+E=
-20,-5,vXceMgsSl6FB1p6dMPlguCTwI1k=,kSMmAJDBN1gTvRMaz5zirkoKZ+E=
-19,-7,vXceMgsSl6FB1p6dMPlguCTwI1k=,kSMmAJDBN1gTvRMaz5zirkoKZ+E=
-20,-4,vXceMgsSl6FB1p6dMPlguCTwI1k=,kSMmAJDBN1gTvRMaz5zirkoKZ+E=
-19,-5,vXceMgsSl6FB1p6dMPlguCTwI1k=,kSMmAJDBN1gTvRMaz5zirkoKZ+E=
-17,-6,vXceMgsSl6FB1p6dMPlguCTwI1k=,kSMmAJDBN1gTvRMaz5zirkoKZ+E=
-21,-8,vXceMgsSl6FB1p6dMPlguCTwI1k=,kSMmAJDBN1gTvRMaz5zirkoKZ+E=
-21,-5,vXceMgsSl6FB1p6dMPlguCTwI1k=,kSMmAJDBN1gTvRMaz5zirkoKZ+E=
-21,-4,vXceMgsSl6FB1p6dMPlguCTwI1k=,kSMmAJDBN1gTvRMaz5zirkoKZ+E=
-22,-4,vXceMgsSl6FB1p6dMPlguCTwI1k=,kSMmAJDBN1gTvRMaz5zirkoKZ+E=
-23,-4,vXceMgsSl6FB1p6dMPlguCTwI1k=,kSMmAJDBN1gTvRMaz5zirkoKZ+E=
-21,-3,vXceMgsSl6FB1p6dMPlguCTwI1k=,kSMmAJDBN1gTvRMaz5zirkoKZ+E=
-18,-6,vXceMgsSl6FB1p6dMPlguCTwI1k=,kSMmAJDBN1gTvRMaz5zirkoKZ+E=
-19,-6,vXceMgsSl6FB1p6dMPlguCTwI1k=,kSMmAJDBN1gTvRMaz5zirkoKZ+E=
-22,-5,vXceMgsSl6FB1p6dMPlguCTwI1k=,kSMmAJDBN1gTvRMaz5zirkoKZ+E=
-22,-3,vXceMgsSl6FB1p6dMPlguCTwI1k=,kSMmAJDBN1gTvRMaz5zirkoKZ+E=
-20,-6,vXceMgsSl6FB1p6dMPlguCTwI1k=,kSMmAJDBN1gTvRMaz5zirkoKZ+E=
-23,-5,vXceMgsSl6FB1p6dMPlguCTwI1k=,kSMmAJDBN1gTvRMaz5zirkoKZ+E=
-23,-3,vXceMgsSl6FB1p6dMPlguCTwI1k=,kSMmAJDBN1gTvRMaz5zirkoKZ+E=
-17,-1,vXceMgsSl6FB1p6dMPlguCTwI1k=,kSMmAJDBN1gTvRMaz5zirkoKZ+E=
-19,-1,vXceMgsSl6FB1p6dMPlguCTwI1k=,kSMmAJDBN1gTvRMaz5zirkoKZ+E=
-20,-1,vXceMgsSl6FB1p6dMPlguCTwI1k=,kSMmAJDBN1gTvRMaz5zirkoKZ+E=
-21,-1,vXceMgsSl6FB1p6dMPlguCTwI1k=,kSMmAJDBN1gTvRMaz5zirkoKZ+E=
-17,-4,vXceMgsSl6FB1p6dMPlguCTwI1k=,kSMmAJDBN1gTvRMaz5zirkoKZ+E=
-17,-2,vXceMgsSl6FB1p6dMPlguCTwI1k=,kSMmAJDBN1gTvRMaz5zirkoKZ+E=
-17,-5,vXceMgsSl6FB1p6dMPlguCTwI1k=,kSMmAJDBN1gTvRMaz5zirkoKZ+E=
-18,-2,vXceMgsSl6FB1p6dMPlguCTwI1k=,kSMmAJDBN1gTvRMaz5zirkoKZ+E=
-22,-1,vXceMgsSl6FB1p6dMPlguCTwI1k=,kSMmAJDBN1gTvRMaz5zirkoKZ+E=
-21,-6,vXceMgsSl6FB1p6dMPlguCTwI1k=,kSMmAJDBN1gTvRMaz5zirkoKZ+E=
-23,-1,vXceMgsSl6FB1p6dMPlguCTwI1k=,kSMmAJDBN1gTvRMaz5zirkoKZ+E=
-19,-2,vXceMgsSl6FB1p6dMPlguCTwI1k=,kSMmAJDBN1gTvRMaz5zirkoKZ+E=
-18,-1,vXceMgsSl6FB1p6dMPlguCTwI1k=,kSMmAJDBN1gTvRMaz5zirkoKZ+E=
-20,-2,vXceMgsSl6FB1p6dMPlguCTwI1k=,kSMmAJDBN1gTvRMaz5zirkoKZ+E=
-18,-4,vXceMgsSl6FB1p6dMPlguCTwI1k=,kSMmAJDBN1gTvRMaz5zirkoKZ+E=
-22,-8,vXceMgsSl6FB1p6dMPlguCTwI1k=,kSMmAJDBN1gTvRMaz5zirkoKZ+E=
-23,-7,vXceMgsSl6FB1p6dMPlguCTwI1k=,kSMmAJDBN1gTvRMaz5zirkoKZ+E=
-17,-8,vXceMgsSl6FB1p6dMPlguCTwI1k=,kSMmAJDBN1gTvRMaz5zirkoKZ+E=
-18,-8,vXceMgsSl6FB1p6dMPlguCTwI1k=,kSMmAJDBN1gTvRMaz5zirkoKZ+E=
-19,-8,vXceMgsSl6FB1p6dMPlguCTwI1k=,kSMmAJDBN1gTvRMaz5zirkoKZ+E=
-22,-6,vXceMgsSl6FB1p6dMPlguCTwI1k=,kSMmAJDBN1gTvRMaz5zirkoKZ+E=
-20,-8,vXceMgsSl6FB1p6dMPlguCTwI1k=,kSMmAJDBN1gTvRMaz5zirkoKZ+E=
-17,-3,vXceMgsSl6FB1p6dMPlguCTwI1k=,kSMmAJDBN1gTvRMaz5zirkoKZ+E=
-23,-6,vXceMgsSl6FB1p6dMPlguCTwI1k=,kSMmAJDBN1gTvRMaz5zirkoKZ+E=
-23,-8,vXceMgsSl6FB1p6dMPlguCTwI1k=,kSMmAJDBN1gTvRMaz5zirkoKZ+E=
-20,-7,vXceMgsSl6FB1p6dMPlguCTwI1k=,kSMmAJDBN1gTvRMaz5zirkoKZ+E=
-21,-7,vXceMgsSl6FB1p6dMPlguCTwI1k=,kSMmAJDBN1gTvRMaz5zirkoKZ+E=
-18,-3,vXceMgsSl6FB1p6dMPlguCTwI1k=,kSMmAJDBN1gTvRMaz5zirkoKZ+E=
-19,-3,vXceMgsSl6FB1p6dMPlguCTwI1k=,kSMmAJDBN1gTvRMaz5zirkoKZ+E=
-20,-3,vXceMgsSl6FB1p6dMPlguCTwI1k=,kSMmAJDBN1gTvRMaz5zirkoKZ+E=
-22,-7,vXceMgsSl6FB1p6dMPlguCTwI1k=,kSMmAJDBN1gTvRMaz5zirkoKZ+E=
-22,-2,vXceMgsSl6FB1p6dMPlguCTwI1k=,kSMmAJDBN1gTvRMaz5zirkoKZ+E=
-23,-2,vXceMgsSl6FB1p6dMPlguCTwI1k=,kSMmAJDBN1gTvRMaz5zirkoKZ+E=
-21,-2,vXceMgsSl6FB1p6dMPlguCTwI1k=,kSMmAJDBN1gTvRMaz5zirkoKZ+E=
-28,-5,vXceMgsSl6FB1p6dMPlguCTwI1k=,kSMmAJDBN1gTvRMaz5zirkoKZ+E=
-27,-5,vXceMgsSl6FB1p6dMPlguCTwI1k=,kSMmAJDBN1gTvRMaz5zirkoKZ+E=
-26,-5,vXceMgsSl6FB1p6dMPlguCTwI1k=,kSMmAJDBN1gTvRMaz5zirkoKZ+E=
-25,-5,vXceMgsSl6FB1p6dMPlguCTwI1k=,kSMmAJDBN1gTvRMaz5zirkoKZ+E=
-24,-6,vXceMgsSl6FB1p6dMPlguCTwI1k=,kSMmAJDBN1gTvRMaz5zirkoKZ+E=
-24,-8,vXceMgsSl6FB1p6dMPlguCTwI1k=,kSMmAJDBN1gTvRMaz5zirkoKZ+E=
-32,-4,vXceMgsSl6FB1p6dMPlguCTwI1k=,kSMmAJDBN1gTvRMaz5zirkoKZ+E=
-24,-2,vXceMgsSl6FB1p6dMPlguCTwI1k=,kSMmAJDBN1gTvRMaz5zirkoKZ+E=
-31,-4,vXceMgsSl6FB1p6dMPlguCTwI1k=,kSMmAJDBN1gTvRMaz5zirkoKZ+E=
-24,-7,vXceMgsSl6FB1p6dMPlguCTwI1k=,kSMmAJDBN1gTvRMaz5zirkoKZ+E=
-30,-4,vXceMgsSl6FB1p6dMPlguCTwI1k=,kSMmAJDBN1gTvRMaz5zirkoKZ+E=
-29,-4,vXceMgsSl6FB1p6dMPlguCTwI1k=,kSMmAJDBN1gTvRMaz5zirkoKZ+E=
-28,-4,vXceMgsSl6FB1p6dMPlguCTwI1k=,kSMmAJDBN1gTvRMaz5zirkoKZ+E=
-24,-5,vXceMgsSl6FB1p6dMPlguCTwI1k=,kSMmAJDBN1gTvRMaz5zirkoKZ+E=
-24,-4,vXceMgsSl6FB1p6dMPlguCTwI1k=,kSMmAJDBN1gTvRMaz5zirkoKZ+E=
-27,-4,vXceMgsSl6FB1p6dMPlguCTwI1k=,kSMmAJDBN1gTvRMaz5zirkoKZ+E=
-25,-1,vXceMgsSl6FB1p6dMPlguCTwI1k=,kSMmAJDBN1gTvRMaz5zirkoKZ+E=
-29,-5,vXceMgsSl6FB1p6dMPlguCTwI1k=,kSMmAJDBN1gTvRMaz5zirkoKZ+E=
-30,-5,vXceMgsSl6FB1p6dMPlguCTwI1k=,kSMmAJDBN1gTvRMaz5zirkoKZ+E=
-31,-5,vXceMgsSl6FB1p6dMPlguCTwI1k=,kSMmAJDBN1gTvRMaz5zirkoKZ+E=
-24,-1,vXceMgsSl6FB1p6dMPlguCTwI1k=,kSMmAJDBN1gTvRMaz5zirkoKZ+E=
-26,-4,vXceMgsSl6FB1p6dMPlguCTwI1k=,kSMmAJDBN1gTvRMaz5zirkoKZ+E=
-25,-4,vXceMgsSl6FB1p6dMPlguCTwI1k=,kSMmAJDBN1gTvRMaz5zirkoKZ+E=
-32,-3,vXceMgsSl6FB1p6dMPlguCTwI1k=,kSMmAJDBN1gTvRMaz5zirkoKZ+E=
-31,-3,vXceMgsSl6FB1p6dMPlguCTwI1k=,kSMmAJDBN1gTvRMaz5zirkoKZ+E=
-24,-3,vXceMgsSl6FB1p6dMPlguCTwI1k=,kSMmAJDBN1gTvRMaz5zirkoKZ+E=
-30,-3,vXceMgsSl6FB1p6dMPlguCTwI1k=,kSMmAJDBN1gTvRMaz5zirkoKZ+E=
-29,-3,vXceMgsSl6FB1p6dMPlguCTwI1k=,kSMmAJDBN1gTvRMaz5zirkoKZ+E=
-32,-8,vXceMgsSl6FB1p6dMPlguCTwI1k=,kSMmAJDBN1gTvRMaz5zirkoKZ+E=
-31,-8,vXceMgsSl6FB1p6dMPlguCTwI1k=,kSMmAJDBN1gTvRMaz5zirkoKZ+E=
-30,-8,vXceMgsSl6FB1p6dMPlguCTwI1k=,kSMmAJDBN1gTvRMaz5zirkoKZ+E=
-29,-8,vXceMgsSl6FB1p6dMPlguCTwI1k=,kSMmAJDBN1gTvRMaz5zirkoKZ+E=
-28,-8,vXceMgsSl6FB1p6dMPlguCTwI1k=,kSMmAJDBN1gTvRMaz5zirkoKZ+E=
-27,-8,vXceMgsSl6FB1p6dMPlguCTwI1k=,kSMmAJDBN1gTvRMaz5zirkoKZ+E=
-26,-8,vXceMgsSl6FB1p6dMPlguCTwI1k=,kSMmAJDBN1gTvRMaz5zirkoKZ+E=
-28,-3,vXceMgsSl6FB1p6dMPlguCTwI1k=,kSMmAJDBN1gTvRMaz5zirkoKZ+E=
-25,-8,vXceMgsSl6FB1p6dMPlguCTwI1k=,kSMmAJDBN1gTvRMaz5zirkoKZ+E=
-32,-7,vXceMgsSl6FB1p6dMPlguCTwI1k=,kSMmAJDBN1gTvRMaz5zirkoKZ+E=
-27,-3,vXceMgsSl6FB1p6dMPlguCTwI1k=,kSMmAJDBN1gTvRMaz5zirkoKZ+E=
-31,-7,vXceMgsSl6FB1p6dMPlguCTwI1k=,kSMmAJDBN1gTvRMaz5zirkoKZ+E=
-30,-7,vXceMgsSl6FB1p6dMPlguCTwI1k=,kSMmAJDBN1gTvRMaz5zirkoKZ+E=
-26,-3,vXceMgsSl6FB1p6dMPlguCTwI1k=,kSMmAJDBN1gTvRMaz5zirkoKZ+E=
-25,-3,vXceMgsSl6FB1p6dMPlguCTwI1k=,kSMmAJDBN1gTvRMaz5zirkoKZ+E=
-27,-1,vXceMgsSl6FB1p6dMPlguCTwI1k=,kSMmAJDBN1gTvRMaz5zirkoKZ+E=
-26,-1,vXceMgsSl6FB1p6dMPlguCTwI1k=,kSMmAJDBN1gTvRMaz5zirkoKZ+E=
-32,-2,vXceMgsSl6FB1p6dMPlguCTwI1k=,kSMmAJDBN1gTvRMaz5zirkoKZ+E=
-29,-7,vXceMgsSl6FB1p6dMPlguCTwI1k=,kSMmAJDBN1gTvRMaz5zirkoKZ+E=
-29,-1,vXceMgsSl6FB1p6dMPlguCTwI1k=,kSMmAJDBN1gTvRMaz5zirkoKZ+E=
-31,-2,vXceMgsSl6FB1p6dMPlguCTwI1k=,kSMmAJDBN1gTvRMaz5zirkoKZ+E=
-28,-1,vXceMgsSl6FB1p6dMPlguCTwI1k=,kSMmAJDBN1gTvRMaz5zirkoKZ+E=
-32,-5,vXceMgsSl6FB1p6dMPlguCTwI1k=,kSMmAJDBN1gTvRMaz5zirkoKZ+E=
-25,-6,vXceMgsSl6FB1p6dMPlguCTwI1k=,kSMmAJDBN1gTvRMaz5zirkoKZ+E=
-26,-6,vXceMgsSl6FB1p6dMPlguCTwI1k=,kSMmAJDBN1gTvRMaz5zirkoKZ+E=
-27,-6,vXceMgsSl6FB1p6dMPlguCTwI1k=,kSMmAJDBN1gTvRMaz5zirkoKZ+E=
-30,-1,vXceMgsSl6FB1p6dMPlguCTwI1k=,kSMmAJDBN1gTvRMaz5zirkoKZ+E=
-28,-6,vXceMgsSl6FB1p6dMPlguCTwI1k=,kSMmAJDBN1gTvRMaz5zirkoKZ+E=
-29,-6,vXceMgsSl6FB1p6dMPlguCTwI1k=,kSMmAJDBN1gTvRMaz5zirkoKZ+E=
-30,-2,vXceMgsSl6FB1p6dMPlguCTwI1k=,kSMmAJDBN1gTvRMaz5zirkoKZ+E=
-31,-1,vXceMgsSl6FB1p6dMPlguCTwI1k=,kSMmAJDBN1gTvRMaz5zirkoKZ+E=
-32,-1,vXceMgsSl6FB1p6dMPlguCTwI1k=,kSMmAJDBN1gTvRMaz5zirkoKZ+E=
-30,-6,vXceMgsSl6FB1p6dMPlguCTwI1k=,kSMmAJDBN1gTvRMaz5zirkoKZ+E=
-29,-2,vXceMgsSl6FB1p6dMPlguCTwI1k=,kSMmAJDBN1gTvRMaz5zirkoKZ+E=
-25,-2,vXceMgsSl6FB1p6dMPlguCTwI1k=,kSMmAJDBN1gTvRMaz5zirkoKZ+E=
-31,-6,vXceMgsSl6FB1p6dMPlguCTwI1k=,kSMmAJDBN1gTvRMaz5zirkoKZ+E=
-32,-6,vXceMgsSl6FB1p6dMPlguCTwI1k=,kSMmAJDBN1gTvRMaz5zirkoKZ+E=
-25,-7,vXceMgsSl6FB1p6dMPlguCTwI1k=,kSMmAJDBN1gTvRMaz5zirkoKZ+E=
-26,-7,vXceMgsSl6FB1p6dMPlguCTwI1k=,kSMmAJDBN1gTvRMaz5zirkoKZ+E=
-28,-2,vXceMgsSl6FB1p6dMPlguCTwI1k=,kSMmAJDBN1gTvRMaz5zirkoKZ+E=
-28,-7,vXceMgsSl6FB1p6dMPlguCTwI1k=,kSMmAJDBN1gTvRMaz5zirkoKZ+E=
-27,-7,vXceMgsSl6FB1p6dMPlguCTwI1k=,kSMmAJDBN1gTvRMaz5zirkoKZ+E=
-26,-2,vXceMgsSl6FB1p6dMPlguCTwI1k=,kSMmAJDBN1gTvRMaz5zirkoKZ+E=
-27,-2,vXceMgsSl6FB1p6dMPlguCTwI1k=,kSMmAJDBN1gTvRMaz5zirkoKZ+E=
