132,35,Kt+Z06NJjfCoZHUQ0eKMVx3ZQZQ=,kSMmAJDBN1gTvRMaz5zirkoKZ+E=
131,35,Kt+Z06NJjfCoZHUQ0eKMVx3ZQZQ=,kSMmAJDBN1gTvRMaz5zirkoKZ+E=
134,39,Kt+Z06NJjfCoZHUQ0eKMVx3ZQZQ=,kSMmAJDBN1gTvRMaz5zirkoKZ+E=
130,35,Kt+Z06NJjfCoZHUQ0eKMVx3ZQZQ=,kSMmAJDBN1gTvRMaz5zirkoKZ+E=
133,39,Kt+Z06NJjfCoZHUQ0eKMVx3ZQZQ=,kSMmAJDBN1gTvRMaz5zirkoKZ+E=
132,39,Kt+Z06NJjfCoZHUQ0eKMVx3ZQZQ=,kSMmAJDBN1gTvRMaz5zirkoKZ+E=
129,35,Kt+Z06NJjfCoZHUQ0eKMVx3ZQZQ=,kSMmAJDBN1gTvRMaz5zirkoKZ+E=
133,35,Kt+Z06NJjfCoZHUQ0eKMVx3ZQZQ=,kSMmAJDBN1gTvRMaz5zirkoKZ+E=
134,35,Kt+Z06NJjfCoZHUQ0eKMVx3ZQZQ=,kSMmAJDBN1gTvRMaz5zirkoKZ+E=
128,36,Kt+Z06NJjfCoZHUQ0eKMVx3ZQZQ=,kSMmAJDBN1gTvRMaz5zirkoKZ+E=
129,36,Kt+Z06NJjfCoZHUQ0eKMVx3ZQZQ=,kSMmAJDBN1gTvRMaz5zirkoKZ+E=
130,36,Kt+Z06NJjfCoZHUQ0eKMVx3ZQZQ=,kSMmAJDBN1gTvRMaz5zirkoKZ+E=
131,36,Kt+Z06NJjfCoZHUQ0eKMVx3ZQZQ=,kSMmAJDBN1gTvRMaz5zirkoKZ+E=
132,36,Kt+Z06NJjfCoZHUQ0eKMVx3ZQZQ=,kSMmAJDBN1gTvRMaz5zirkoKZ+E=
128,35,Kt+Z06NJjfCoZHUQ0eKMVx3ZQZQ=,kSMmAJDBN1gTvRMaz5zirkoKZ+E=
133,36,Kt+Z06NJjfCoZHUQ0eKMVx3ZQZQ=,kSMmAJDBN1gTvRMaz5zirkoKZ+E=
134,34,Kt+Z06NJjfCoZHUQ0eKMVx3ZQZQ=,kSMmAJDBN1gTvRMaz5zirkoKZ+E=
134,36,Kt+Z06NJjfCoZHUQ0eKMVx3ZQZQ=,kSMmAJDBN1gTvRMaz5zirkoKZ+E=
128,37,Kt+Z06NJjfCoZHUQ0eKMVx3ZQZQ=,kSMmAJDBN1gTvRMaz5zirkoKZ+E=
129,37,Kt+Z06NJjfCoZHUQ0eKMVx3ZQZQ=,kSMmAJDBN1gTvRMaz5zirkoKZ+E=
133,34,Kt+Z06NJjfCoZHUQ0eKMVx3ZQZQ=,kSMmAJDBN1gTvRMaz5zirkoKZ+E=
132,34,Kt+Z06NJjfCoZHUQ0eKMVx3ZQZQ=,kSMmAJDBN1gTvRMaz5zirkoKZ+E=
130,37,Kt+Z06NJjfCoZHUQ0eKMVx3ZQZQ=,kSMmAJDBN1gTvRMaz5zirkoKZ+E=
131,37,Kt+Z06NJjfCoZHUQ0eKMVx3ZQZQ=,kSMmAJDBN1gTvRMaz5zirkoKZ+E=
132,37,Kt+Z06NJjfCoZHUQ0eKMVx3ZQZQ=,kSMmAJDBN1gTvRMaz5zirkoKZ+E=
131,34,Kt+Z06NJjfCoZHUQ0eKMVx3ZQZQ=,kSMmAJDBN1gTvRMaz5zirkoKZ+E=
133,37,Kt+Z06NJjfCoZHUQ0eKMVx3ZQZQ=,kSMmAJDBN1gTvRMaz5zirkoKZ+E=
128,38,Kt+Z06NJjfCoZHUQ0eKMVx3ZQZQ=,kSMmAJDBN1gTvRMaz5zirkoKZ+E=
134,37,Kt+Z06NJjfCoZHUQ0eKMVx3ZQZQ=,kSMmAJDBN1gTvRMaz5zirkoKZ+E=
129,38,Kt+Z06NJjfCoZHUQ0eKMVx3ZQZQ=,kSMmAJDBN1gTvRMaz5zirkoKZ+E=
130,38,Kt+Z06NJjfCoZHUQ0eKMVx3ZQZQ=,kSMmAJDBN1gTvRMaz5zirkoKZ+E=
131,38,Kt+Z06NJjfCoZHUQ0eKMVx3ZQZQ=,kSMmAJDBN1gTvRMaz5zirkoKZ+E=
128,32,Kt+Z06NJjfCoZHUQ0eKMVx3ZQZQ=,kSMmAJDBN1gTvRMaz5zirkoKZ+E=
129,32,Kt+Z06NJjfCoZHUQ0eKMVx3ZQZQ=,kSMmAJDBN1gTvRMaz5zirkoKZ+E=
132,38,Kt+Z06NJjfCoZHUQ0eKMVx3ZQZQ=,kSMmAJDBN1gTvRMaz5zirkoKZ+E=
130,32,Kt+Z06NJjfCoZHUQ0eKMVx3ZQZQ=,kSMmAJDBN1gTvRMaz5zirkoKZ+E=
131,32,Kt+Z06NJjfCoZHUQ0eKMVx3ZQZQ=,kSMmAJDBN1gTvRMaz5zirkoKZ+E=
131,39,Kt+Z06NJjfCoZHUQ0eKMVx3ZQZQ=,kSMmAJDBN1gTvRMaz5zirkoKZ+E=
130,34,Kt+Z06NJjfCoZHUQ0eKMVx3ZQZQ=,kSMmAJDBN1gTvRMaz5zirkoKZ+E=
130,39,Kt+Z06NJjfCoZHUQ0eKMVx3ZQZQ=,kSMmAJDBN1gTvRMaz5zirkoKZ+E=
129,34,Kt+Z06NJjfCoZHUQ0eKMVx3ZQZQ=,kSMmAJDBN1gTvRMaz5zirkoKZ+E=
129,39,Kt+Z06NJjfCoZHUQ0eKMVx3ZQZQ=,kSMmAJDBN1gTvRMaz5zirkoKZ+E=
128,39,Kt+Z06NJjfCoZHUQ0eKMVx3ZQZQ=,kSMmAJDBN1gTvRMaz5zirkoKZ+E=
134,33,Kt+Z06NJjfCoZHUQ0eKMVx3ZQZQ=,kSMmAJDBN1gTvRMaz5zirkoKZ+E=
133,33,Kt+Z06NJjfCoZHUQ0eKMVx3ZQZQ=,kSMmAJDBN1gTvRMaz5zirkoKZ+E=
132,33,Kt+Z06NJjfCoZHUQ0eKMVx3ZQZQ=,kSMmAJDBN1gTvRMaz5zirkoKZ+E=
131,33,Kt+Z06NJjfCoZHUQ0eKMVx3ZQZQ=,kSMmAJDBN1gTvRMaz5zirkoKZ+E=
130,33,Kt+Z06NJjfCoZHUQ0eKMVx3ZQZQ=,kSMmAJDBN1gTvRMaz5zirkoKZ+E=
128,34,Kt+Z06NJjfCoZHUQ0eKMVx3ZQZQ=,kSMmAJDBN1gTvRMaz5zirkoKZ+E=
129,33,Kt+Z06NJjfCoZHUQ0eKMVx3ZQZQ=,kSMmAJDBN1gTvRMaz5zirkoKZ+E=
128,33,Kt+Z06NJjfCoZHUQ0eKMVx3ZQZQ=,kSMmAJDBN1gTvRMaz5zirkoKZ+E=
134,32,Kt+Z06NJjfCoZHUQ0eKMVx3ZQZQ=,kSMmAJDBN1gTvRMaz5zirkoKZ+E=
133,32,Kt+Z06NJjfCoZHUQ0eKMVx3ZQZQ=,kSMmAJDBN1gTvRMaz5zirkoKZ+E=
132,32,Kt+Z06NJjfCoZHUQ0eKMVx3ZQZQ=,kSMmAJDBN1gTvRMaz5zirkoKZ+E=
133,38,Kt+Z06NJjfCoZHUQ0eKMVx3ZQZQ=,kSMmAJDBN1gTvRMaz5zirkoKZ+E=
134,38,Kt+Z06NJjfCoZHUQ0eKMVx3ZQZQ=,kSMmAJDBN1gTvRMaz5zirkoKZ+E=
135,39,Kt+Z06NJjfCoZHUQ0eKMVx3ZQZQ=,kSMmAJDBN1gTvRMaz5zirkoKZ+E=
142,35,Kt+Z06NJjfCoZHUQ0eKMVx3ZQZQ=,kSMmAJDBN1gTvRMaz5zirkoKZ+E=
143,35,Kt+Z06NJjfCoZHUQ0eKMVx3ZQZQ=,kSMmAJDBN1gTvRMaz5zirkoKZ+E=
141,36,Kt+Z06NJjfCoZHUQ0eKMVx3ZQZQ=,kSMmAJDBN1gTvRMaz5zirkoKZ+E=
137,37,Kt+Z06NJjfCoZHUQ0eKMVx3ZQZQ=,kSMmAJDBN1gTvRMaz5zirkoKZ+E=
140,36,Kt+Z06NJjfCoZHUQ0eKMVx3ZQZQ=,kSMmAJDBN1gTvRMaz5zirkoKZ+E=
138,37,Kt+Z06NJjfCoZHUQ0eKMVx3ZQZQ=,kSMmAJDBN1gTvRMaz5zirkoKZ+E=
136,36,Kt+Z06NJjfCoZHUQ0eKMVx3ZQZQ=,kSMmAJDBN1gTvRMaz5zirkoKZ+E=
136,35,Kt+Z06NJjfCoZHUQ0eKMVx3ZQZQ=,kSMmAJDBN1gTvRMaz5zirkoKZ+E=
139,36,Kt+Z06NJjfCoZHUQ0eKMVx3ZQZQ=,kSMmAJDBN1gTvRMaz5zirkoKZ+E=
139,32,Kt+Z06NJjfCoZHUQ0eKMVx3ZQZQ=,kSMmAJDBN1gTvRMaz5zirkoKZ+E=
137,33,Kt+Z06NJjfCoZHUQ0eKMVx3ZQZQ=,kSMmAJDBN1gTvRMaz5zirkoKZ+E=
135,34,Kt+Z06NJjfCoZHUQ0eKMVx3ZQZQ=,kSMmAJDBN1gTvRMaz5zirkoKZ+E=
136,33,Kt+Z06NJjfCoZHUQ0eKMVx3ZQZQ=,kSMmAJDBN1gTvRMaz5zirkoKZ+E=
135,33,Kt+Z06NJjfCoZHUQ0eKMVx3ZQZQ=,kSMmAJDBN1gTvRMaz5zirkoKZ+E=
143,32,Kt+Z06NJjfCoZHUQ0eKMVx3ZQZQ=,kSMmAJDBN1gTvRMaz5zirkoKZ+E=
135,38,Kt+Z06NJjfCoZHUQ0eKMVx3ZQZQ=,kSMmAJDBN1gTvRMaz5zirkoKZ+E=
135,32,Kt+Z06NJjfCoZHUQ0eKMVx3ZQZQ=,kSMmAJDBN1gTvRMaz5zirkoKZ+E=
142,32,Kt+Z06NJjfCoZHUQ0eKMVx3ZQZQ=,kSMmAJDBN1gTvRMaz5zirkoKZ+E=
143,39,Kt+Z06NJjfCoZHUQ0eKMVx3ZQZQ=,kSMmAJDBN1gTvRMaz5zirkoKZ+E=
142,39,Kt+Z06NJjfCoZHUQ0eKMVx3ZQZQ=,kSMmAJDBN1gTvRMaz5zirkoKZ+E=
138,36,Kt+Z06NJjfCoZHUQ0eKMVx3ZQZQ=,kSMmAJDBN1gTvRMaz5zirkoKZ+E=
141,39,Kt+Z06NJjfCoZHUQ0eKMVx3ZQZQ=,kSMmAJDBN1gTvRMaz5zirkoKZ+E=
143,33,Kt+Z06NJjfCoZHUQ0eKMVx3ZQZQ=,kSMmAJDBN1gTvRMaz5zirkoKZ+E=
141,32,Kt+Z06NJjfCoZHUQ0eKMVx3ZQZQ=,kSMmAJDBN1gTvRMaz5zirkoKZ+E=
142,36,Kt+Z06NJjfCoZHUQ0eKMVx3ZQZQ=,kSMmAJDBN1gTvRMaz5zirkoKZ+E=
140,39,Kt+Z06NJjfCoZHUQ0eKMVx3ZQZQ=,kSMmAJDBN1gTvRMaz5zirkoKZ+E=
142,33,Kt+Z06NJjfCoZHUQ0eKMVx3ZQZQ=,kSMmAJDBN1gTvRMaz5zirkoKZ+E=
143,36,Kt+Z06NJjfCoZHUQ0eKMVx3ZQZQ=,kSMmAJDBN1gTvRMaz5zirkoKZ+E=
143,34,Kt+Z06NJjfCoZHUQ0eKMVx3ZQZQ=,kSMmAJDBN1gTvRMaz5zirkoKZ+E=
135,37,Kt+Z06NJjfCoZHUQ0eKMVx3ZQZQ=,kSMmAJDBN1gTvRMaz5zirkoKZ+E=
139,39,Kt+Z06NJjfCoZHUQ0eKMVx3ZQZQ=,kSMmAJDBN1gTvRMaz5zirkoKZ+E=
138,39,Kt+Z06NJjfCoZHUQ0eKMVx3ZQZQ=,kSMmAJDBN1gTvRMaz5zirkoKZ+E=
137,39,Kt+Z06NJjfCoZHUQ0eKMVx3ZQZQ=,kSMmAJDBN1gTvRMaz5zirkoKZ+E=
136,39,Kt+Z06NJjfCoZHUQ0eKMVx3ZQZQ=,kSMmAJDBN1gTvRMaz5zirkoKZ+E=
143,38,Kt+Z06NJjfCoZHUQ0eKMVx3ZQZQ=,kSMmAJDBN1gTvRMaz5zirkoKZ+E=
142,38,Kt+Z06NJjfCoZHUQ0eKMVx3ZQZQ=,kSMmAJDBN1gTvRMaz5zirkoKZ+E=
136,37,Kt+Z06NJjfCoZHUQ0eKMVx3ZQZQ=,kSMmAJDBN1gTvRMaz5zirkoKZ+E=
141,33,Kt+Z06NJjfCoZHUQ0eKMVx3ZQZQ=,kSMmAJDBN1gTvRMaz5zirkoKZ+E=
136,32,Kt+Z06NJjfCoZHUQ0eKMVx3ZQZQ=,kSMmAJDBN1gTvRMaz5zirkoKZ+E=
138,33,Kt+Z06NJjfCoZHUQ0eKMVx3ZQZQ=,kSMmAJDBN1gTvRMaz5zirkoKZ+E=
141,35,Kt+Z06NJjfCoZHUQ0eKMVx3ZQZQ=,kSMmAJDBN1gTvRMaz5zirkoKZ+E=
141,38,Kt+Z06NJjfCoZHUQ0eKMVx3ZQZQ=,kSMmAJDBN1gTvRMaz5zirkoKZ+E=
135,36,Kt+Z06NJjfCoZHUQ0eKMVx3ZQZQ=,kSMmAJDBN1gTvRMaz5zirkoKZ+E=
140,35,Kt+Z06NJjfCoZHUQ0eKMVx3ZQZQ=,kSMmAJDBN1gTvRMaz5zirkoKZ+E=
140,32,Kt+Z06NJjfCoZHUQ0eKMVx3ZQZQ=,kSMmAJDBN1gTvRMaz5zirkoKZ+E=
140,38,Kt+Z06NJjfCoZHUQ0eKMVx3ZQZQ=,kSMmAJDBN1gTvRMaz5zirkoKZ+E=
139,38,Kt+Z06NJjfCoZHUQ0eKMVx3ZQZQ=,kSMmAJDBN1gTvRMaz5zirkoKZ+E=
137,38,Kt+Z06NJjfCoZHUQ0eKMVx3ZQZQ=,kSMmAJDBN1gTvRMaz5zirkoKZ+E=
136,38,Kt+Z06NJjfCoZHUQ0eKMVx3ZQZQ=,kSMmAJDBN1gTvRMaz5zirkoKZ+E=
137,36,Kt+Z06NJjfCoZHUQ0eKMVx3ZQZQ=,kSMmAJDBN1gTvRMaz5zirkoKZ+E=
137,32,Kt+Z06NJjfCoZHUQ0eKMVx3ZQZQ=,kSMmAJDBN1gTvRMaz5zirkoKZ+E=
136,34,Kt+Z06NJjfCoZHUQ0eKMVx3ZQZQ=,kSMmAJDBN1gTvRMaz5zirkoKZ+E=
137,34,Kt+Z06NJjfCoZHUQ0eKMVx3ZQZQ=,kSMmAJDBN1gTvRMaz5zirkoKZ+E=
138,38,Kt+Z06NJjfCoZHUQ0eKMVx3ZQZQ=,kSMmAJDBN1gTvRMaz5zirkoKZ+E=
140,33,Kt+Z06NJjfCoZHUQ0eKMVx3ZQZQ=,kSMmAJDBN1gTvRMaz5zirkoKZ+E=
143,37,Kt+Z06NJjfCoZHUQ0eKMVx3ZQZQ=,kSMmAJDBN1gTvRMaz5zirkoKZ+E=
142,37,Kt+Z06NJjfCoZHUQ0eKMVx3ZQZQ=,kSMmAJDBN1gTvRMaz5zirkoKZ+E=
137,35,Kt+Z06NJjfCoZHUQ0eKMVx3ZQZQ=,kSMmAJDBN1gTvRMaz5zirkoKZ+E=
138,35,Kt+Z06NJjfCoZHUQ0eKMVx3ZQZQ=,kSMmAJDBN1gTvRMaz5zirkoKZ+E=
139,33,Kt+Z06NJjfCoZHUQ0eKMVx3ZQZQ=,kSMmAJDBN1gTvRMaz5zirkoKZ+E=
138,34,Kt+Z06NJjfCoZHUQ0eKMVx3ZQZQ=,kSMmAJDBN1gTvRMaz5zirkoKZ+E=
139,35,Kt+Z06NJjfCoZHUQ0eKMVx3ZQZQ=,kSMmAJDBN1gTvRMaz5zirkoKZ+E=
139,34,Kt+Z06NJjfCoZHUQ0eKMVx3ZQZQ=,kSMmAJDBN1gTvRMaz5zirkoKZ+E=
140,34,Kt+Z06NJjfCoZHUQ0eKMVx3ZQZQ=,kSMmAJDBN1gTvRMaz5zirkoKZ+E=
141,37,Kt+Z06NJjfCoZHUQ0eKMVx3ZQZQ=,kSMmAJDBN1gTvRMaz5zirkoKZ+E=
138,32,Kt+Z06NJjfCoZHUQ0eKMVx3ZQZQ=,kSMmAJDBN1gTvRMaz5zirkoKZ+E=
140,37,Kt+Z06NJjfCoZHUQ0eKMVx3ZQZQ=,kSMmAJDBN1gTvRMaz5zirkoKZ+E=
141,34,Kt+Z06NJjfCoZHUQ0eKMVx3ZQZQ=,kSMmAJDBN1gTvRMaz5zirkoKZ+E=
135,35,Kt+Z06NJjfCoZHUQ0eKMVx3ZQZQ=,kSMmAJDBN1gTvRMaz5zirkoKZ+E=
142,34,Kt+Z06NJjfCoZHUQ0eKMVx3ZQZQ=,kSMmAJDBN1gTvRMaz5zirkoKZ+E=
139,37,Kt+Z06NJjfCoZHUQ0eKMVx3ZQZQ=,kSMmAJDBN1gTvRMaz5zirkoKZ+E=
156,35,ki4uPs6RMC5rGdE5ALM4aqRmwTw=,kSMmAJDBN1gTvRMaz5zirkoKZ+E=
159,39,ki4uPs6RMC5rGdE5ALM4aqRmwTw=,kSMmAJDBN1gTvRMaz5zirkoKZ+E=
158,39,ki4uPs6RMC5rGdE5ALM4aqRmwTw=,kSMmAJDBN1gTvRMaz5zirkoKZ+E=
155,35,ki4uPs6RMC5rGdE5ALM4aqRmwTw=,kSMmAJDBN1gTvRMaz5zirkoKZ+E=
157,35,ki4uPs6RMC5rGdE5ALM4aqRmwTw=,kSMmAJDBN1gTvRMaz5zirkoKZ+E=
158,35,ki4uPs6RMC5rGdE5ALM4aqRmwTw=,kSMmAJDBN1gTvRMaz5zirkoKZ+E=
159,35,ki4uPs6RMC5rGdE5ALM4aqRmwTw=,kSMmAJDBN1gTvRMaz5zirkoKZ+E=
153,36,ki4uPs6RMC5rGdE5ALM4aqRmwTw=,kSMmAJDBN1gTvRMaz5zirkoKZ+E=
154,36,ki4uPs6RMC5rGdE5ALM4aqRmwTw=,kSMmAJDBN1gTvRMaz5zirkoKZ+E=
153,32,ki4uPs6RMC5rGdE5ALM4aqRmwTw=,kSMmAJDBN1gTvRMaz5zirkoKZ+E=
154,32,ki4uPs6RMC5rGdE5ALM4aqRmwTw=,kSMmAJDBN1gTvRMaz5zirkoKZ+E=
155,32,ki4uPs6RMC5rGdE5ALM4aqRmwTw=,kSMmAJDBN1gTvRMaz5zirkoKZ+E=
156,32,ki4uPs6RMC5rGdE5ALM4aqRmwTw=,kSMmAJDBN1gTvRMaz5zirkoKZ+E=
157,32,ki4uPs6RMC5rGdE5ALM4aqRmwTw=,kSMmAJDBN1gTvRMaz5zirkoKZ+E=
158,32,ki4uPs6RMC5rGdE5ALM4aqRmwTw=,kSMmAJDBN1gTvRMaz5zirkoKZ+E=
153,33,ki4uPs6RMC5rGdE5ALM4aqRmwTw=,kSMmAJDBN1gTvRMaz5zirkoKZ+E=
154,33,ki4uPs6RMC5rGdE5ALM4aqRmwTw=,kSMmAJDBN1gTvRMaz5zirkoKZ+E=
159,32,ki4uPs6RMC5rGdE5ALM4aqRmwTw=,kSMmAJDBN1gTvRMaz5zirkoKZ+E=
155,33,ki4uPs6RMC5rGdE5ALM4aqRmwTw=,kSMmAJDBN1gTvRMaz5zirkoKZ+E=
156,33,ki4uPs6RMC5rGdE5ALM4aqRmwTw=,kSMmAJDBN1gTvRMaz5zirkoKZ+E=
157,33,ki4uPs6RMC5rGdE5ALM4aqRmwTw=,kSMmAJDBN1gTvRMaz5zirkoKZ+E=
158,33,ki4uPs6RMC5rGdE5ALM4aqRmwTw=,kSMmAJDBN1gTvRMaz5zirkoKZ+E=
155,36,ki4uPs6RMC5rGdE5ALM4aqRmwTw=,kSMmAJDBN1gTvRMaz5zirkoKZ+E=
156,36,ki4uPs6RMC5rGdE5ALM4aqRmwTw=,kSMmAJDBN1gTvRMaz5zirkoKZ+E=
159,33,ki4uPs6RMC5rGdE5ALM4aqRmwTw=,kSMmAJDBN1gTvRMaz5zirkoKZ+E=
157,36,ki4uPs6RMC5rGdE5ALM4aqRmwTw=,kSMmAJDBN1gTvRMaz5zirkoKZ+E=
159,36,ki4uPs6RMC5rGdE5ALM4aqRmwTw=,kSMmAJDBN1gTvRMaz5zirkoKZ+E=
158,36,ki4uPs6RMC5rGdE5ALM4aqRmwTw=,kSMmAJDBN1gTvRMaz5zirkoKZ+E=
153,37,ki4uPs6RMC5rGdE5ALM4aqRmwTw=,kSMmAJDBN1gTvRMaz5zirkoKZ+E=
154,37,ki4uPs6RMC5rGdE5ALM4aqRmwTw=,kSMmAJDBN1gTvRMaz5zirkoKZ+E=
153,34,ki4uPs6RMC5rGdE5ALM4aqRmwTw=,kSMmAJDBN1gTvRMaz5zirkoKZ+E=
155,37,ki4uPs6RMC5rGdE5ALM4aqRmwTw=,kSMmAJDBN1gTvRMaz5zirkoKZ+E=
156,37,ki4uPs6RMC5rGdE5ALM4aqRmwTw=,kSMmAJDBN1gTvRMaz5zirkoKZ+E=
157,37,ki4uPs6RMC5rGdE5ALM4aqRmwTw=,kSMmAJDBN1gTvRMaz5zirkoKZ+E=
158,37,ki4uPs6RMC5rGdE5ALM4aqRmwTw=,kSMmAJDBN1gTvRMaz5zirkoKZ+E=
159,37,ki4uPs6RMC5rGdE5ALM4aqRmwTw=,kSMmAJDBN1gTvRMaz5zirkoKZ+E=
148,37,ki4uPs6RMC5rGdE5ALM4aqRmwTw=,kSMmAJDBN1gTvRMaz5zirkoKZ+E=
148,32,ki4uPs6RMC5rGdE5ALM4aqRmwTw=,kSMmAJDBN1gTvRMaz5zirkoKZ+E=
149,37,ki4uPs6RMC5rGdE5ALM4aqRmwTw=,kSMmAJDBN1gTvRMaz5zirkoKZ+E=
150,37,ki4uPs6RMC5rGdE5ALM4aqRmwTw=,kSMmAJDBN1gTvRMaz5zirkoKZ+E=
151,37,ki4uPs6RMC5rGdE5ALM4aqRmwTw=,kSMmAJDBN1gTvRMaz5zirkoKZ+E=
144,38,ki4uPs6RMC5rGdE5ALM4aqRmwTw=,kSMmAJDBN1gTvRMaz5zirkoKZ+E=
145,38,ki4uPs6RMC5rGdE5ALM4aqRmwTw=,kSMmAJDBN1gTvRMaz5zirkoKZ+E=
146,38,ki4uPs6RMC5rGdE5ALM4aqRmwTw=,kSMmAJDBN1gTvRMaz5zirkoKZ+E=
149,32,ki4uPs6RMC5rGdE5ALM4aqRmwTw=,kSMmAJDBN1gTvRMaz5zirkoKZ+E=
147,38,ki4uPs6RMC5rGdE5ALM4aqRmwTw=,kSMmAJDBN1gTvRMaz5zirkoKZ+E=
148,38,ki4uPs6RMC5rGdE5ALM4aqRmwTw=,kSMmAJDBN1gTvRMaz5zirkoKZ+E=
149,38,ki4uPs6RMC5rGdE5ALM4aqRmwTw=,kSMmAJDBN1gTvRMaz5zirkoKZ+E=
150,38,ki4uPs6RMC5rGdE5ALM4aqRmwTw=,kSMmAJDBN1gTvRMaz5zirkoKZ+E=
154,34,ki4uPs6RMC5rGdE5ALM4aqRmwTw=,kSMmAJDBN1gTvRMaz5zirkoKZ+E=
154,35,ki4uPs6RMC5rGdE5ALM4aqRmwTw=,kSMmAJDBN1gTvRMaz5zirkoKZ+E=
144,35,ki4uPs6RMC5rGdE5ALM4aqRmwTw=,kSMmAJDBN1gTvRMaz5zirkoKZ+E=
153,35,ki4uPs6RMC5rGdE5ALM4aqRmwTw=,kSMmAJDBN1gTvRMaz5zirkoKZ+E=
155,34,ki4uPs6RMC5rGdE5ALM4aqRmwTw=,kSMmAJDBN1gTvRMaz5zirkoKZ+E=
146,33,ki4uPs6RMC5rGdE5ALM4aqRmwTw=,kSMmAJDBN1gTvRMaz5zirkoKZ+E=
157,39,ki4uPs6RMC5rGdE5ALM4aqRmwTw=,kSMmAJDBN1gTvRMaz5zirkoKZ+E=
144,32,ki4uPs6RMC5rGdE5ALM4aqRmwTw=,kSMmAJDBN1gTvRMaz5zirkoKZ+E=
151,38,ki4uPs6RMC5rGdE5ALM4aqRmwTw=,kSMmAJDBN1gTvRMaz5zirkoKZ+E=
145,35,ki4uPs6RMC5rGdE5ALM4aqRmwTw=,kSMmAJDBN1gTvRMaz5zirkoKZ+E=
150,32,ki4uPs6RMC5rGdE5ALM4aqRmwTw=,kSMmAJDBN1gTvRMaz5zirkoKZ+E=
156,34,ki4uPs6RMC5rGdE5ALM4aqRmwTw=,kSMmAJDBN1gTvRMaz5zirkoKZ+E=
153,38,ki4uPs6RMC5rGdE5ALM4aqRmwTw=,kSMmAJDBN1gTvRMaz5zirkoKZ+E=
154,38,ki4uPs6RMC5rGdE5ALM4aqRmwTw=,kSMmAJDBN1gTvRMaz5zirkoKZ+E=
155,38,ki4uPs6RMC5rGdE5ALM4aqRmwTw=,kSMmAJDBN1gTvRMaz5zirkoKZ+E=
156,38,ki4uPs6RMC5rGdE5ALM4aqRmwTw=,kSMmAJDBN1gTvRMaz5zirkoKZ+E=
157,38,ki4uPs6RMC5rGdE5ALM4aqRmwTw=,kSMmAJDBN1gTvRMaz5zirkoKZ+E=
144,39,ki4uPs6RMC5rGdE5ALM4aqRmwTw=,kSMmAJDBN1gTvRMaz5zirkoKZ+E=
152,36,ki4uPs6RMC5rGdE5ALM4aqRmwTw=,kSMmAJDBN1gTvRMaz5zirkoKZ+E=
145,39,ki4uPs6RMC5rGdE5ALM4aqRmwTw=,kSMmAJDBN1gTvRMaz5zirkoKZ+E=
146,39,ki4uPs6RMC5rGdE5ALM4aqRmwTw=,kSMmAJDBN1gTvRMaz5zirkoKZ+E=
147,39,ki4uPs6RMC5rGdE5ALM4aqRmwTw=,kSMmAJDBN1gTvRMaz5zirkoKZ+E=
148,39,ki4uPs6RMC5rGdE5ALM4aqRmwTw=,kSMmAJDBN1gTvRMaz5zirkoKZ+E=
149,39,ki4uPs6RMC5rGdE5ALM4aqRmwTw=,kSMmAJDBN1gTvRMaz5zirkoKZ+E=
150,39,ki4uPs6RMC5rGdE5ALM4aqRmwTw=,kSMmAJDBN1gTvRMaz5zirkoKZ+E=
159,34,ki4uPs6RMC5rGdE5ALM4aqRmwTw=,kSMmAJDBN1gTvRMaz5zirkoKZ+E=
151,39,ki4uPs6RMC5rGdE5ALM4aqRmwTw=,kSMmAJDBN1gTvRMaz5zirkoKZ+E=
156,39,ki4uPs6RMC5rGdE5ALM4aqRmwTw=,kSMmAJDBN1gTvRMaz5zirkoKZ+E=
147,32,ki4uPs6RMC5rGdE5ALM4aqRmwTw=,kSMmAJDBN1gTvRMaz5zirkoKZ+E=
147,37,ki4uPs6RMC5rGdE5ALM4aqRmwTw=,kSMmAJDBN1gTvRMaz5zirkoKZ+E=
145,32,ki4uPs6RMC5rGdE5ALM4aqRmwTw=,kSMmAJDBN1gTvRMaz5zirkoKZ+E=
158,34,ki4uPs6RMC5rGdE5ALM4aqRmwTw=,kSMmAJDBN1gTvRMaz5zirkoKZ+E=
155,39,ki4uPs6RMC5rGdE5ALM4aqRmwTw=,kSMmAJDBN1gTvRMaz5zirkoKZ+E=
154,39,ki4uPs6RMC5rGdE5ALM4aqRmwTw=,kSMmAJDBN1gTvRMaz5zirkoKZ+E=
153,39,ki4uPs6RMC5rGdE5ALM4aqRmwTw=,kSMmAJDBN1gTvRMaz5zirkoKZ+E=
159,38,ki4uPs6RMC5rGdE5ALM4aqRmwTw=,kSMmAJDBN1gTvRMaz5zirkoKZ+E=
146,37,ki4uPs6RMC5rGdE5ALM4aqRmwTw=,kSMmAJDBN1gTvRMaz5zirkoKZ+E=
157,34,ki4uPs6RMC5rGdE5ALM4aqRmwTw=,kSMmAJDBN1gTvRMaz5zirkoKZ+E=
158,38,ki4uPs6RMC5rGdE5ALM4aqRmwTw=,kSMmAJDBN1gTvRMaz5zirkoKZ+E=
145,37,ki4uPs6RMC5rGdE5ALM4aqRmwTw=,kSMmAJDBN1gTvRMaz5zirkoKZ+E=
144,37,ki4uPs6RMC5rGdE5ALM4aqRmwTw=,kSMmAJDBN1gTvRMaz5zirkoKZ+E=
151,36,ki4uPs6RMC5rGdE5ALM4aqRmwTw=,kSMmAJDBN1gTvRMaz5zirkoKZ+E=
150,35,ki4uPs6RMC5rGdE5ALM4aqRmwTw=,kSMmAJDBN1gTvRMaz5zirkoKZ+E=
150,36,ki4uPs6RMC5rGdE5ALM4aqRmwTw=,kSMmAJDBN1gTvRMaz5zirkoKZ+E=
151,35,ki4uPs6RMC5rGdE5ALM4aqRmwTw=,kSMmAJDBN1gTvRMaz5zirkoKZ+E=
144,36,ki4uPs6RMC5rGdE5ALM4aqRmwTw=,kSMmAJDBN1gTvRMaz5zirkoKZ+E=
152,32,ki4uPs6RMC5rGdE5ALM4aqRmwTw=,kSMmAJDBN1gTvRMaz5zirkoKZ+E=
145,36,ki4uPs6RMC5rGdE5ALM4aqRmwTw=,kSMmAJDBN1gTvRMaz5zirkoKZ+E=
151,33,ki4uPs6RMC5rGdE5ALM4aqRmwTw=,kSMmAJDBN1gTvRMaz5zirkoKZ+E=
151,32,ki4uPs6RMC5rGdE5ALM4aqRmwTw=,kSMmAJDBN1gTvRMaz5zirkoKZ+E=
146,36,ki4uPs6RMC5rGdE5ALM4aqRmwTw=,kSMmAJDBN1gTvRMaz5zirkoKZ+E=
147,36,ki4uPs6RMC5rGdE5ALM4aqRmwTw=,kSMmAJDBN1gTvRMaz5zirkoKZ+E=
148,36,ki4uPs6RMC5rGdE5ALM4aqRmwTw=,kSMmAJDBN1gTvRMaz5zirkoKZ+E=
149,36,ki4uPs6RMC5rGdE5ALM4aqRmwTw=,kSMmAJDBN1gTvRMaz5zirkoKZ+E=
144,34,ki4uPs6RMC5rGdE5ALM4aqRmwTw=,kSMmAJDBN1gTvRMaz5zirkoKZ+E=
150,33,ki4uPs6RMC5rGdE5ALM4aqRmwTw=,kSMmAJDBN1gTvRMaz5zirkoKZ+E=
152,35,ki4uPs6RMC5rGdE5ALM4aqRmwTw=,kSMmAJDBN1gTvRMaz5zirkoKZ+E=
152,39,ki4uPs6RMC5rGdE5ALM4aqRmwTw=,kSMmAJDBN1gTvRMaz5zirkoKZ+E=
151,34,ki4uPs6RMC5rGdE5ALM4aqRmwTw=,kSMmAJDBN1gTvRMaz5zirkoKZ+E=
145,33,ki4uPs6RMC5rGdE5ALM4aqRmwTw=,kSMmAJDBN1gTvRMaz5zirkoKZ+E=
145,34,ki4uPs6RMC5rGdE5ALM4aqRmwTw=,kSMmAJDBN1gTvRMaz5zirkoKZ+E=
149,33,ki4uPs6RMC5rGdE5ALM4aqRmwTw=,kSMmAJDBN1gTvRMaz5zirkoKZ+E=
152,38,ki4uPs6RMC5rGdE5ALM4aqRmwTw=,kSMmAJDBN1gTvRMaz5zirkoKZ+E=
148,33,ki4uPs6RMC5rGdE5ALM4aqRmwTw=,kSMmAJDBN1gTvRMaz5zirkoKZ+E=
152,37,ki4uPs6RMC5rGdE5ALM4aqRmwTw=,kSMmAJDBN1gTvRMaz5zirkoKZ+E=
149,35,ki4uPs6RMC5rGdE5ALM4aqRmwTw=,kSMmAJDBN1gTvRMaz5zirkoKZ+E=
146,34,ki4uPs6RMC5rGdE5ALM4aqRmwTw=,kSMmAJDBN1gTvRMaz5zirkoKZ+E=
147,33,ki4uPs6RMC5rGdE5ALM4aqRmwTw=,kSMmAJDBN1gTvRMaz5zirkoKZ+E=
152,34,ki4uPs6RMC5rGdE5ALM4aqRmwTw=,kSMmAJDBN1gTvRMaz5zirkoKZ+E=
146,32,ki4uPs6RMC5rGdE5ALM4aqRmwTw=,kSMmAJDBN1gTvRMaz5zirkoKZ+E=
148,35,ki4uPs6RMC5rGdE5ALM4aqRmwTw=,kSMmAJDBN1gTvRMaz5zirkoKZ+E=
147,35,ki4uPs6RMC5rGdE5ALM4aqRmwTw=,kSMmAJDBN1gTvRMaz5zirkoKZ+E=
147,34,ki4uPs6RMC5rGdE5ALM4aqRmwTw=,kSMmAJDBN1gTvRMaz5zirkoKZ+E=
152,33,ki4uPs6RMC5rGdE5ALM4aqRmwTw=,kSMmAJDBN1gTvRMaz5zirkoKZ+E=
150,34,ki4uPs6RMC5rGdE5ALM4aqRmwTw=,kSMmAJDBN1gTvRMaz5zirkoKZ+E=
149,34,ki4uPs6RMC5rGdE5ALM4aqRmwTw=,kSMmAJDBN1gTvRMaz5zirkoKZ+E=
144,33,ki4uPs6RMC5rGdE5ALM4aqRmwTw=,kSMmAJDBN1gTvRMaz5zirkoKZ+E=
148,34,ki4uPs6RMC5rGdE5ALM4aqRmwTw=,kSMmAJDBN1gTvRMaz5zirkoKZ+E=
146,35,ki4uPs6RMC5rGdE5ALM4aqRmwTw=,kSMmAJDBN1gTvRMaz5zirkoKZ+E=
