-13,3,+mkTh96rhWvsZzjv/geh98p/tC0=,PaG1odQqveyw60dKGjzG+Bn4H4I=
-12,4,+mkTh96rhWvsZzjv/geh98p/tC0=,PaG1odQqveyw60dKGjzG+Bn4H4I=
-13,4,+mkTh96rhWvsZzjv/geh98p/tC0=,PaG1odQqveyw60dKGjzG+Bn4H4I=
-12,3,+mkTh96rhWvsZzjv/geh98p/tC0=,PaG1odQqveyw60dKGjzG+Bn4H4I=
-4,12,C42jL9ShNM2ebo0l7+BbOvLiA/U=,yXwX7m6AEnnNR/BBa1X9rzHBhIs=
-5,11,C42jL9ShNM2ebo0l7+BbOvLiA/U=,yXwX7m6AEnnNR/BBa1X9rzHBhIs=
-4,11,C42jL9ShNM2ebo0l7+BbOvLiA/U=,yXwX7m6AEnnNR/BBa1X9rzHBhIs=
-5,12,C42jL9ShNM2ebo0l7+BbOvLiA/U=,yXwX7m6AEnnNR/BBa1X9rzHBhIs=
-10,12,98Y/Diz+CmeB2Hx466pro7ShurQ=,Yd6fLhbtNfLAbHtWeF8tkKbbKBQ=
-6,11,sKXOTAJpXMN8xJmkBxQvRLYNloY=,yXwX7m6AEnnNR/BBa1X9rzHBhIs=
-12,10,sKXOTAJpXMN8xJmkBxQvRLYNloY=,Yd6fLhbtNfLAbHtWeF8tkKbbKBQ=
-13,10,sKXOTAJpXMN8xJmkBxQvRLYNloY=,Yd6fLhbtNfLAbHtWeF8tkKbbKBQ=
-8,11,sKXOTAJpXMN8xJmkBxQvRLYNloY=,yXwX7m6AEnnNR/BBa1X9rzHBhIs=
-7,11,sKXOTAJpXMN8xJmkBxQvRLYNloY=,yXwX7m6AEnnNR/BBa1X9rzHBhIs=
-12,9,sKXOTAJpXMN8xJmkBxQvRLYNloY=,Yd6fLhbtNfLAbHtWeF8tkKbbKBQ=
-11,12,sKXOTAJpXMN8xJmkBxQvRLYNloY=,Yd6fLhbtNfLAbHtWeF8tkKbbKBQ=
-13,9,sKXOTAJpXMN8xJmkBxQvRLYNloY=,Yd6fLhbtNfLAbHtWeF8tkKbbKBQ=
-12,6,sKXOTAJpXMN8xJmkBxQvRLYNloY=,PaG1odQqveyw60dKGjzG+Bn4H4I=
-12,7,sKXOTAJpXMN8xJmkBxQvRLYNloY=,PaG1odQqveyw60dKGjzG+Bn4H4I=
-13,7,nCEaQppLOMpeRg4pbgkPtzdCroA=,PaG1odQqveyw60dKGjzG+Bn4H4I=
-12,8,nCEaQppLOMpeRg4pbgkPtzdCroA=,Yd6fLhbtNfLAbHtWeF8tkKbbKBQ=
-13,8,nCEaQppLOMpeRg4pbgkPtzdCroA=,Yd6fLhbtNfLAbHtWeF8tkKbbKBQ=
-6,12,nCEaQppLOMpeRg4pbgkPtzdCroA=,yXwX7m6AEnnNR/BBa1X9rzHBhIs=
-13,6,nCEaQppLOMpeRg4pbgkPtzdCroA=,PaG1odQqveyw60dKGjzG+Bn4H4I=
-13,12,nCEaQppLOMpeRg4pbgkPtzdCroA=,Yd6fLhbtNfLAbHtWeF8tkKbbKBQ=
-12,12,nCEaQppLOMpeRg4pbgkPtzdCroA=,Yd6fLhbtNfLAbHtWeF8tkKbbKBQ=
-10,11,nCEaQppLOMpeRg4pbgkPtzdCroA=,Yd6fLhbtNfLAbHtWeF8tkKbbKBQ=
-11,11,nCEaQppLOMpeRg4pbgkPtzdCroA=,Yd6fLhbtNfLAbHtWeF8tkKbbKBQ=
-7,12,nCEaQppLOMpeRg4pbgkPtzdCroA=,yXwX7m6AEnnNR/BBa1X9rzHBhIs=
-12,11,nCEaQppLOMpeRg4pbgkPtzdCroA=,Yd6fLhbtNfLAbHtWeF8tkKbbKBQ=
-9,12,nCEaQppLOMpeRg4pbgkPtzdCroA=,Yd6fLhbtNfLAbHtWeF8tkKbbKBQ=
-9,11,nCEaQppLOMpeRg4pbgkPtzdCroA=,Yd6fLhbtNfLAbHtWeF8tkKbbKBQ=
-13,11,nCEaQppLOMpeRg4pbgkPtzdCroA=,Yd6fLhbtNfLAbHtWeF8tkKbbKBQ=
-12,5,WEgo8Jjvv4K1epj0X0l6SQfMtN4=,PaG1odQqveyw60dKGjzG+Bn4H4I=
-13,5,bqtqeD0kA+3zmOaDmUIuOAIcxZs=,PaG1odQqveyw60dKGjzG+Bn4H4I=
-13,15,mjJd+bXqNA3iwsIs/dkQbLH1rHs=,Yd6fLhbtNfLAbHtWeF8tkKbbKBQ=
-8,12,mjJd+bXqNA3iwsIs/dkQbLH1rHs=,yXwX7m6AEnnNR/BBa1X9rzHBhIs=
-13,13,mjJd+bXqNA3iwsIs/dkQbLH1rHs=,Yd6fLhbtNfLAbHtWeF8tkKbbKBQ=
-12,15,mjJd+bXqNA3iwsIs/dkQbLH1rHs=,Yd6fLhbtNfLAbHtWeF8tkKbbKBQ=
-12,13,mjJd+bXqNA3iwsIs/dkQbLH1rHs=,Yd6fLhbtNfLAbHtWeF8tkKbbKBQ=
-13,14,mjJd+bXqNA3iwsIs/dkQbLH1rHs=,Yd6fLhbtNfLAbHtWeF8tkKbbKBQ=
-12,14,mjJd+bXqNA3iwsIs/dkQbLH1rHs=,Yd6fLhbtNfLAbHtWeF8tkKbbKBQ=
-5,14,mjJd+bXqNA3iwsIs/dkQbLH1rHs=,yXwX7m6AEnnNR/BBa1X9rzHBhIs=
-4,14,mjJd+bXqNA3iwsIs/dkQbLH1rHs=,yXwX7m6AEnnNR/BBa1X9rzHBhIs=
-8,14,mjJd+bXqNA3iwsIs/dkQbLH1rHs=,yXwX7m6AEnnNR/BBa1X9rzHBhIs=
-6,14,mjJd+bXqNA3iwsIs/dkQbLH1rHs=,yXwX7m6AEnnNR/BBa1X9rzHBhIs=
-9,15,mjJd+bXqNA3iwsIs/dkQbLH1rHs=,Yd6fLhbtNfLAbHtWeF8tkKbbKBQ=
-4,13,mjJd+bXqNA3iwsIs/dkQbLH1rHs=,yXwX7m6AEnnNR/BBa1X9rzHBhIs=
-10,14,mjJd+bXqNA3iwsIs/dkQbLH1rHs=,Yd6fLhbtNfLAbHtWeF8tkKbbKBQ=
-9,14,mjJd+bXqNA3iwsIs/dkQbLH1rHs=,Yd6fLhbtNfLAbHtWeF8tkKbbKBQ=
-5,13,mjJd+bXqNA3iwsIs/dkQbLH1rHs=,yXwX7m6AEnnNR/BBa1X9rzHBhIs=
-6,13,mjJd+bXqNA3iwsIs/dkQbLH1rHs=,yXwX7m6AEnnNR/BBa1X9rzHBhIs=
-7,15,mjJd+bXqNA3iwsIs/dkQbLH1rHs=,yXwX7m6AEnnNR/BBa1X9rzHBhIs=
-8,15,mjJd+bXqNA3iwsIs/dkQbLH1rHs=,yXwX7m6AEnnNR/BBa1X9rzHBhIs=
-10,15,mjJd+bXqNA3iwsIs/dkQbLH1rHs=,Yd6fLhbtNfLAbHtWeF8tkKbbKBQ=
-7,14,mjJd+bXqNA3iwsIs/dkQbLH1rHs=,yXwX7m6AEnnNR/BBa1X9rzHBhIs=
-11,15,mjJd+bXqNA3iwsIs/dkQbLH1rHs=,Yd6fLhbtNfLAbHtWeF8tkKbbKBQ=
-6,15,mjJd+bXqNA3iwsIs/dkQbLH1rHs=,yXwX7m6AEnnNR/BBa1X9rzHBhIs=
-9,13,mjJd+bXqNA3iwsIs/dkQbLH1rHs=,Yd6fLhbtNfLAbHtWeF8tkKbbKBQ=
-7,13,mjJd+bXqNA3iwsIs/dkQbLH1rHs=,yXwX7m6AEnnNR/BBa1X9rzHBhIs=
-5,15,mjJd+bXqNA3iwsIs/dkQbLH1rHs=,yXwX7m6AEnnNR/BBa1X9rzHBhIs=
-8,13,mjJd+bXqNA3iwsIs/dkQbLH1rHs=,yXwX7m6AEnnNR/BBa1X9rzHBhIs=
-4,15,mjJd+bXqNA3iwsIs/dkQbLH1rHs=,yXwX7m6AEnnNR/BBa1X9rzHBhIs=
-11,13,mjJd+bXqNA3iwsIs/dkQbLH1rHs=,Yd6fLhbtNfLAbHtWeF8tkKbbKBQ=
-11,14,mjJd+bXqNA3iwsIs/dkQbLH1rHs=,Yd6fLhbtNfLAbHtWeF8tkKbbKBQ=
-10,13,mjJd+bXqNA3iwsIs/dkQbLH1rHs=,Yd6fLhbtNfLAbHtWeF8tkKbbKBQ=
-9,7,mjJd+bXqNA3iwsIs/dkQbLH1rHs=,PaG1odQqveyw60dKGjzG+Bn4H4I=
-8,6,mjJd+bXqNA3iwsIs/dkQbLH1rHs=,f7vcseK+sDNhKdZwYo/0PpD1IbE=
-10,7,mjJd+bXqNA3iwsIs/dkQbLH1rHs=,PaG1odQqveyw60dKGjzG+Bn4H4I=
-11,4,mjJd+bXqNA3iwsIs/dkQbLH1rHs=,PaG1odQqveyw60dKGjzG+Bn4H4I=
-7,6,mjJd+bXqNA3iwsIs/dkQbLH1rHs=,f7vcseK+sDNhKdZwYo/0PpD1IbE=
-8,5,mjJd+bXqNA3iwsIs/dkQbLH1rHs=,f7vcseK+sDNhKdZwYo/0PpD1IbE=
-11,10,mjJd+bXqNA3iwsIs/dkQbLH1rHs=,Yd6fLhbtNfLAbHtWeF8tkKbbKBQ=
-11,6,mjJd+bXqNA3iwsIs/dkQbLH1rHs=,PaG1odQqveyw60dKGjzG+Bn4H4I=
-6,10,mjJd+bXqNA3iwsIs/dkQbLH1rHs=,yXwX7m6AEnnNR/BBa1X9rzHBhIs=
-7,10,mjJd+bXqNA3iwsIs/dkQbLH1rHs=,yXwX7m6AEnnNR/BBa1X9rzHBhIs=
-9,9,mjJd+bXqNA3iwsIs/dkQbLH1rHs=,Yd6fLhbtNfLAbHtWeF8tkKbbKBQ=
-10,4,mjJd+bXqNA3iwsIs/dkQbLH1rHs=,PaG1odQqveyw60dKGjzG+Bn4H4I=
-11,9,mjJd+bXqNA3iwsIs/dkQbLH1rHs=,Yd6fLhbtNfLAbHtWeF8tkKbbKBQ=
-7,9,mjJd+bXqNA3iwsIs/dkQbLH1rHs=,yXwX7m6AEnnNR/BBa1X9rzHBhIs=
-10,9,mjJd+bXqNA3iwsIs/dkQbLH1rHs=,Yd6fLhbtNfLAbHtWeF8tkKbbKBQ=
-11,7,mjJd+bXqNA3iwsIs/dkQbLH1rHs=,PaG1odQqveyw60dKGjzG+Bn4H4I=
-4,5,mjJd+bXqNA3iwsIs/dkQbLH1rHs=,f7vcseK+sDNhKdZwYo/0PpD1IbE=
-6,9,mjJd+bXqNA3iwsIs/dkQbLH1rHs=,yXwX7m6AEnnNR/BBa1X9rzHBhIs=
-4,4,mjJd+bXqNA3iwsIs/dkQbLH1rHs=,f7vcseK+sDNhKdZwYo/0PpD1IbE=
-5,5,mjJd+bXqNA3iwsIs/dkQbLH1rHs=,f7vcseK+sDNhKdZwYo/0PpD1IbE=
-5,4,mjJd+bXqNA3iwsIs/dkQbLH1rHs=,f7vcseK+sDNhKdZwYo/0PpD1IbE=
-10,10,mjJd+bXqNA3iwsIs/dkQbLH1rHs=,Yd6fLhbtNfLAbHtWeF8tkKbbKBQ=
-9,8,mjJd+bXqNA3iwsIs/dkQbLH1rHs=,Yd6fLhbtNfLAbHtWeF8tkKbbKBQ=
-6,5,mjJd+bXqNA3iwsIs/dkQbLH1rHs=,f7vcseK+sDNhKdZwYo/0PpD1IbE=
-7,5,mjJd+bXqNA3iwsIs/dkQbLH1rHs=,f7vcseK+sDNhKdZwYo/0PpD1IbE=
-5,9,mjJd+bXqNA3iwsIs/dkQbLH1rHs=,yXwX7m6AEnnNR/BBa1X9rzHBhIs=
-4,10,mjJd+bXqNA3iwsIs/dkQbLH1rHs=,yXwX7m6AEnnNR/BBa1X9rzHBhIs=
-11,8,mjJd+bXqNA3iwsIs/dkQbLH1rHs=,Yd6fLhbtNfLAbHtWeF8tkKbbKBQ=
-6,6,mjJd+bXqNA3iwsIs/dkQbLH1rHs=,f7vcseK+sDNhKdZwYo/0PpD1IbE=
-8,9,mjJd+bXqNA3iwsIs/dkQbLH1rHs=,yXwX7m6AEnnNR/BBa1X9rzHBhIs=
-8,10,mjJd+bXqNA3iwsIs/dkQbLH1rHs=,yXwX7m6AEnnNR/BBa1X9rzHBhIs=
-4,9,mjJd+bXqNA3iwsIs/dkQbLH1rHs=,yXwX7m6AEnnNR/BBa1X9rzHBhIs=
-9,3,mjJd+bXqNA3iwsIs/dkQbLH1rHs=,PaG1odQqveyw60dKGjzG+Bn4H4I=
-10,3,mjJd+bXqNA3iwsIs/dkQbLH1rHs=,PaG1odQqveyw60dKGjzG+Bn4H4I=
-5,6,mjJd+bXqNA3iwsIs/dkQbLH1rHs=,f7vcseK+sDNhKdZwYo/0PpD1IbE=
-10,8,mjJd+bXqNA3iwsIs/dkQbLH1rHs=,Yd6fLhbtNfLAbHtWeF8tkKbbKBQ=
-9,10,mjJd+bXqNA3iwsIs/dkQbLH1rHs=,Yd6fLhbtNfLAbHtWeF8tkKbbKBQ=
-7,4,mjJd+bXqNA3iwsIs/dkQbLH1rHs=,f7vcseK+sDNhKdZwYo/0PpD1IbE=
-5,10,mjJd+bXqNA3iwsIs/dkQbLH1rHs=,yXwX7m6AEnnNR/BBa1X9rzHBhIs=
-8,4,mjJd+bXqNA3iwsIs/dkQbLH1rHs=,f7vcseK+sDNhKdZwYo/0PpD1IbE=
-11,3,mjJd+bXqNA3iwsIs/dkQbLH1rHs=,PaG1odQqveyw60dKGjzG+Bn4H4I=
-4,8,mjJd+bXqNA3iwsIs/dkQbLH1rHs=,yXwX7m6AEnnNR/BBa1X9rzHBhIs=
-9,4,mjJd+bXqNA3iwsIs/dkQbLH1rHs=,PaG1odQqveyw60dKGjzG+Bn4H4I=
-4,3,mjJd+bXqNA3iwsIs/dkQbLH1rHs=,f7vcseK+sDNhKdZwYo/0PpD1IbE=
-10,6,mjJd+bXqNA3iwsIs/dkQbLH1rHs=,PaG1odQqveyw60dKGjzG+Bn4H4I=
-9,6,mjJd+bXqNA3iwsIs/dkQbLH1rHs=,PaG1odQqveyw60dKGjzG+Bn4H4I=
-5,8,mjJd+bXqNA3iwsIs/dkQbLH1rHs=,yXwX7m6AEnnNR/BBa1X9rzHBhIs=
-5,3,mjJd+bXqNA3iwsIs/dkQbLH1rHs=,f7vcseK+sDNhKdZwYo/0PpD1IbE=
-9,5,mjJd+bXqNA3iwsIs/dkQbLH1rHs=,PaG1odQqveyw60dKGjzG+Bn4H4I=
-4,6,mjJd+bXqNA3iwsIs/dkQbLH1rHs=,f7vcseK+sDNhKdZwYo/0PpD1IbE=
-6,8,mjJd+bXqNA3iwsIs/dkQbLH1rHs=,yXwX7m6AEnnNR/BBa1X9rzHBhIs=
-11,5,mjJd+bXqNA3iwsIs/dkQbLH1rHs=,PaG1odQqveyw60dKGjzG+Bn4H4I=
-7,8,mjJd+bXqNA3iwsIs/dkQbLH1rHs=,yXwX7m6AEnnNR/BBa1X9rzHBhIs=
-6,4,mjJd+bXqNA3iwsIs/dkQbLH1rHs=,f7vcseK+sDNhKdZwYo/0PpD1IbE=
-10,5,mjJd+bXqNA3iwsIs/dkQbLH1rHs=,PaG1odQqveyw60dKGjzG+Bn4H4I=
-8,8,mjJd+bXqNA3iwsIs/dkQbLH1rHs=,yXwX7m6AEnnNR/BBa1X9rzHBhIs=
-6,7,mjJd+bXqNA3iwsIs/dkQbLH1rHs=,f7vcseK+sDNhKdZwYo/0PpD1IbE=
-6,3,mjJd+bXqNA3iwsIs/dkQbLH1rHs=,f7vcseK+sDNhKdZwYo/0PpD1IbE=
-5,7,mjJd+bXqNA3iwsIs/dkQbLH1rHs=,f7vcseK+sDNhKdZwYo/0PpD1IbE=
-7,7,mjJd+bXqNA3iwsIs/dkQbLH1rHs=,f7vcseK+sDNhKdZwYo/0PpD1IbE=
-7,3,mjJd+bXqNA3iwsIs/dkQbLH1rHs=,f7vcseK+sDNhKdZwYo/0PpD1IbE=
-8,7,mjJd+bXqNA3iwsIs/dkQbLH1rHs=,f7vcseK+sDNhKdZwYo/0PpD1IbE=
-8,3,mjJd+bXqNA3iwsIs/dkQbLH1rHs=,f7vcseK+sDNhKdZwYo/0PpD1IbE=
-4,7,mjJd+bXqNA3iwsIs/dkQbLH1rHs=,f7vcseK+sDNhKdZwYo/0PpD1IbE=
-16,3,LVcSLzszZLlp3DnKYiDAD1N4ENI=,PaG1odQqveyw60dKGjzG+Bn4H4I=
-15,3,LVcSLzszZLlp3DnKYiDAD1N4ENI=,PaG1odQqveyw60dKGjzG+Bn4H4I=
-14,4,LVcSLzszZLlp3DnKYiDAD1N4ENI=,PaG1odQqveyw60dKGjzG+Bn4H4I=
-16,4,LVcSLzszZLlp3DnKYiDAD1N4ENI=,PaG1odQqveyw60dKGjzG+Bn4H4I=
-14,3,LVcSLzszZLlp3DnKYiDAD1N4ENI=,PaG1odQqveyw60dKGjzG+Bn4H4I=
-15,4,LVcSLzszZLlp3DnKYiDAD1N4ENI=,PaG1odQqveyw60dKGjzG+Bn4H4I=
-13,0,Oy51Y6LqpGzxCAEhPKkHwNNAzBU=,PaG1odQqveyw60dKGjzG+Bn4H4I=
-16,5,Oy51Y6LqpGzxCAEhPKkHwNNAzBU=,PaG1odQqveyw60dKGjzG+Bn4H4I=
-13,1,nHy0I0bbNU/c6mjKbgqJNcKotJg=,PaG1odQqveyw60dKGjzG+Bn4H4I=
-12,0,nHy0I0bbNU/c6mjKbgqJNcKotJg=,PaG1odQqveyw60dKGjzG+Bn4H4I=
-13,2,AkcESzRy/f4rNXfbqcWp5VhxeHU=,PaG1odQqveyw60dKGjzG+Bn4H4I=
-14,10,AkcESzRy/f4rNXfbqcWp5VhxeHU=,Yd6fLhbtNfLAbHtWeF8tkKbbKBQ=
-12,2,AkcESzRy/f4rNXfbqcWp5VhxeHU=,PaG1odQqveyw60dKGjzG+Bn4H4I=
-12,1,AkcESzRy/f4rNXfbqcWp5VhxeHU=,PaG1odQqveyw60dKGjzG+Bn4H4I=
-15,10,AkcESzRy/f4rNXfbqcWp5VhxeHU=,Yd6fLhbtNfLAbHtWeF8tkKbbKBQ=
-16,10,AkcESzRy/f4rNXfbqcWp5VhxeHU=,Yd6fLhbtNfLAbHtWeF8tkKbbKBQ=
-14,9,eIj9dDxvB5hMCG1Nu9PoVOSkQfM=,Yd6fLhbtNfLAbHtWeF8tkKbbKBQ=
-15,9,gRHGVpLZ6CX2zLUoxxLqftZViR0=,Yd6fLhbtNfLAbHtWeF8tkKbbKBQ=
-16,9,gRHGVpLZ6CX2zLUoxxLqftZViR0=,Yd6fLhbtNfLAbHtWeF8tkKbbKBQ=
-14,6,gRHGVpLZ6CX2zLUoxxLqftZViR0=,PaG1odQqveyw60dKGjzG+Bn4H4I=
-15,6,gRHGVpLZ6CX2zLUoxxLqftZViR0=,PaG1odQqveyw60dKGjzG+Bn4H4I=
-14,8,gRHGVpLZ6CX2zLUoxxLqftZViR0=,Yd6fLhbtNfLAbHtWeF8tkKbbKBQ=
-16,6,gRHGVpLZ6CX2zLUoxxLqftZViR0=,PaG1odQqveyw60dKGjzG+Bn4H4I=
-15,8,gRHGVpLZ6CX2zLUoxxLqftZViR0=,Yd6fLhbtNfLAbHtWeF8tkKbbKBQ=
-16,8,gRHGVpLZ6CX2zLUoxxLqftZViR0=,Yd6fLhbtNfLAbHtWeF8tkKbbKBQ=
-14,12,gRHGVpLZ6CX2zLUoxxLqftZViR0=,Yd6fLhbtNfLAbHtWeF8tkKbbKBQ=
-16,12,gRHGVpLZ6CX2zLUoxxLqftZViR0=,Yd6fLhbtNfLAbHtWeF8tkKbbKBQ=
-15,12,gRHGVpLZ6CX2zLUoxxLqftZViR0=,Yd6fLhbtNfLAbHtWeF8tkKbbKBQ=
-14,7,gRHGVpLZ6CX2zLUoxxLqftZViR0=,PaG1odQqveyw60dKGjzG+Bn4H4I=
-15,7,gRHGVpLZ6CX2zLUoxxLqftZViR0=,PaG1odQqveyw60dKGjzG+Bn4H4I=
-16,7,gRHGVpLZ6CX2zLUoxxLqftZViR0=,PaG1odQqveyw60dKGjzG+Bn4H4I=
-14,11,gRHGVpLZ6CX2zLUoxxLqftZViR0=,Yd6fLhbtNfLAbHtWeF8tkKbbKBQ=
-15,11,gRHGVpLZ6CX2zLUoxxLqftZViR0=,Yd6fLhbtNfLAbHtWeF8tkKbbKBQ=
-14,5,gRHGVpLZ6CX2zLUoxxLqftZViR0=,PaG1odQqveyw60dKGjzG+Bn4H4I=
-16,11,gRHGVpLZ6CX2zLUoxxLqftZViR0=,Yd6fLhbtNfLAbHtWeF8tkKbbKBQ=
-15,5,gRHGVpLZ6CX2zLUoxxLqftZViR0=,PaG1odQqveyw60dKGjzG+Bn4H4I=
-10,2,gRHGVpLZ6CX2zLUoxxLqftZViR0=,PaG1odQqveyw60dKGjzG+Bn4H4I=
-7,2,gRHGVpLZ6CX2zLUoxxLqftZViR0=,f7vcseK+sDNhKdZwYo/0PpD1IbE=
-6,2,gRHGVpLZ6CX2zLUoxxLqftZViR0=,f7vcseK+sDNhKdZwYo/0PpD1IbE=
-6,1,LNsLYup0eY14tw0z+NoM4b9BX7U=,f7vcseK+sDNhKdZwYo/0PpD1IbE=
-5,2,LNsLYup0eY14tw0z+NoM4b9BX7U=,f7vcseK+sDNhKdZwYo/0PpD1IbE=
-4,2,LNsLYup0eY14tw0z+NoM4b9BX7U=,f7vcseK+sDNhKdZwYo/0PpD1IbE=
-9,2,LNsLYup0eY14tw0z+NoM4b9BX7U=,PaG1odQqveyw60dKGjzG+Bn4H4I=
-7,1,LNsLYup0eY14tw0z+NoM4b9BX7U=,f7vcseK+sDNhKdZwYo/0PpD1IbE=
-5,1,LNsLYup0eY14tw0z+NoM4b9BX7U=,f7vcseK+sDNhKdZwYo/0PpD1IbE=
-4,1,LNsLYup0eY14tw0z+NoM4b9BX7U=,f7vcseK+sDNhKdZwYo/0PpD1IbE=
-8,2,LNsLYup0eY14tw0z+NoM4b9BX7U=,f7vcseK+sDNhKdZwYo/0PpD1IbE=
-11,0,LNsLYup0eY14tw0z+NoM4b9BX7U=,PaG1odQqveyw60dKGjzG+Bn4H4I=
-10,0,LNsLYup0eY14tw0z+NoM4b9BX7U=,PaG1odQqveyw60dKGjzG+Bn4H4I=
-9,0,LNsLYup0eY14tw0z+NoM4b9BX7U=,PaG1odQqveyw60dKGjzG+Bn4H4I=
-8,0,LNsLYup0eY14tw0z+NoM4b9BX7U=,f7vcseK+sDNhKdZwYo/0PpD1IbE=
-7,0,LNsLYup0eY14tw0z+NoM4b9BX7U=,f7vcseK+sDNhKdZwYo/0PpD1IbE=
-11,1,LNsLYup0eY14tw0z+NoM4b9BX7U=,PaG1odQqveyw60dKGjzG+Bn4H4I=
-6,0,LNsLYup0eY14tw0z+NoM4b9BX7U=,f7vcseK+sDNhKdZwYo/0PpD1IbE=
-10,1,LNsLYup0eY14tw0z+NoM4b9BX7U=,PaG1odQqveyw60dKGjzG+Bn4H4I=
-5,0,LNsLYup0eY14tw0z+NoM4b9BX7U=,f7vcseK+sDNhKdZwYo/0PpD1IbE=
-4,0,LNsLYup0eY14tw0z+NoM4b9BX7U=,f7vcseK+sDNhKdZwYo/0PpD1IbE=
-9,1,LNsLYup0eY14tw0z+NoM4b9BX7U=,PaG1odQqveyw60dKGjzG+Bn4H4I=
-11,2,LNsLYup0eY14tw0z+NoM4b9BX7U=,PaG1odQqveyw60dKGjzG+Bn4H4I=
-8,1,LNsLYup0eY14tw0z+NoM4b9BX7U=,f7vcseK+sDNhKdZwYo/0PpD1IbE=
-2,3,LNsLYup0eY14tw0z+NoM4b9BX7U=,f7vcseK+sDNhKdZwYo/0PpD1IbE=
-1,3,LNsLYup0eY14tw0z+NoM4b9BX7U=,f7vcseK+sDNhKdZwYo/0PpD1IbE=
-3,3,LNsLYup0eY14tw0z+NoM4b9BX7U=,f7vcseK+sDNhKdZwYo/0PpD1IbE=
-1,4,LNsLYup0eY14tw0z+NoM4b9BX7U=,f7vcseK+sDNhKdZwYo/0PpD1IbE=
-3,4,LNsLYup0eY14tw0z+NoM4b9BX7U=,f7vcseK+sDNhKdZwYo/0PpD1IbE=
-2,4,LNsLYup0eY14tw0z+NoM4b9BX7U=,f7vcseK+sDNhKdZwYo/0PpD1IbE=
-1,5,LNsLYup0eY14tw0z+NoM4b9BX7U=,f7vcseK+sDNhKdZwYo/0PpD1IbE=
-2,5,LNsLYup0eY14tw0z+NoM4b9BX7U=,f7vcseK+sDNhKdZwYo/0PpD1IbE=
-1,10,ww6CBL4b4cyfKnctpbTKzNpjkyI=,yXwX7m6AEnnNR/BBa1X9rzHBhIs=
-3,5,ww6CBL4b4cyfKnctpbTKzNpjkyI=,f7vcseK+sDNhKdZwYo/0PpD1IbE=
-3,10,ww6CBL4b4cyfKnctpbTKzNpjkyI=,yXwX7m6AEnnNR/BBa1X9rzHBhIs=
-1,8,ww6CBL4b4cyfKnctpbTKzNpjkyI=,yXwX7m6AEnnNR/BBa1X9rzHBhIs=
-2,10,ww6CBL4b4cyfKnctpbTKzNpjkyI=,yXwX7m6AEnnNR/BBa1X9rzHBhIs=
-2,8,ww6CBL4b4cyfKnctpbTKzNpjkyI=,yXwX7m6AEnnNR/BBa1X9rzHBhIs=
-1,9,ww6CBL4b4cyfKnctpbTKzNpjkyI=,yXwX7m6AEnnNR/BBa1X9rzHBhIs=
-2,9,ww6CBL4b4cyfKnctpbTKzNpjkyI=,yXwX7m6AEnnNR/BBa1X9rzHBhIs=
-3,9,ww6CBL4b4cyfKnctpbTKzNpjkyI=,yXwX7m6AEnnNR/BBa1X9rzHBhIs=
-3,8,ww6CBL4b4cyfKnctpbTKzNpjkyI=,yXwX7m6AEnnNR/BBa1X9rzHBhIs=
-1,7,ww6CBL4b4cyfKnctpbTKzNpjkyI=,f7vcseK+sDNhKdZwYo/0PpD1IbE=
-2,7,ww6CBL4b4cyfKnctpbTKzNpjkyI=,f7vcseK+sDNhKdZwYo/0PpD1IbE=
-3,7,ww6CBL4b4cyfKnctpbTKzNpjkyI=,f7vcseK+sDNhKdZwYo/0PpD1IbE=
-1,6,ww6CBL4b4cyfKnctpbTKzNpjkyI=,f7vcseK+sDNhKdZwYo/0PpD1IbE=
-3,6,ww6CBL4b4cyfKnctpbTKzNpjkyI=,f7vcseK+sDNhKdZwYo/0PpD1IbE=
-2,6,ww6CBL4b4cyfKnctpbTKzNpjkyI=,f7vcseK+sDNhKdZwYo/0PpD1IbE=
-1,11,ww6CBL4b4cyfKnctpbTKzNpjkyI=,yXwX7m6AEnnNR/BBa1X9rzHBhIs=
-1,12,ww6CBL4b4cyfKnctpbTKzNpjkyI=,yXwX7m6AEnnNR/BBa1X9rzHBhIs=
-3,11,ww6CBL4b4cyfKnctpbTKzNpjkyI=,yXwX7m6AEnnNR/BBa1X9rzHBhIs=
-2,11,ww6CBL4b4cyfKnctpbTKzNpjkyI=,yXwX7m6AEnnNR/BBa1X9rzHBhIs=
-3,12,ww6CBL4b4cyfKnctpbTKzNpjkyI=,yXwX7m6AEnnNR/BBa1X9rzHBhIs=
-2,12,ww6CBL4b4cyfKnctpbTKzNpjkyI=,yXwX7m6AEnnNR/BBa1X9rzHBhIs=
-1,15,ww6CBL4b4cyfKnctpbTKzNpjkyI=,yXwX7m6AEnnNR/BBa1X9rzHBhIs=
-2,15,ww6CBL4b4cyfKnctpbTKzNpjkyI=,yXwX7m6AEnnNR/BBa1X9rzHBhIs=
-1,14,ww6CBL4b4cyfKnctpbTKzNpjkyI=,yXwX7m6AEnnNR/BBa1X9rzHBhIs=
-2,14,ww6CBL4b4cyfKnctpbTKzNpjkyI=,yXwX7m6AEnnNR/BBa1X9rzHBhIs=
-3,14,vBtWgiDFHr3n2x4qAXyiRLLnpZk=,yXwX7m6AEnnNR/BBa1X9rzHBhIs=
-1,13,vBtWgiDFHr3n2x4qAXyiRLLnpZk=,yXwX7m6AEnnNR/BBa1X9rzHBhIs=
-2,13,vBtWgiDFHr3n2x4qAXyiRLLnpZk=,yXwX7m6AEnnNR/BBa1X9rzHBhIs=
-3,15,vBtWgiDFHr3n2x4qAXyiRLLnpZk=,yXwX7m6AEnnNR/BBa1X9rzHBhIs=
-16,15,vBtWgiDFHr3n2x4qAXyiRLLnpZk=,Yd6fLhbtNfLAbHtWeF8tkKbbKBQ=
-3,13,vBtWgiDFHr3n2x4qAXyiRLLnpZk=,yXwX7m6AEnnNR/BBa1X9rzHBhIs=
-16,13,vBtWgiDFHr3n2x4qAXyiRLLnpZk=,Yd6fLhbtNfLAbHtWeF8tkKbbKBQ=
-15,13,T/XaLBO01kW48C616OpRNeTEvoY=,Yd6fLhbtNfLAbHtWeF8tkKbbKBQ=
-14,14,T/XaLBO01kW48C616OpRNeTEvoY=,Yd6fLhbtNfLAbHtWeF8tkKbbKBQ=
-14,15,T/XaLBO01kW48C616OpRNeTEvoY=,Yd6fLhbtNfLAbHtWeF8tkKbbKBQ=
-15,15,T/XaLBO01kW48C616OpRNeTEvoY=,Yd6fLhbtNfLAbHtWeF8tkKbbKBQ=
-15,14,T/XaLBO01kW48C616OpRNeTEvoY=,Yd6fLhbtNfLAbHtWeF8tkKbbKBQ=
-3,1,T/XaLBO01kW48C616OpRNeTEvoY=,f7vcseK+sDNhKdZwYo/0PpD1IbE=
-14,13,T/XaLBO01kW48C616OpRNeTEvoY=,Yd6fLhbtNfLAbHtWeF8tkKbbKBQ=
-16,14,T/XaLBO01kW48C616OpRNeTEvoY=,Yd6fLhbtNfLAbHtWeF8tkKbbKBQ=
-3,2,T/XaLBO01kW48C616OpRNeTEvoY=,f7vcseK+sDNhKdZwYo/0PpD1IbE=
-2,2,T/XaLBO01kW48C616OpRNeTEvoY=,f7vcseK+sDNhKdZwYo/0PpD1IbE=
-1,2,T/XaLBO01kW48C616OpRNeTEvoY=,f7vcseK+sDNhKdZwYo/0PpD1IbE=
-2,1,T/XaLBO01kW48C616OpRNeTEvoY=,f7vcseK+sDNhKdZwYo/0PpD1IbE=
-1,1,T/XaLBO01kW48C616OpRNeTEvoY=,f7vcseK+sDNhKdZwYo/0PpD1IbE=
-3,0,T/XaLBO01kW48C616OpRNeTEvoY=,f7vcseK+sDNhKdZwYo/0PpD1IbE=
-2,0,T/XaLBO01kW48C616OpRNeTEvoY=,f7vcseK+sDNhKdZwYo/0PpD1IbE=
-1,0,T/XaLBO01kW48C616OpRNeTEvoY=,f7vcseK+sDNhKdZwYo/0PpD1IbE=
-16,0,T/XaLBO01kW48C616OpRNeTEvoY=,PaG1odQqveyw60dKGjzG+Bn4H4I=
-15,0,T/XaLBO01kW48C616OpRNeTEvoY=,PaG1odQqveyw60dKGjzG+Bn4H4I=
-14,0,T/XaLBO01kW48C616OpRNeTEvoY=,PaG1odQqveyw60dKGjzG+Bn4H4I=
-15,1,T/XaLBO01kW48C616OpRNeTEvoY=,PaG1odQqveyw60dKGjzG+Bn4H4I=
-16,1,T/XaLBO01kW48C616OpRNeTEvoY=,PaG1odQqveyw60dKGjzG+Bn4H4I=
-14,2,T/XaLBO01kW48C616OpRNeTEvoY=,PaG1odQqveyw60dKGjzG+Bn4H4I=
-14,1,T/XaLBO01kW48C616OpRNeTEvoY=,PaG1odQqveyw60dKGjzG+Bn4H4I=
-15,2,T/XaLBO01kW48C616OpRNeTEvoY=,PaG1odQqveyw60dKGjzG+Bn4H4I=
-16,2,T/XaLBO01kW48C616OpRNeTEvoY=,PaG1odQqveyw60dKGjzG+Bn4H4I=
-29,3,mxNybu5KWr/Jvc+P7AHrN8Mk/c0=,UGTgXvEwYU3U5w3RKpUFXfmShco=
-28,3,mxNybu5KWr/Jvc+P7AHrN8Mk/c0=,UGTgXvEwYU3U5w3RKpUFXfmShco=
-29,4,mxNybu5KWr/Jvc+P7AHrN8Mk/c0=,UGTgXvEwYU3U5w3RKpUFXfmShco=
-28,4,mxNybu5KWr/Jvc+P7AHrN8Mk/c0=,UGTgXvEwYU3U5w3RKpUFXfmShco=
-27,3,3BRXIjCLfjoCkG/Rl6WkZIUXM2s=,UGTgXvEwYU3U5w3RKpUFXfmShco=
-20,4,3BRXIjCLfjoCkG/Rl6WkZIUXM2s=,7TIB0TH4EDWkg4HLYdjpb4OS93c=
-21,4,3BRXIjCLfjoCkG/Rl6WkZIUXM2s=,7TIB0TH4EDWkg4HLYdjpb4OS93c=
-24,4,3BRXIjCLfjoCkG/Rl6WkZIUXM2s=,7TIB0TH4EDWkg4HLYdjpb4OS93c=
-22,4,3BRXIjCLfjoCkG/Rl6WkZIUXM2s=,7TIB0TH4EDWkg4HLYdjpb4OS93c=
-23,4,3BRXIjCLfjoCkG/Rl6WkZIUXM2s=,7TIB0TH4EDWkg4HLYdjpb4OS93c=
-20,3,3BRXIjCLfjoCkG/Rl6WkZIUXM2s=,7TIB0TH4EDWkg4HLYdjpb4OS93c=
-21,3,3BRXIjCLfjoCkG/Rl6WkZIUXM2s=,7TIB0TH4EDWkg4HLYdjpb4OS93c=
-22,3,3BRXIjCLfjoCkG/Rl6WkZIUXM2s=,7TIB0TH4EDWkg4HLYdjpb4OS93c=
-23,3,3BRXIjCLfjoCkG/Rl6WkZIUXM2s=,7TIB0TH4EDWkg4HLYdjpb4OS93c=
-25,3,3BRXIjCLfjoCkG/Rl6WkZIUXM2s=,UGTgXvEwYU3U5w3RKpUFXfmShco=
-25,4,3BRXIjCLfjoCkG/Rl6WkZIUXM2s=,UGTgXvEwYU3U5w3RKpUFXfmShco=
-24,3,3BRXIjCLfjoCkG/Rl6WkZIUXM2s=,7TIB0TH4EDWkg4HLYdjpb4OS93c=
-26,4,3BRXIjCLfjoCkG/Rl6WkZIUXM2s=,UGTgXvEwYU3U5w3RKpUFXfmShco=
-27,4,3BRXIjCLfjoCkG/Rl6WkZIUXM2s=,UGTgXvEwYU3U5w3RKpUFXfmShco=
-26,3,3BRXIjCLfjoCkG/Rl6WkZIUXM2s=,UGTgXvEwYU3U5w3RKpUFXfmShco=
-17,4,Tpwv0kmcGOQHFDJJXDdQyRxrNOs=,7TIB0TH4EDWkg4HLYdjpb4OS93c=
-18,4,Tpwv0kmcGOQHFDJJXDdQyRxrNOs=,7TIB0TH4EDWkg4HLYdjpb4OS93c=
-19,4,Tpwv0kmcGOQHFDJJXDdQyRxrNOs=,7TIB0TH4EDWkg4HLYdjpb4OS93c=
-17,3,Tpwv0kmcGOQHFDJJXDdQyRxrNOs=,7TIB0TH4EDWkg4HLYdjpb4OS93c=
-18,3,Tpwv0kmcGOQHFDJJXDdQyRxrNOs=,7TIB0TH4EDWkg4HLYdjpb4OS93c=
-19,3,Tpwv0kmcGOQHFDJJXDdQyRxrNOs=,7TIB0TH4EDWkg4HLYdjpb4OS93c=
-21,11,IgGJn++/QH3xH9Gj9cnFB18Lf0o=,ofV5jiryTmw7hiSpwrHrbFlncxM=
-20,10,IgGJn++/QH3xH9Gj9cnFB18Lf0o=,ofV5jiryTmw7hiSpwrHrbFlncxM=
-21,10,IgGJn++/QH3xH9Gj9cnFB18Lf0o=,ofV5jiryTmw7hiSpwrHrbFlncxM=
-20,6,IgGJn++/QH3xH9Gj9cnFB18Lf0o=,7TIB0TH4EDWkg4HLYdjpb4OS93c=
-21,9,IgGJn++/QH3xH9Gj9cnFB18Lf0o=,ofV5jiryTmw7hiSpwrHrbFlncxM=
-21,7,IgGJn++/QH3xH9Gj9cnFB18Lf0o=,7TIB0TH4EDWkg4HLYdjpb4OS93c=
-20,9,IgGJn++/QH3xH9Gj9cnFB18Lf0o=,ofV5jiryTmw7hiSpwrHrbFlncxM=
-20,8,IgGJn++/QH3xH9Gj9cnFB18Lf0o=,ofV5jiryTmw7hiSpwrHrbFlncxM=
-21,8,IgGJn++/QH3xH9Gj9cnFB18Lf0o=,ofV5jiryTmw7hiSpwrHrbFlncxM=
-21,6,IgGJn++/QH3xH9Gj9cnFB18Lf0o=,7TIB0TH4EDWkg4HLYdjpb4OS93c=
-20,12,IgGJn++/QH3xH9Gj9cnFB18Lf0o=,ofV5jiryTmw7hiSpwrHrbFlncxM=
-21,12,IgGJn++/QH3xH9Gj9cnFB18Lf0o=,ofV5jiryTmw7hiSpwrHrbFlncxM=
-20,5,IgGJn++/QH3xH9Gj9cnFB18Lf0o=,7TIB0TH4EDWkg4HLYdjpb4OS93c=
-21,5,IgGJn++/QH3xH9Gj9cnFB18Lf0o=,7TIB0TH4EDWkg4HLYdjpb4OS93c=
-20,7,IgGJn++/QH3xH9Gj9cnFB18Lf0o=,7TIB0TH4EDWkg4HLYdjpb4OS93c=
-20,11,IgGJn++/QH3xH9Gj9cnFB18Lf0o=,ofV5jiryTmw7hiSpwrHrbFlncxM=
-18,6,qAN10uOSVHhdSwhD3ExHj3XDWj0=,7TIB0TH4EDWkg4HLYdjpb4OS93c=
-19,10,qAN10uOSVHhdSwhD3ExHj3XDWj0=,ofV5jiryTmw7hiSpwrHrbFlncxM=
-17,7,qAN10uOSVHhdSwhD3ExHj3XDWj0=,7TIB0TH4EDWkg4HLYdjpb4OS93c=
-19,6,BbfffTJ8pyRNr+Z0kBITMngr6M4=,7TIB0TH4EDWkg4HLYdjpb4OS93c=
-18,7,BbfffTJ8pyRNr+Z0kBITMngr6M4=,7TIB0TH4EDWkg4HLYdjpb4OS93c=
-17,9,BbfffTJ8pyRNr+Z0kBITMngr6M4=,ofV5jiryTmw7hiSpwrHrbFlncxM=
-18,9,BbfffTJ8pyRNr+Z0kBITMngr6M4=,ofV5jiryTmw7hiSpwrHrbFlncxM=
-19,7,BbfffTJ8pyRNr+Z0kBITMngr6M4=,7TIB0TH4EDWkg4HLYdjpb4OS93c=
-19,9,BbfffTJ8pyRNr+Z0kBITMngr6M4=,ofV5jiryTmw7hiSpwrHrbFlncxM=
-17,8,BbfffTJ8pyRNr+Z0kBITMngr6M4=,ofV5jiryTmw7hiSpwrHrbFlncxM=
-18,8,BbfffTJ8pyRNr+Z0kBITMngr6M4=,ofV5jiryTmw7hiSpwrHrbFlncxM=
-17,5,BbfffTJ8pyRNr+Z0kBITMngr6M4=,7TIB0TH4EDWkg4HLYdjpb4OS93c=
-19,8,BbfffTJ8pyRNr+Z0kBITMngr6M4=,ofV5jiryTmw7hiSpwrHrbFlncxM=
-17,12,BbfffTJ8pyRNr+Z0kBITMngr6M4=,ofV5jiryTmw7hiSpwrHrbFlncxM=
-18,5,BbfffTJ8pyRNr+Z0kBITMngr6M4=,7TIB0TH4EDWkg4HLYdjpb4OS93c=
-18,12,BbfffTJ8pyRNr+Z0kBITMngr6M4=,ofV5jiryTmw7hiSpwrHrbFlncxM=
-19,5,BbfffTJ8pyRNr+Z0kBITMngr6M4=,7TIB0TH4EDWkg4HLYdjpb4OS93c=
-19,12,BbfffTJ8pyRNr+Z0kBITMngr6M4=,ofV5jiryTmw7hiSpwrHrbFlncxM=
-17,11,BbfffTJ8pyRNr+Z0kBITMngr6M4=,ofV5jiryTmw7hiSpwrHrbFlncxM=
-19,11,BbfffTJ8pyRNr+Z0kBITMngr6M4=,ofV5jiryTmw7hiSpwrHrbFlncxM=
-18,11,BbfffTJ8pyRNr+Z0kBITMngr6M4=,ofV5jiryTmw7hiSpwrHrbFlncxM=
-17,6,BbfffTJ8pyRNr+Z0kBITMngr6M4=,7TIB0TH4EDWkg4HLYdjpb4OS93c=
-17,10,BbfffTJ8pyRNr+Z0kBITMngr6M4=,ofV5jiryTmw7hiSpwrHrbFlncxM=
-18,10,BbfffTJ8pyRNr+Z0kBITMngr6M4=,ofV5jiryTmw7hiSpwrHrbFlncxM=
-21,13,BbfffTJ8pyRNr+Z0kBITMngr6M4=,ofV5jiryTmw7hiSpwrHrbFlncxM=
-20,13,BbfffTJ8pyRNr+Z0kBITMngr6M4=,ofV5jiryTmw7hiSpwrHrbFlncxM=
-21,14,BbfffTJ8pyRNr+Z0kBITMngr6M4=,ofV5jiryTmw7hiSpwrHrbFlncxM=
-20,14,BbfffTJ8pyRNr+Z0kBITMngr6M4=,ofV5jiryTmw7hiSpwrHrbFlncxM=
-20,15,BbfffTJ8pyRNr+Z0kBITMngr6M4=,ofV5jiryTmw7hiSpwrHrbFlncxM=
-21,15,BbfffTJ8pyRNr+Z0kBITMngr6M4=,ofV5jiryTmw7hiSpwrHrbFlncxM=
-29,0,9xD/9Qs7u9Uimq3N00px+YWkuAY=,UGTgXvEwYU3U5w3RKpUFXfmShco=
-28,0,dgO1EC3A36vRhJKzMlVjDyrYw6E=,UGTgXvEwYU3U5w3RKpUFXfmShco=
-27,2,dgO1EC3A36vRhJKzMlVjDyrYw6E=,UGTgXvEwYU3U5w3RKpUFXfmShco=
-27,0,dgO1EC3A36vRhJKzMlVjDyrYw6E=,UGTgXvEwYU3U5w3RKpUFXfmShco=
-24,0,dgO1EC3A36vRhJKzMlVjDyrYw6E=,7TIB0TH4EDWkg4HLYdjpb4OS93c=
-26,2,dgO1EC3A36vRhJKzMlVjDyrYw6E=,UGTgXvEwYU3U5w3RKpUFXfmShco=
-23,0,dgO1EC3A36vRhJKzMlVjDyrYw6E=,7TIB0TH4EDWkg4HLYdjpb4OS93c=
-22,0,dgO1EC3A36vRhJKzMlVjDyrYw6E=,7TIB0TH4EDWkg4HLYdjpb4OS93c=
-21,0,dgO1EC3A36vRhJKzMlVjDyrYw6E=,7TIB0TH4EDWkg4HLYdjpb4OS93c=
-26,0,dgO1EC3A36vRhJKzMlVjDyrYw6E=,UGTgXvEwYU3U5w3RKpUFXfmShco=
-20,0,dgO1EC3A36vRhJKzMlVjDyrYw6E=,7TIB0TH4EDWkg4HLYdjpb4OS93c=
-25,0,zHqhIu+d1/NJBf0J0ibPuT+C+y4=,UGTgXvEwYU3U5w3RKpUFXfmShco=
-27,1,zHqhIu+d1/NJBf0J0ibPuT+C+y4=,UGTgXvEwYU3U5w3RKpUFXfmShco=
-24,1,/w8qE1ioK6c4V+mtvsGVunOgmec=,7TIB0TH4EDWkg4HLYdjpb4OS93c=
-26,1,V2YdhA6LA3dSJQMTaht9nnxpAU0=,UGTgXvEwYU3U5w3RKpUFXfmShco=
-25,2,V2YdhA6LA3dSJQMTaht9nnxpAU0=,UGTgXvEwYU3U5w3RKpUFXfmShco=
-22,1,jmzGe2xBOr0Eud0fbLR2e3siMOM=,7TIB0TH4EDWkg4HLYdjpb4OS93c=
-25,1,jmzGe2xBOr0Eud0fbLR2e3siMOM=,UGTgXvEwYU3U5w3RKpUFXfmShco=
-23,1,jmzGe2xBOr0Eud0fbLR2e3siMOM=,7TIB0TH4EDWkg4HLYdjpb4OS93c=
-21,1,4q6gC/ZLNEJewIRMwwTh2T3KPSw=,7TIB0TH4EDWkg4HLYdjpb4OS93c=
-20,1,4q6gC/ZLNEJewIRMwwTh2T3KPSw=,7TIB0TH4EDWkg4HLYdjpb4OS93c=
-24,2,4q6gC/ZLNEJewIRMwwTh2T3KPSw=,7TIB0TH4EDWkg4HLYdjpb4OS93c=
-23,2,4q6gC/ZLNEJewIRMwwTh2T3KPSw=,7TIB0TH4EDWkg4HLYdjpb4OS93c=
-22,2,4q6gC/ZLNEJewIRMwwTh2T3KPSw=,7TIB0TH4EDWkg4HLYdjpb4OS93c=
-21,2,4q6gC/ZLNEJewIRMwwTh2T3KPSw=,7TIB0TH4EDWkg4HLYdjpb4OS93c=
-20,2,4q6gC/ZLNEJewIRMwwTh2T3KPSw=,7TIB0TH4EDWkg4HLYdjpb4OS93c=
-28,1,4q6gC/ZLNEJewIRMwwTh2T3KPSw=,UGTgXvEwYU3U5w3RKpUFXfmShco=
-29,1,4q6gC/ZLNEJewIRMwwTh2T3KPSw=,UGTgXvEwYU3U5w3RKpUFXfmShco=
-28,2,4q6gC/ZLNEJewIRMwwTh2T3KPSw=,UGTgXvEwYU3U5w3RKpUFXfmShco=
-29,2,4q6gC/ZLNEJewIRMwwTh2T3KPSw=,UGTgXvEwYU3U5w3RKpUFXfmShco=
-32,0,4q6gC/ZLNEJewIRMwwTh2T3KPSw=,UGTgXvEwYU3U5w3RKpUFXfmShco=
-31,0,4q6gC/ZLNEJewIRMwwTh2T3KPSw=,UGTgXvEwYU3U5w3RKpUFXfmShco=
-30,0,4q6gC/ZLNEJewIRMwwTh2T3KPSw=,UGTgXvEwYU3U5w3RKpUFXfmShco=
-30,2,4q6gC/ZLNEJewIRMwwTh2T3KPSw=,UGTgXvEwYU3U5w3RKpUFXfmShco=
-32,4,4q6gC/ZLNEJewIRMwwTh2T3KPSw=,UGTgXvEwYU3U5w3RKpUFXfmShco=
-31,4,4q6gC/ZLNEJewIRMwwTh2T3KPSw=,UGTgXvEwYU3U5w3RKpUFXfmShco=
-31,1,4q6gC/ZLNEJewIRMwwTh2T3KPSw=,UGTgXvEwYU3U5w3RKpUFXfmShco=
-30,1,4q6gC/ZLNEJewIRMwwTh2T3KPSw=,UGTgXvEwYU3U5w3RKpUFXfmShco=
-32,3,4q6gC/ZLNEJewIRMwwTh2T3KPSw=,UGTgXvEwYU3U5w3RKpUFXfmShco=
-32,1,4q6gC/ZLNEJewIRMwwTh2T3KPSw=,UGTgXvEwYU3U5w3RKpUFXfmShco=
-32,2,4q6gC/ZLNEJewIRMwwTh2T3KPSw=,UGTgXvEwYU3U5w3RKpUFXfmShco=
-31,2,4q6gC/ZLNEJewIRMwwTh2T3KPSw=,UGTgXvEwYU3U5w3RKpUFXfmShco=
-31,3,4q6gC/ZLNEJewIRMwwTh2T3KPSw=,UGTgXvEwYU3U5w3RKpUFXfmShco=
-30,3,4q6gC/ZLNEJewIRMwwTh2T3KPSw=,UGTgXvEwYU3U5w3RKpUFXfmShco=
-30,4,4q6gC/ZLNEJewIRMwwTh2T3KPSw=,UGTgXvEwYU3U5w3RKpUFXfmShco=
-30,5,4q6gC/ZLNEJewIRMwwTh2T3KPSw=,UGTgXvEwYU3U5w3RKpUFXfmShco=
-25,15,4q6gC/ZLNEJewIRMwwTh2T3KPSw=,WKQKzR1KyI0KiNjM2Nyv7yzDK4Y=
-26,15,4q6gC/ZLNEJewIRMwwTh2T3KPSw=,WKQKzR1KyI0KiNjM2Nyv7yzDK4Y=
-29,5,4q6gC/ZLNEJewIRMwwTh2T3KPSw=,UGTgXvEwYU3U5w3RKpUFXfmShco=
-26,14,4q6gC/ZLNEJewIRMwwTh2T3KPSw=,WKQKzR1KyI0KiNjM2Nyv7yzDK4Y=
-27,12,4q6gC/ZLNEJewIRMwwTh2T3KPSw=,WKQKzR1KyI0KiNjM2Nyv7yzDK4Y=
-25,14,4q6gC/ZLNEJewIRMwwTh2T3KPSw=,WKQKzR1KyI0KiNjM2Nyv7yzDK4Y=
-31,11,4q6gC/ZLNEJewIRMwwTh2T3KPSw=,WKQKzR1KyI0KiNjM2Nyv7yzDK4Y=
-30,8,4q6gC/ZLNEJewIRMwwTh2T3KPSw=,WKQKzR1KyI0KiNjM2Nyv7yzDK4Y=
-24,8,4q6gC/ZLNEJewIRMwwTh2T3KPSw=,ofV5jiryTmw7hiSpwrHrbFlncxM=
-31,8,4q6gC/ZLNEJewIRMwwTh2T3KPSw=,WKQKzR1KyI0KiNjM2Nyv7yzDK4Y=
-24,11,4q6gC/ZLNEJewIRMwwTh2T3KPSw=,ofV5jiryTmw7hiSpwrHrbFlncxM=
-32,8,4q6gC/ZLNEJewIRMwwTh2T3KPSw=,WKQKzR1KyI0KiNjM2Nyv7yzDK4Y=
-24,5,4q6gC/ZLNEJewIRMwwTh2T3KPSw=,7TIB0TH4EDWkg4HLYdjpb4OS93c=
-23,11,4q6gC/ZLNEJewIRMwwTh2T3KPSw=,ofV5jiryTmw7hiSpwrHrbFlncxM=
-25,7,4q6gC/ZLNEJewIRMwwTh2T3KPSw=,UGTgXvEwYU3U5w3RKpUFXfmShco=
-26,7,4q6gC/ZLNEJewIRMwwTh2T3KPSw=,UGTgXvEwYU3U5w3RKpUFXfmShco=
-30,11,4q6gC/ZLNEJewIRMwwTh2T3KPSw=,WKQKzR1KyI0KiNjM2Nyv7yzDK4Y=
-27,7,4q6gC/ZLNEJewIRMwwTh2T3KPSw=,UGTgXvEwYU3U5w3RKpUFXfmShco=
-26,12,4q6gC/ZLNEJewIRMwwTh2T3KPSw=,WKQKzR1KyI0KiNjM2Nyv7yzDK4Y=
-32,11,4q6gC/ZLNEJewIRMwwTh2T3KPSw=,WKQKzR1KyI0KiNjM2Nyv7yzDK4Y=
-27,14,4q6gC/ZLNEJewIRMwwTh2T3KPSw=,WKQKzR1KyI0KiNjM2Nyv7yzDK4Y=
-29,11,4q6gC/ZLNEJewIRMwwTh2T3KPSw=,WKQKzR1KyI0KiNjM2Nyv7yzDK4Y=
-29,8,4q6gC/ZLNEJewIRMwwTh2T3KPSw=,WKQKzR1KyI0KiNjM2Nyv7yzDK4Y=
-28,14,4q6gC/ZLNEJewIRMwwTh2T3KPSw=,WKQKzR1KyI0KiNjM2Nyv7yzDK4Y=
-25,12,4q6gC/ZLNEJewIRMwwTh2T3KPSw=,WKQKzR1KyI0KiNjM2Nyv7yzDK4Y=
-25,10,4q6gC/ZLNEJewIRMwwTh2T3KPSw=,WKQKzR1KyI0KiNjM2Nyv7yzDK4Y=
-22,11,4q6gC/ZLNEJewIRMwwTh2T3KPSw=,ofV5jiryTmw7hiSpwrHrbFlncxM=
-26,10,4q6gC/ZLNEJewIRMwwTh2T3KPSw=,WKQKzR1KyI0KiNjM2Nyv7yzDK4Y=
-28,7,4q6gC/ZLNEJewIRMwwTh2T3KPSw=,UGTgXvEwYU3U5w3RKpUFXfmShco=
-28,8,4q6gC/ZLNEJewIRMwwTh2T3KPSw=,WKQKzR1KyI0KiNjM2Nyv7yzDK4Y=
-29,14,4q6gC/ZLNEJewIRMwwTh2T3KPSw=,WKQKzR1KyI0KiNjM2Nyv7yzDK4Y=
-27,8,4q6gC/ZLNEJewIRMwwTh2T3KPSw=,WKQKzR1KyI0KiNjM2Nyv7yzDK4Y=
-27,10,4q6gC/ZLNEJewIRMwwTh2T3KPSw=,WKQKzR1KyI0KiNjM2Nyv7yzDK4Y=
-23,5,4q6gC/ZLNEJewIRMwwTh2T3KPSw=,7TIB0TH4EDWkg4HLYdjpb4OS93c=
-29,7,4q6gC/ZLNEJewIRMwwTh2T3KPSw=,UGTgXvEwYU3U5w3RKpUFXfmShco=
-26,8,4q6gC/ZLNEJewIRMwwTh2T3KPSw=,WKQKzR1KyI0KiNjM2Nyv7yzDK4Y=
-22,10,4q6gC/ZLNEJewIRMwwTh2T3KPSw=,ofV5jiryTmw7hiSpwrHrbFlncxM=
-25,11,4q6gC/ZLNEJewIRMwwTh2T3KPSw=,WKQKzR1KyI0KiNjM2Nyv7yzDK4Y=
-25,8,4q6gC/ZLNEJewIRMwwTh2T3KPSw=,WKQKzR1KyI0KiNjM2Nyv7yzDK4Y=
-30,7,4q6gC/ZLNEJewIRMwwTh2T3KPSw=,UGTgXvEwYU3U5w3RKpUFXfmShco=
-31,7,4q6gC/ZLNEJewIRMwwTh2T3KPSw=,UGTgXvEwYU3U5w3RKpUFXfmShco=
-32,9,4q6gC/ZLNEJewIRMwwTh2T3KPSw=,WKQKzR1KyI0KiNjM2Nyv7yzDK4Y=
-28,10,4q6gC/ZLNEJewIRMwwTh2T3KPSw=,WKQKzR1KyI0KiNjM2Nyv7yzDK4Y=
-28,12,4q6gC/ZLNEJewIRMwwTh2T3KPSw=,WKQKzR1KyI0KiNjM2Nyv7yzDK4Y=
-23,10,4q6gC/ZLNEJewIRMwwTh2T3KPSw=,ofV5jiryTmw7hiSpwrHrbFlncxM=
-32,7,4q6gC/ZLNEJewIRMwwTh2T3KPSw=,UGTgXvEwYU3U5w3RKpUFXfmShco=
-24,10,4q6gC/ZLNEJewIRMwwTh2T3KPSw=,ofV5jiryTmw7hiSpwrHrbFlncxM=
-22,5,4q6gC/ZLNEJewIRMwwTh2T3KPSw=,7TIB0TH4EDWkg4HLYdjpb4OS93c=
-25,6,4q6gC/ZLNEJewIRMwwTh2T3KPSw=,UGTgXvEwYU3U5w3RKpUFXfmShco=
-24,7,4q6gC/ZLNEJewIRMwwTh2T3KPSw=,7TIB0TH4EDWkg4HLYdjpb4OS93c=
-29,12,4q6gC/ZLNEJewIRMwwTh2T3KPSw=,WKQKzR1KyI0KiNjM2Nyv7yzDK4Y=
-23,8,4q6gC/ZLNEJewIRMwwTh2T3KPSw=,ofV5jiryTmw7hiSpwrHrbFlncxM=
-32,15,4q6gC/ZLNEJewIRMwwTh2T3KPSw=,WKQKzR1KyI0KiNjM2Nyv7yzDK4Y=
-26,6,4q6gC/ZLNEJewIRMwwTh2T3KPSw=,UGTgXvEwYU3U5w3RKpUFXfmShco=
-28,6,4q6gC/ZLNEJewIRMwwTh2T3KPSw=,UGTgXvEwYU3U5w3RKpUFXfmShco=
-31,15,4q6gC/ZLNEJewIRMwwTh2T3KPSw=,WKQKzR1KyI0KiNjM2Nyv7yzDK4Y=
-22,8,4q6gC/ZLNEJewIRMwwTh2T3KPSw=,ofV5jiryTmw7hiSpwrHrbFlncxM=
-29,6,4q6gC/ZLNEJewIRMwwTh2T3KPSw=,UGTgXvEwYU3U5w3RKpUFXfmShco=
-30,6,4q6gC/ZLNEJewIRMwwTh2T3KPSw=,UGTgXvEwYU3U5w3RKpUFXfmShco=
-31,6,4q6gC/ZLNEJewIRMwwTh2T3KPSw=,UGTgXvEwYU3U5w3RKpUFXfmShco=
-23,7,4q6gC/ZLNEJewIRMwwTh2T3KPSw=,7TIB0TH4EDWkg4HLYdjpb4OS93c=
-22,15,4q6gC/ZLNEJewIRMwwTh2T3KPSw=,ofV5jiryTmw7hiSpwrHrbFlncxM=
-29,10,4q6gC/ZLNEJewIRMwwTh2T3KPSw=,WKQKzR1KyI0KiNjM2Nyv7yzDK4Y=
-32,6,4q6gC/ZLNEJewIRMwwTh2T3KPSw=,UGTgXvEwYU3U5w3RKpUFXfmShco=
-25,5,4q6gC/ZLNEJewIRMwwTh2T3KPSw=,UGTgXvEwYU3U5w3RKpUFXfmShco=
-31,5,4q6gC/ZLNEJewIRMwwTh2T3KPSw=,UGTgXvEwYU3U5w3RKpUFXfmShco=
-32,5,4q6gC/ZLNEJewIRMwwTh2T3KPSw=,UGTgXvEwYU3U5w3RKpUFXfmShco=
-30,14,4q6gC/ZLNEJewIRMwwTh2T3KPSw=,WKQKzR1KyI0KiNjM2Nyv7yzDK4Y=
-23,15,4q6gC/ZLNEJewIRMwwTh2T3KPSw=,ofV5jiryTmw7hiSpwrHrbFlncxM=
-24,15,4q6gC/ZLNEJewIRMwwTh2T3KPSw=,ofV5jiryTmw7hiSpwrHrbFlncxM=
-30,15,4q6gC/ZLNEJewIRMwwTh2T3KPSw=,WKQKzR1KyI0KiNjM2Nyv7yzDK4Y=
-27,6,4q6gC/ZLNEJewIRMwwTh2T3KPSw=,UGTgXvEwYU3U5w3RKpUFXfmShco=
-29,15,4q6gC/ZLNEJewIRMwwTh2T3KPSw=,WKQKzR1KyI0KiNjM2Nyv7yzDK4Y=
-30,12,4q6gC/ZLNEJewIRMwwTh2T3KPSw=,WKQKzR1KyI0KiNjM2Nyv7yzDK4Y=
-22,7,4q6gC/ZLNEJewIRMwwTh2T3KPSw=,7TIB0TH4EDWkg4HLYdjpb4OS93c=
-30,10,4q6gC/ZLNEJewIRMwwTh2T3KPSw=,WKQKzR1KyI0KiNjM2Nyv7yzDK4Y=
-31,12,4q6gC/ZLNEJewIRMwwTh2T3KPSw=,WKQKzR1KyI0KiNjM2Nyv7yzDK4Y=
-31,9,4q6gC/ZLNEJewIRMwwTh2T3KPSw=,WKQKzR1KyI0KiNjM2Nyv7yzDK4Y=
-31,14,4q6gC/ZLNEJewIRMwwTh2T3KPSw=,WKQKzR1KyI0KiNjM2Nyv7yzDK4Y=
-24,12,4q6gC/ZLNEJewIRMwwTh2T3KPSw=,ofV5jiryTmw7hiSpwrHrbFlncxM=
-31,10,4q6gC/ZLNEJewIRMwwTh2T3KPSw=,WKQKzR1KyI0KiNjM2Nyv7yzDK4Y=
-26,5,4q6gC/ZLNEJewIRMwwTh2T3KPSw=,UGTgXvEwYU3U5w3RKpUFXfmShco=
-22,9,4q6gC/ZLNEJewIRMwwTh2T3KPSw=,ofV5jiryTmw7hiSpwrHrbFlncxM=
-23,12,4q6gC/ZLNEJewIRMwwTh2T3KPSw=,ofV5jiryTmw7hiSpwrHrbFlncxM=
-27,5,4q6gC/ZLNEJewIRMwwTh2T3KPSw=,UGTgXvEwYU3U5w3RKpUFXfmShco=
-32,10,4q6gC/ZLNEJewIRMwwTh2T3KPSw=,WKQKzR1KyI0KiNjM2Nyv7yzDK4Y=
-23,9,4q6gC/ZLNEJewIRMwwTh2T3KPSw=,ofV5jiryTmw7hiSpwrHrbFlncxM=
-24,9,4q6gC/ZLNEJewIRMwwTh2T3KPSw=,ofV5jiryTmw7hiSpwrHrbFlncxM=
-22,12,4q6gC/ZLNEJewIRMwwTh2T3KPSw=,ofV5jiryTmw7hiSpwrHrbFlncxM=
-28,5,4q6gC/ZLNEJewIRMwwTh2T3KPSw=,UGTgXvEwYU3U5w3RKpUFXfmShco=
-22,6,4q6gC/ZLNEJewIRMwwTh2T3KPSw=,7TIB0TH4EDWkg4HLYdjpb4OS93c=
-30,9,4q6gC/ZLNEJewIRMwwTh2T3KPSw=,WKQKzR1KyI0KiNjM2Nyv7yzDK4Y=
-23,6,4q6gC/ZLNEJewIRMwwTh2T3KPSw=,7TIB0TH4EDWkg4HLYdjpb4OS93c=
-32,14,4q6gC/ZLNEJewIRMwwTh2T3KPSw=,WKQKzR1KyI0KiNjM2Nyv7yzDK4Y=
-32,13,4q6gC/ZLNEJewIRMwwTh2T3KPSw=,WKQKzR1KyI0KiNjM2Nyv7yzDK4Y=
-26,13,4q6gC/ZLNEJewIRMwwTh2T3KPSw=,WKQKzR1KyI0KiNjM2Nyv7yzDK4Y=
-25,13,4q6gC/ZLNEJewIRMwwTh2T3KPSw=,WKQKzR1KyI0KiNjM2Nyv7yzDK4Y=
-29,9,4q6gC/ZLNEJewIRMwwTh2T3KPSw=,WKQKzR1KyI0KiNjM2Nyv7yzDK4Y=
-28,11,4q6gC/ZLNEJewIRMwwTh2T3KPSw=,WKQKzR1KyI0KiNjM2Nyv7yzDK4Y=
-27,13,4q6gC/ZLNEJewIRMwwTh2T3KPSw=,WKQKzR1KyI0KiNjM2Nyv7yzDK4Y=
-31,13,4q6gC/ZLNEJewIRMwwTh2T3KPSw=,WKQKzR1KyI0KiNjM2Nyv7yzDK4Y=
-22,14,4q6gC/ZLNEJewIRMwwTh2T3KPSw=,ofV5jiryTmw7hiSpwrHrbFlncxM=
-23,14,4q6gC/ZLNEJewIRMwwTh2T3KPSw=,ofV5jiryTmw7hiSpwrHrbFlncxM=
-24,13,4q6gC/ZLNEJewIRMwwTh2T3KPSw=,ofV5jiryTmw7hiSpwrHrbFlncxM=
-24,14,4q6gC/ZLNEJewIRMwwTh2T3KPSw=,ofV5jiryTmw7hiSpwrHrbFlncxM=
-27,15,4q6gC/ZLNEJewIRMwwTh2T3KPSw=,WKQKzR1KyI0KiNjM2Nyv7yzDK4Y=
-28,15,4q6gC/ZLNEJewIRMwwTh2T3KPSw=,WKQKzR1KyI0KiNjM2Nyv7yzDK4Y=
-24,6,4q6gC/ZLNEJewIRMwwTh2T3KPSw=,7TIB0TH4EDWkg4HLYdjpb4OS93c=
-25,9,4q6gC/ZLNEJewIRMwwTh2T3KPSw=,WKQKzR1KyI0KiNjM2Nyv7yzDK4Y=
-30,13,4q6gC/ZLNEJewIRMwwTh2T3KPSw=,WKQKzR1KyI0KiNjM2Nyv7yzDK4Y=
-26,9,4q6gC/ZLNEJewIRMwwTh2T3KPSw=,WKQKzR1KyI0KiNjM2Nyv7yzDK4Y=
-27,9,4q6gC/ZLNEJewIRMwwTh2T3KPSw=,WKQKzR1KyI0KiNjM2Nyv7yzDK4Y=
-27,11,4q6gC/ZLNEJewIRMwwTh2T3KPSw=,WKQKzR1KyI0KiNjM2Nyv7yzDK4Y=
-28,13,4q6gC/ZLNEJewIRMwwTh2T3KPSw=,WKQKzR1KyI0KiNjM2Nyv7yzDK4Y=
-32,12,4q6gC/ZLNEJewIRMwwTh2T3KPSw=,WKQKzR1KyI0KiNjM2Nyv7yzDK4Y=
-23,13,4q6gC/ZLNEJewIRMwwTh2T3KPSw=,ofV5jiryTmw7hiSpwrHrbFlncxM=
-26,11,4q6gC/ZLNEJewIRMwwTh2T3KPSw=,WKQKzR1KyI0KiNjM2Nyv7yzDK4Y=
-29,13,4q6gC/ZLNEJewIRMwwTh2T3KPSw=,WKQKzR1KyI0KiNjM2Nyv7yzDK4Y=
-28,9,4q6gC/ZLNEJewIRMwwTh2T3KPSw=,WKQKzR1KyI0KiNjM2Nyv7yzDK4Y=
-22,13,4q6gC/ZLNEJewIRMwwTh2T3KPSw=,ofV5jiryTmw7hiSpwrHrbFlncxM=
-19,13,er7ZEaEUZZOyzDCpmC8U6BWrKxU=,ofV5jiryTmw7hiSpwrHrbFlncxM=
-17,15,er7ZEaEUZZOyzDCpmC8U6BWrKxU=,ofV5jiryTmw7hiSpwrHrbFlncxM=
-18,15,er7ZEaEUZZOyzDCpmC8U6BWrKxU=,ofV5jiryTmw7hiSpwrHrbFlncxM=
-19,15,er7ZEaEUZZOyzDCpmC8U6BWrKxU=,ofV5jiryTmw7hiSpwrHrbFlncxM=
-17,14,er7ZEaEUZZOyzDCpmC8U6BWrKxU=,ofV5jiryTmw7hiSpwrHrbFlncxM=
-18,2,er7ZEaEUZZOyzDCpmC8U6BWrKxU=,7TIB0TH4EDWkg4HLYdjpb4OS93c=
-18,14,er7ZEaEUZZOyzDCpmC8U6BWrKxU=,ofV5jiryTmw7hiSpwrHrbFlncxM=
-19,14,er7ZEaEUZZOyzDCpmC8U6BWrKxU=,ofV5jiryTmw7hiSpwrHrbFlncxM=
-17,2,er7ZEaEUZZOyzDCpmC8U6BWrKxU=,7TIB0TH4EDWkg4HLYdjpb4OS93c=
-19,0,er7ZEaEUZZOyzDCpmC8U6BWrKxU=,7TIB0TH4EDWkg4HLYdjpb4OS93c=
-17,13,er7ZEaEUZZOyzDCpmC8U6BWrKxU=,ofV5jiryTmw7hiSpwrHrbFlncxM=
-19,2,er7ZEaEUZZOyzDCpmC8U6BWrKxU=,7TIB0TH4EDWkg4HLYdjpb4OS93c=
-18,0,er7ZEaEUZZOyzDCpmC8U6BWrKxU=,7TIB0TH4EDWkg4HLYdjpb4OS93c=
-17,0,er7ZEaEUZZOyzDCpmC8U6BWrKxU=,7TIB0TH4EDWkg4HLYdjpb4OS93c=
-19,1,er7ZEaEUZZOyzDCpmC8U6BWrKxU=,7TIB0TH4EDWkg4HLYdjpb4OS93c=
-18,1,er7ZEaEUZZOyzDCpmC8U6BWrKxU=,7TIB0TH4EDWkg4HLYdjpb4OS93c=
-17,1,er7ZEaEUZZOyzDCpmC8U6BWrKxU=,7TIB0TH4EDWkg4HLYdjpb4OS93c=
-18,13,er7ZEaEUZZOyzDCpmC8U6BWrKxU=,ofV5jiryTmw7hiSpwrHrbFlncxM=
-29,19,er7ZEaEUZZOyzDCpmC8U6BWrKxU=,ziwZyxj9/XQN9bYk/8cJkO0Nv1M=
-28,20,er7ZEaEUZZOyzDCpmC8U6BWrKxU=,ziwZyxj9/XQN9bYk/8cJkO0Nv1M=
-29,20,er7ZEaEUZZOyzDCpmC8U6BWrKxU=,ziwZyxj9/XQN9bYk/8cJkO0Nv1M=
-28,19,er7ZEaEUZZOyzDCpmC8U6BWrKxU=,ziwZyxj9/XQN9bYk/8cJkO0Nv1M=
-28,21,er7ZEaEUZZOyzDCpmC8U6BWrKxU=,ziwZyxj9/XQN9bYk/8cJkO0Nv1M=
-29,21,er7ZEaEUZZOyzDCpmC8U6BWrKxU=,ziwZyxj9/XQN9bYk/8cJkO0Nv1M=
-29,22,er7ZEaEUZZOyzDCpmC8U6BWrKxU=,ziwZyxj9/XQN9bYk/8cJkO0Nv1M=
-28,22,er7ZEaEUZZOyzDCpmC8U6BWrKxU=,ziwZyxj9/XQN9bYk/8cJkO0Nv1M=
-29,23,er7ZEaEUZZOyzDCpmC8U6BWrKxU=,ziwZyxj9/XQN9bYk/8cJkO0Nv1M=
-28,23,er7ZEaEUZZOyzDCpmC8U6BWrKxU=,ziwZyxj9/XQN9bYk/8cJkO0Nv1M=
-24,28,eZ51WRHSjiLO5vwy24DR7aoZha8=,iskpJplNTVmGymOZPcy3dctQFx4=
-23,28,eZ51WRHSjiLO5vwy24DR7aoZha8=,iskpJplNTVmGymOZPcy3dctQFx4=
-23,27,YHCYWDbGhsW3LzHJ9UOoXJN1j+M=,iskpJplNTVmGymOZPcy3dctQFx4=
-24,27,YHCYWDbGhsW3LzHJ9UOoXJN1j+M=,iskpJplNTVmGymOZPcy3dctQFx4=
-20,27,YHCYWDbGhsW3LzHJ9UOoXJN1j+M=,iskpJplNTVmGymOZPcy3dctQFx4=
-20,28,YHCYWDbGhsW3LzHJ9UOoXJN1j+M=,iskpJplNTVmGymOZPcy3dctQFx4=
-21,28,YHCYWDbGhsW3LzHJ9UOoXJN1j+M=,iskpJplNTVmGymOZPcy3dctQFx4=
-22,28,YHCYWDbGhsW3LzHJ9UOoXJN1j+M=,iskpJplNTVmGymOZPcy3dctQFx4=
-22,27,YHCYWDbGhsW3LzHJ9UOoXJN1j+M=,iskpJplNTVmGymOZPcy3dctQFx4=
-21,27,YHCYWDbGhsW3LzHJ9UOoXJN1j+M=,iskpJplNTVmGymOZPcy3dctQFx4=
-17,27,f4dYlGoDzqvVDcI5khJvk85adv0=,iskpJplNTVmGymOZPcy3dctQFx4=
-18,27,f4dYlGoDzqvVDcI5khJvk85adv0=,iskpJplNTVmGymOZPcy3dctQFx4=
-19,28,f4dYlGoDzqvVDcI5khJvk85adv0=,iskpJplNTVmGymOZPcy3dctQFx4=
-19,27,2L/fjNSQIg6Fdyanii/8OhQZFxw=,iskpJplNTVmGymOZPcy3dctQFx4=
-17,28,2L/fjNSQIg6Fdyanii/8OhQZFxw=,iskpJplNTVmGymOZPcy3dctQFx4=
-22,24,2L/fjNSQIg6Fdyanii/8OhQZFxw=,iskpJplNTVmGymOZPcy3dctQFx4=
-18,28,2L/fjNSQIg6Fdyanii/8OhQZFxw=,iskpJplNTVmGymOZPcy3dctQFx4=
-20,19,2L/fjNSQIg6Fdyanii/8OhQZFxw=,dzl3lRC0JooPbsAjGFuPoD08ZDA=
-18,19,2L/fjNSQIg6Fdyanii/8OhQZFxw=,dzl3lRC0JooPbsAjGFuPoD08ZDA=
-21,24,2L/fjNSQIg6Fdyanii/8OhQZFxw=,iskpJplNTVmGymOZPcy3dctQFx4=
-17,19,2L/fjNSQIg6Fdyanii/8OhQZFxw=,dzl3lRC0JooPbsAjGFuPoD08ZDA=
-24,20,2L/fjNSQIg6Fdyanii/8OhQZFxw=,dzl3lRC0JooPbsAjGFuPoD08ZDA=
-19,19,2L/fjNSQIg6Fdyanii/8OhQZFxw=,dzl3lRC0JooPbsAjGFuPoD08ZDA=
-23,20,2L/fjNSQIg6Fdyanii/8OhQZFxw=,dzl3lRC0JooPbsAjGFuPoD08ZDA=
-22,20,6CS5oAaPjLEDrZx2etHb1nyJ5Po=,dzl3lRC0JooPbsAjGFuPoD08ZDA=
-21,20,6CS5oAaPjLEDrZx2etHb1nyJ5Po=,dzl3lRC0JooPbsAjGFuPoD08ZDA=
-20,20,6CS5oAaPjLEDrZx2etHb1nyJ5Po=,dzl3lRC0JooPbsAjGFuPoD08ZDA=
-19,20,6CS5oAaPjLEDrZx2etHb1nyJ5Po=,dzl3lRC0JooPbsAjGFuPoD08ZDA=
-17,20,6CS5oAaPjLEDrZx2etHb1nyJ5Po=,dzl3lRC0JooPbsAjGFuPoD08ZDA=
-18,20,6CS5oAaPjLEDrZx2etHb1nyJ5Po=,dzl3lRC0JooPbsAjGFuPoD08ZDA=
-20,24,6CS5oAaPjLEDrZx2etHb1nyJ5Po=,iskpJplNTVmGymOZPcy3dctQFx4=
-24,21,6CS5oAaPjLEDrZx2etHb1nyJ5Po=,dzl3lRC0JooPbsAjGFuPoD08ZDA=
-23,21,6CS5oAaPjLEDrZx2etHb1nyJ5Po=,dzl3lRC0JooPbsAjGFuPoD08ZDA=
-22,21,6CS5oAaPjLEDrZx2etHb1nyJ5Po=,dzl3lRC0JooPbsAjGFuPoD08ZDA=
-21,21,6CS5oAaPjLEDrZx2etHb1nyJ5Po=,dzl3lRC0JooPbsAjGFuPoD08ZDA=
-21,16,6CS5oAaPjLEDrZx2etHb1nyJ5Po=,dzl3lRC0JooPbsAjGFuPoD08ZDA=
-20,21,6CS5oAaPjLEDrZx2etHb1nyJ5Po=,dzl3lRC0JooPbsAjGFuPoD08ZDA=
-19,21,6CS5oAaPjLEDrZx2etHb1nyJ5Po=,dzl3lRC0JooPbsAjGFuPoD08ZDA=
-18,21,6CS5oAaPjLEDrZx2etHb1nyJ5Po=,dzl3lRC0JooPbsAjGFuPoD08ZDA=
-20,16,6CS5oAaPjLEDrZx2etHb1nyJ5Po=,dzl3lRC0JooPbsAjGFuPoD08ZDA=
-19,24,6CS5oAaPjLEDrZx2etHb1nyJ5Po=,iskpJplNTVmGymOZPcy3dctQFx4=
-18,24,6CS5oAaPjLEDrZx2etHb1nyJ5Po=,iskpJplNTVmGymOZPcy3dctQFx4=
-17,21,6CS5oAaPjLEDrZx2etHb1nyJ5Po=,dzl3lRC0JooPbsAjGFuPoD08ZDA=
-24,22,6CS5oAaPjLEDrZx2etHb1nyJ5Po=,dzl3lRC0JooPbsAjGFuPoD08ZDA=
-27,21,6CS5oAaPjLEDrZx2etHb1nyJ5Po=,ziwZyxj9/XQN9bYk/8cJkO0Nv1M=
-23,22,6CS5oAaPjLEDrZx2etHb1nyJ5Po=,dzl3lRC0JooPbsAjGFuPoD08ZDA=
-26,21,6CS5oAaPjLEDrZx2etHb1nyJ5Po=,ziwZyxj9/XQN9bYk/8cJkO0Nv1M=
-22,22,6CS5oAaPjLEDrZx2etHb1nyJ5Po=,dzl3lRC0JooPbsAjGFuPoD08ZDA=
-25,21,6CS5oAaPjLEDrZx2etHb1nyJ5Po=,ziwZyxj9/XQN9bYk/8cJkO0Nv1M=
-21,22,6CS5oAaPjLEDrZx2etHb1nyJ5Po=,dzl3lRC0JooPbsAjGFuPoD08ZDA=
-20,22,6CS5oAaPjLEDrZx2etHb1nyJ5Po=,dzl3lRC0JooPbsAjGFuPoD08ZDA=
-27,22,6CS5oAaPjLEDrZx2etHb1nyJ5Po=,ziwZyxj9/XQN9bYk/8cJkO0Nv1M=
-21,17,6CS5oAaPjLEDrZx2etHb1nyJ5Po=,dzl3lRC0JooPbsAjGFuPoD08ZDA=
-19,22,6CS5oAaPjLEDrZx2etHb1nyJ5Po=,dzl3lRC0JooPbsAjGFuPoD08ZDA=
-18,22,6CS5oAaPjLEDrZx2etHb1nyJ5Po=,dzl3lRC0JooPbsAjGFuPoD08ZDA=
-17,22,6CS5oAaPjLEDrZx2etHb1nyJ5Po=,dzl3lRC0JooPbsAjGFuPoD08ZDA=
-24,23,6CS5oAaPjLEDrZx2etHb1nyJ5Po=,dzl3lRC0JooPbsAjGFuPoD08ZDA=
-20,17,6CS5oAaPjLEDrZx2etHb1nyJ5Po=,dzl3lRC0JooPbsAjGFuPoD08ZDA=
-27,23,6CS5oAaPjLEDrZx2etHb1nyJ5Po=,ziwZyxj9/XQN9bYk/8cJkO0Nv1M=
-23,23,6CS5oAaPjLEDrZx2etHb1nyJ5Po=,dzl3lRC0JooPbsAjGFuPoD08ZDA=
-22,23,6CS5oAaPjLEDrZx2etHb1nyJ5Po=,dzl3lRC0JooPbsAjGFuPoD08ZDA=
-21,23,6CS5oAaPjLEDrZx2etHb1nyJ5Po=,dzl3lRC0JooPbsAjGFuPoD08ZDA=
-20,23,6CS5oAaPjLEDrZx2etHb1nyJ5Po=,dzl3lRC0JooPbsAjGFuPoD08ZDA=
-19,23,6CS5oAaPjLEDrZx2etHb1nyJ5Po=,dzl3lRC0JooPbsAjGFuPoD08ZDA=
-18,23,6CS5oAaPjLEDrZx2etHb1nyJ5Po=,dzl3lRC0JooPbsAjGFuPoD08ZDA=
-26,22,6CS5oAaPjLEDrZx2etHb1nyJ5Po=,ziwZyxj9/XQN9bYk/8cJkO0Nv1M=
-17,23,6CS5oAaPjLEDrZx2etHb1nyJ5Po=,dzl3lRC0JooPbsAjGFuPoD08ZDA=
-17,24,6CS5oAaPjLEDrZx2etHb1nyJ5Po=,iskpJplNTVmGymOZPcy3dctQFx4=
-24,25,6CS5oAaPjLEDrZx2etHb1nyJ5Po=,iskpJplNTVmGymOZPcy3dctQFx4=
-26,23,6CS5oAaPjLEDrZx2etHb1nyJ5Po=,ziwZyxj9/XQN9bYk/8cJkO0Nv1M=
-23,25,6CS5oAaPjLEDrZx2etHb1nyJ5Po=,iskpJplNTVmGymOZPcy3dctQFx4=
-22,25,6CS5oAaPjLEDrZx2etHb1nyJ5Po=,iskpJplNTVmGymOZPcy3dctQFx4=
-21,25,6CS5oAaPjLEDrZx2etHb1nyJ5Po=,iskpJplNTVmGymOZPcy3dctQFx4=
-25,23,6CS5oAaPjLEDrZx2etHb1nyJ5Po=,ziwZyxj9/XQN9bYk/8cJkO0Nv1M=
-20,25,6CS5oAaPjLEDrZx2etHb1nyJ5Po=,iskpJplNTVmGymOZPcy3dctQFx4=
-19,25,6CS5oAaPjLEDrZx2etHb1nyJ5Po=,iskpJplNTVmGymOZPcy3dctQFx4=
-18,25,6CS5oAaPjLEDrZx2etHb1nyJ5Po=,iskpJplNTVmGymOZPcy3dctQFx4=
-25,22,6CS5oAaPjLEDrZx2etHb1nyJ5Po=,ziwZyxj9/XQN9bYk/8cJkO0Nv1M=
-24,24,6CS5oAaPjLEDrZx2etHb1nyJ5Po=,iskpJplNTVmGymOZPcy3dctQFx4=
-17,25,6CS5oAaPjLEDrZx2etHb1nyJ5Po=,iskpJplNTVmGymOZPcy3dctQFx4=
-23,24,6CS5oAaPjLEDrZx2etHb1nyJ5Po=,iskpJplNTVmGymOZPcy3dctQFx4=
-24,26,6CS5oAaPjLEDrZx2etHb1nyJ5Po=,iskpJplNTVmGymOZPcy3dctQFx4=
-24,19,6CS5oAaPjLEDrZx2etHb1nyJ5Po=,dzl3lRC0JooPbsAjGFuPoD08ZDA=
-23,19,6CS5oAaPjLEDrZx2etHb1nyJ5Po=,dzl3lRC0JooPbsAjGFuPoD08ZDA=
-22,19,6CS5oAaPjLEDrZx2etHb1nyJ5Po=,dzl3lRC0JooPbsAjGFuPoD08ZDA=
-23,26,6CS5oAaPjLEDrZx2etHb1nyJ5Po=,iskpJplNTVmGymOZPcy3dctQFx4=
-27,19,6CS5oAaPjLEDrZx2etHb1nyJ5Po=,ziwZyxj9/XQN9bYk/8cJkO0Nv1M=
-26,19,6CS5oAaPjLEDrZx2etHb1nyJ5Po=,ziwZyxj9/XQN9bYk/8cJkO0Nv1M=
-25,19,6CS5oAaPjLEDrZx2etHb1nyJ5Po=,ziwZyxj9/XQN9bYk/8cJkO0Nv1M=
-22,26,6CS5oAaPjLEDrZx2etHb1nyJ5Po=,iskpJplNTVmGymOZPcy3dctQFx4=
-21,26,6CS5oAaPjLEDrZx2etHb1nyJ5Po=,iskpJplNTVmGymOZPcy3dctQFx4=
-20,26,6CS5oAaPjLEDrZx2etHb1nyJ5Po=,iskpJplNTVmGymOZPcy3dctQFx4=
-19,26,6CS5oAaPjLEDrZx2etHb1nyJ5Po=,iskpJplNTVmGymOZPcy3dctQFx4=
-21,18,6CS5oAaPjLEDrZx2etHb1nyJ5Po=,dzl3lRC0JooPbsAjGFuPoD08ZDA=
-27,20,6CS5oAaPjLEDrZx2etHb1nyJ5Po=,ziwZyxj9/XQN9bYk/8cJkO0Nv1M=
-26,20,6CS5oAaPjLEDrZx2etHb1nyJ5Po=,ziwZyxj9/XQN9bYk/8cJkO0Nv1M=
-25,20,6CS5oAaPjLEDrZx2etHb1nyJ5Po=,ziwZyxj9/XQN9bYk/8cJkO0Nv1M=
-18,26,6CS5oAaPjLEDrZx2etHb1nyJ5Po=,iskpJplNTVmGymOZPcy3dctQFx4=
-17,26,6CS5oAaPjLEDrZx2etHb1nyJ5Po=,iskpJplNTVmGymOZPcy3dctQFx4=
-20,18,6CS5oAaPjLEDrZx2etHb1nyJ5Po=,dzl3lRC0JooPbsAjGFuPoD08ZDA=
-21,19,6CS5oAaPjLEDrZx2etHb1nyJ5Po=,dzl3lRC0JooPbsAjGFuPoD08ZDA=
-17,18,6CS5oAaPjLEDrZx2etHb1nyJ5Po=,dzl3lRC0JooPbsAjGFuPoD08ZDA=
-18,18,6CS5oAaPjLEDrZx2etHb1nyJ5Po=,dzl3lRC0JooPbsAjGFuPoD08ZDA=
-19,16,6CS5oAaPjLEDrZx2etHb1nyJ5Po=,dzl3lRC0JooPbsAjGFuPoD08ZDA=
-18,16,6CS5oAaPjLEDrZx2etHb1nyJ5Po=,dzl3lRC0JooPbsAjGFuPoD08ZDA=
-19,18,6CS5oAaPjLEDrZx2etHb1nyJ5Po=,dzl3lRC0JooPbsAjGFuPoD08ZDA=
-17,16,6CS5oAaPjLEDrZx2etHb1nyJ5Po=,dzl3lRC0JooPbsAjGFuPoD08ZDA=
-19,17,6CS5oAaPjLEDrZx2etHb1nyJ5Po=,dzl3lRC0JooPbsAjGFuPoD08ZDA=
-17,17,6CS5oAaPjLEDrZx2etHb1nyJ5Po=,dzl3lRC0JooPbsAjGFuPoD08ZDA=
-18,17,6CS5oAaPjLEDrZx2etHb1nyJ5Po=,dzl3lRC0JooPbsAjGFuPoD08ZDA=
-24,16,6CS5oAaPjLEDrZx2etHb1nyJ5Po=,dzl3lRC0JooPbsAjGFuPoD08ZDA=
-25,17,6CS5oAaPjLEDrZx2etHb1nyJ5Po=,ziwZyxj9/XQN9bYk/8cJkO0Nv1M=
-22,18,6CS5oAaPjLEDrZx2etHb1nyJ5Po=,dzl3lRC0JooPbsAjGFuPoD08ZDA=
-26,17,6CS5oAaPjLEDrZx2etHb1nyJ5Po=,ziwZyxj9/XQN9bYk/8cJkO0Nv1M=
-23,18,6CS5oAaPjLEDrZx2etHb1nyJ5Po=,dzl3lRC0JooPbsAjGFuPoD08ZDA=
-27,17,6CS5oAaPjLEDrZx2etHb1nyJ5Po=,ziwZyxj9/XQN9bYk/8cJkO0Nv1M=
-28,17,6CS5oAaPjLEDrZx2etHb1nyJ5Po=,ziwZyxj9/XQN9bYk/8cJkO0Nv1M=
-29,17,6CS5oAaPjLEDrZx2etHb1nyJ5Po=,ziwZyxj9/XQN9bYk/8cJkO0Nv1M=
-25,18,6CS5oAaPjLEDrZx2etHb1nyJ5Po=,ziwZyxj9/XQN9bYk/8cJkO0Nv1M=
-24,18,6CS5oAaPjLEDrZx2etHb1nyJ5Po=,dzl3lRC0JooPbsAjGFuPoD08ZDA=
-26,18,6CS5oAaPjLEDrZx2etHb1nyJ5Po=,ziwZyxj9/XQN9bYk/8cJkO0Nv1M=
-27,18,6CS5oAaPjLEDrZx2etHb1nyJ5Po=,ziwZyxj9/XQN9bYk/8cJkO0Nv1M=
-25,16,6CS5oAaPjLEDrZx2etHb1nyJ5Po=,ziwZyxj9/XQN9bYk/8cJkO0Nv1M=
-26,16,6CS5oAaPjLEDrZx2etHb1nyJ5Po=,ziwZyxj9/XQN9bYk/8cJkO0Nv1M=
-28,18,6CS5oAaPjLEDrZx2etHb1nyJ5Po=,ziwZyxj9/XQN9bYk/8cJkO0Nv1M=
-29,18,6CS5oAaPjLEDrZx2etHb1nyJ5Po=,ziwZyxj9/XQN9bYk/8cJkO0Nv1M=
-27,16,6CS5oAaPjLEDrZx2etHb1nyJ5Po=,ziwZyxj9/XQN9bYk/8cJkO0Nv1M=
-28,16,6CS5oAaPjLEDrZx2etHb1nyJ5Po=,ziwZyxj9/XQN9bYk/8cJkO0Nv1M=
-29,16,6CS5oAaPjLEDrZx2etHb1nyJ5Po=,ziwZyxj9/XQN9bYk/8cJkO0Nv1M=
-23,16,6CS5oAaPjLEDrZx2etHb1nyJ5Po=,dzl3lRC0JooPbsAjGFuPoD08ZDA=
-22,17,6CS5oAaPjLEDrZx2etHb1nyJ5Po=,dzl3lRC0JooPbsAjGFuPoD08ZDA=
-23,17,6CS5oAaPjLEDrZx2etHb1nyJ5Po=,dzl3lRC0JooPbsAjGFuPoD08ZDA=
-24,17,6CS5oAaPjLEDrZx2etHb1nyJ5Po=,dzl3lRC0JooPbsAjGFuPoD08ZDA=
-22,16,6CS5oAaPjLEDrZx2etHb1nyJ5Po=,dzl3lRC0JooPbsAjGFuPoD08ZDA=
-21,29,7UJZRwUMyPWarzMuCxvSzIB3sMY=,iskpJplNTVmGymOZPcy3dctQFx4=
-21,31,7UJZRwUMyPWarzMuCxvSzIB3sMY=,iskpJplNTVmGymOZPcy3dctQFx4=
-20,29,7UJZRwUMyPWarzMuCxvSzIB3sMY=,iskpJplNTVmGymOZPcy3dctQFx4=
-21,30,7UJZRwUMyPWarzMuCxvSzIB3sMY=,iskpJplNTVmGymOZPcy3dctQFx4=
-20,30,7UJZRwUMyPWarzMuCxvSzIB3sMY=,iskpJplNTVmGymOZPcy3dctQFx4=
-20,31,7UJZRwUMyPWarzMuCxvSzIB3sMY=,iskpJplNTVmGymOZPcy3dctQFx4=
-18,31,iC+nYkMd0BsSci0XQi24cXp9kGk=,iskpJplNTVmGymOZPcy3dctQFx4=
-17,31,iC+nYkMd0BsSci0XQi24cXp9kGk=,iskpJplNTVmGymOZPcy3dctQFx4=
-19,29,iC+nYkMd0BsSci0XQi24cXp9kGk=,iskpJplNTVmGymOZPcy3dctQFx4=
-17,30,iC+nYkMd0BsSci0XQi24cXp9kGk=,iskpJplNTVmGymOZPcy3dctQFx4=
-18,30,iC+nYkMd0BsSci0XQi24cXp9kGk=,iskpJplNTVmGymOZPcy3dctQFx4=
-19,30,iC+nYkMd0BsSci0XQi24cXp9kGk=,iskpJplNTVmGymOZPcy3dctQFx4=
-19,31,iC+nYkMd0BsSci0XQi24cXp9kGk=,iskpJplNTVmGymOZPcy3dctQFx4=
-18,29,iC+nYkMd0BsSci0XQi24cXp9kGk=,iskpJplNTVmGymOZPcy3dctQFx4=
-17,29,iC+nYkMd0BsSci0XQi24cXp9kGk=,iskpJplNTVmGymOZPcy3dctQFx4=
-31,17,iC+nYkMd0BsSci0XQi24cXp9kGk=,ziwZyxj9/XQN9bYk/8cJkO0Nv1M=
-30,17,iC+nYkMd0BsSci0XQi24cXp9kGk=,ziwZyxj9/XQN9bYk/8cJkO0Nv1M=
-32,16,iC+nYkMd0BsSci0XQi24cXp9kGk=,ziwZyxj9/XQN9bYk/8cJkO0Nv1M=
-31,16,iC+nYkMd0BsSci0XQi24cXp9kGk=,ziwZyxj9/XQN9bYk/8cJkO0Nv1M=
-30,16,iC+nYkMd0BsSci0XQi24cXp9kGk=,ziwZyxj9/XQN9bYk/8cJkO0Nv1M=
-30,18,iC+nYkMd0BsSci0XQi24cXp9kGk=,ziwZyxj9/XQN9bYk/8cJkO0Nv1M=
-32,17,iC+nYkMd0BsSci0XQi24cXp9kGk=,ziwZyxj9/XQN9bYk/8cJkO0Nv1M=
-32,19,iC+nYkMd0BsSci0XQi24cXp9kGk=,ziwZyxj9/XQN9bYk/8cJkO0Nv1M=
-31,19,iC+nYkMd0BsSci0XQi24cXp9kGk=,ziwZyxj9/XQN9bYk/8cJkO0Nv1M=
-30,19,iC+nYkMd0BsSci0XQi24cXp9kGk=,ziwZyxj9/XQN9bYk/8cJkO0Nv1M=
-32,20,iC+nYkMd0BsSci0XQi24cXp9kGk=,ziwZyxj9/XQN9bYk/8cJkO0Nv1M=
-31,20,iC+nYkMd0BsSci0XQi24cXp9kGk=,ziwZyxj9/XQN9bYk/8cJkO0Nv1M=
-30,20,iC+nYkMd0BsSci0XQi24cXp9kGk=,ziwZyxj9/XQN9bYk/8cJkO0Nv1M=
-32,18,iC+nYkMd0BsSci0XQi24cXp9kGk=,ziwZyxj9/XQN9bYk/8cJkO0Nv1M=
-31,18,iC+nYkMd0BsSci0XQi24cXp9kGk=,ziwZyxj9/XQN9bYk/8cJkO0Nv1M=
-30,21,iC+nYkMd0BsSci0XQi24cXp9kGk=,ziwZyxj9/XQN9bYk/8cJkO0Nv1M=
-32,22,iC+nYkMd0BsSci0XQi24cXp9kGk=,ziwZyxj9/XQN9bYk/8cJkO0Nv1M=
-31,22,iC+nYkMd0BsSci0XQi24cXp9kGk=,ziwZyxj9/XQN9bYk/8cJkO0Nv1M=
-30,22,iC+nYkMd0BsSci0XQi24cXp9kGk=,ziwZyxj9/XQN9bYk/8cJkO0Nv1M=
-32,23,iC+nYkMd0BsSci0XQi24cXp9kGk=,ziwZyxj9/XQN9bYk/8cJkO0Nv1M=
-31,23,iC+nYkMd0BsSci0XQi24cXp9kGk=,ziwZyxj9/XQN9bYk/8cJkO0Nv1M=
-30,23,iC+nYkMd0BsSci0XQi24cXp9kGk=,ziwZyxj9/XQN9bYk/8cJkO0Nv1M=
-32,21,iC+nYkMd0BsSci0XQi24cXp9kGk=,ziwZyxj9/XQN9bYk/8cJkO0Nv1M=
-31,21,iC+nYkMd0BsSci0XQi24cXp9kGk=,ziwZyxj9/XQN9bYk/8cJkO0Nv1M=
-24,31,iC+nYkMd0BsSci0XQi24cXp9kGk=,iskpJplNTVmGymOZPcy3dctQFx4=
-23,31,iC+nYkMd0BsSci0XQi24cXp9kGk=,iskpJplNTVmGymOZPcy3dctQFx4=
-22,31,iC+nYkMd0BsSci0XQi24cXp9kGk=,iskpJplNTVmGymOZPcy3dctQFx4=
-24,29,iC+nYkMd0BsSci0XQi24cXp9kGk=,iskpJplNTVmGymOZPcy3dctQFx4=
-23,29,iC+nYkMd0BsSci0XQi24cXp9kGk=,iskpJplNTVmGymOZPcy3dctQFx4=
-22,29,iC+nYkMd0BsSci0XQi24cXp9kGk=,iskpJplNTVmGymOZPcy3dctQFx4=
-24,30,iC+nYkMd0BsSci0XQi24cXp9kGk=,iskpJplNTVmGymOZPcy3dctQFx4=
-23,30,iC+nYkMd0BsSci0XQi24cXp9kGk=,iskpJplNTVmGymOZPcy3dctQFx4=
-22,30,iC+nYkMd0BsSci0XQi24cXp9kGk=,iskpJplNTVmGymOZPcy3dctQFx4=
-13,27,k8PMFo+P8pclsfBM8R9JfUaxpeM=,iyxdd8dd96wvmwDZ49xkWrHDGrM=
-12,28,k8PMFo+P8pclsfBM8R9JfUaxpeM=,iyxdd8dd96wvmwDZ49xkWrHDGrM=
-12,27,k8PMFo+P8pclsfBM8R9JfUaxpeM=,iyxdd8dd96wvmwDZ49xkWrHDGrM=
-13,28,k8PMFo+P8pclsfBM8R9JfUaxpeM=,iyxdd8dd96wvmwDZ49xkWrHDGrM=
-4,19,wpVi6DYm/OmdolXy2/qsR0EkMvs=,lppJ3REMC27s5zbSaiM6ep/suUo=
-5,19,wpVi6DYm/OmdolXy2/qsR0EkMvs=,lppJ3REMC27s5zbSaiM6ep/suUo=
-1,20,wpVi6DYm/OmdolXy2/qsR0EkMvs=,lppJ3REMC27s5zbSaiM6ep/suUo=
-2,20,wpVi6DYm/OmdolXy2/qsR0EkMvs=,lppJ3REMC27s5zbSaiM6ep/suUo=
-4,20,wpVi6DYm/OmdolXy2/qsR0EkMvs=,lppJ3REMC27s5zbSaiM6ep/suUo=
-3,20,wpVi6DYm/OmdolXy2/qsR0EkMvs=,lppJ3REMC27s5zbSaiM6ep/suUo=
-1,19,wpVi6DYm/OmdolXy2/qsR0EkMvs=,lppJ3REMC27s5zbSaiM6ep/suUo=
-2,19,wpVi6DYm/OmdolXy2/qsR0EkMvs=,lppJ3REMC27s5zbSaiM6ep/suUo=
-3,19,wpVi6DYm/OmdolXy2/qsR0EkMvs=,lppJ3REMC27s5zbSaiM6ep/suUo=
-5,20,wpVi6DYm/OmdolXy2/qsR0EkMvs=,lppJ3REMC27s5zbSaiM6ep/suUo=
-5,16,YA/OgwuxjdvTWcZ3UThpogkdBEY=,lppJ3REMC27s5zbSaiM6ep/suUo=
-4,18,YA/OgwuxjdvTWcZ3UThpogkdBEY=,lppJ3REMC27s5zbSaiM6ep/suUo=
-5,18,YA/OgwuxjdvTWcZ3UThpogkdBEY=,lppJ3REMC27s5zbSaiM6ep/suUo=
-4,17,YA/OgwuxjdvTWcZ3UThpogkdBEY=,lppJ3REMC27s5zbSaiM6ep/suUo=
-4,16,YA/OgwuxjdvTWcZ3UThpogkdBEY=,lppJ3REMC27s5zbSaiM6ep/suUo=
-5,17,YA/OgwuxjdvTWcZ3UThpogkdBEY=,lppJ3REMC27s5zbSaiM6ep/suUo=
-12,23,/sfrLxHLXTaxsBWCi7vqpDcu6Xc=,JBMXZz30Uiu6YIzkiv3xTzGcPgo=
-13,26,aKirBSOo2Q1+TVyqLcOy0nPpfD0=,iyxdd8dd96wvmwDZ49xkWrHDGrM=
-6,19,aKirBSOo2Q1+TVyqLcOy0nPpfD0=,lppJ3REMC27s5zbSaiM6ep/suUo=
-12,25,aKirBSOo2Q1+TVyqLcOy0nPpfD0=,iyxdd8dd96wvmwDZ49xkWrHDGrM=
-8,19,aKirBSOo2Q1+TVyqLcOy0nPpfD0=,lppJ3REMC27s5zbSaiM6ep/suUo=
-7,19,aKirBSOo2Q1+TVyqLcOy0nPpfD0=,lppJ3REMC27s5zbSaiM6ep/suUo=
-13,23,aKirBSOo2Q1+TVyqLcOy0nPpfD0=,JBMXZz30Uiu6YIzkiv3xTzGcPgo=
-13,25,aKirBSOo2Q1+TVyqLcOy0nPpfD0=,iyxdd8dd96wvmwDZ49xkWrHDGrM=
-9,20,aKirBSOo2Q1+TVyqLcOy0nPpfD0=,JBMXZz30Uiu6YIzkiv3xTzGcPgo=
-10,20,aKirBSOo2Q1+TVyqLcOy0nPpfD0=,JBMXZz30Uiu6YIzkiv3xTzGcPgo=
-12,22,aKirBSOo2Q1+TVyqLcOy0nPpfD0=,JBMXZz30Uiu6YIzkiv3xTzGcPgo=
-11,20,aKirBSOo2Q1+TVyqLcOy0nPpfD0=,JBMXZz30Uiu6YIzkiv3xTzGcPgo=
-13,22,aKirBSOo2Q1+TVyqLcOy0nPpfD0=,JBMXZz30Uiu6YIzkiv3xTzGcPgo=
-12,20,aKirBSOo2Q1+TVyqLcOy0nPpfD0=,JBMXZz30Uiu6YIzkiv3xTzGcPgo=
-14,20,aKirBSOo2Q1+TVyqLcOy0nPpfD0=,JBMXZz30Uiu6YIzkiv3xTzGcPgo=
-13,20,aKirBSOo2Q1+TVyqLcOy0nPpfD0=,JBMXZz30Uiu6YIzkiv3xTzGcPgo=
-16,20,aKirBSOo2Q1+TVyqLcOy0nPpfD0=,JBMXZz30Uiu6YIzkiv3xTzGcPgo=
-12,21,aKirBSOo2Q1+TVyqLcOy0nPpfD0=,JBMXZz30Uiu6YIzkiv3xTzGcPgo=
-13,21,aKirBSOo2Q1+TVyqLcOy0nPpfD0=,JBMXZz30Uiu6YIzkiv3xTzGcPgo=
-15,20,aKirBSOo2Q1+TVyqLcOy0nPpfD0=,JBMXZz30Uiu6YIzkiv3xTzGcPgo=
-6,20,aKirBSOo2Q1+TVyqLcOy0nPpfD0=,lppJ3REMC27s5zbSaiM6ep/suUo=
-12,24,aKirBSOo2Q1+TVyqLcOy0nPpfD0=,iyxdd8dd96wvmwDZ49xkWrHDGrM=
-7,20,aKirBSOo2Q1+TVyqLcOy0nPpfD0=,lppJ3REMC27s5zbSaiM6ep/suUo=
-8,20,aKirBSOo2Q1+TVyqLcOy0nPpfD0=,lppJ3REMC27s5zbSaiM6ep/suUo=
-9,19,RAavO8ax47E/CJ5CA1cgvkkxboU=,JBMXZz30Uiu6YIzkiv3xTzGcPgo=
-13,24,WbIcNqHH4aQ5sfmyLATsLL3DldU=,iyxdd8dd96wvmwDZ49xkWrHDGrM=
-11,19,he7U2V4CU6LrLTG9gTj+7U5Q208=,JBMXZz30Uiu6YIzkiv3xTzGcPgo=
-13,19,04bkB/7lbG8AlJ/Hzh4jHwEYkN8=,JBMXZz30Uiu6YIzkiv3xTzGcPgo=
-12,19,04bkB/7lbG8AlJ/Hzh4jHwEYkN8=,JBMXZz30Uiu6YIzkiv3xTzGcPgo=
-14,19,04bkB/7lbG8AlJ/Hzh4jHwEYkN8=,JBMXZz30Uiu6YIzkiv3xTzGcPgo=
-10,19,04bkB/7lbG8AlJ/Hzh4jHwEYkN8=,JBMXZz30Uiu6YIzkiv3xTzGcPgo=
-15,19,04bkB/7lbG8AlJ/Hzh4jHwEYkN8=,JBMXZz30Uiu6YIzkiv3xTzGcPgo=
-16,19,oQcp8tJNwTMcKKXtt9LTNZK2erQ=,JBMXZz30Uiu6YIzkiv3xTzGcPgo=
-4,27,oQcp8tJNwTMcKKXtt9LTNZK2erQ=,QAppxvBz5miBLzwN3OIXXDguB/8=
-4,23,oQcp8tJNwTMcKKXtt9LTNZK2erQ=,lppJ3REMC27s5zbSaiM6ep/suUo=
-12,26,oQcp8tJNwTMcKKXtt9LTNZK2erQ=,iyxdd8dd96wvmwDZ49xkWrHDGrM=
-11,23,oQcp8tJNwTMcKKXtt9LTNZK2erQ=,JBMXZz30Uiu6YIzkiv3xTzGcPgo=
-10,23,oQcp8tJNwTMcKKXtt9LTNZK2erQ=,JBMXZz30Uiu6YIzkiv3xTzGcPgo=
-3,27,oQcp8tJNwTMcKKXtt9LTNZK2erQ=,QAppxvBz5miBLzwN3OIXXDguB/8=
-2,27,oQcp8tJNwTMcKKXtt9LTNZK2erQ=,QAppxvBz5miBLzwN3OIXXDguB/8=
-1,27,oQcp8tJNwTMcKKXtt9LTNZK2erQ=,QAppxvBz5miBLzwN3OIXXDguB/8=
-4,21,oQcp8tJNwTMcKKXtt9LTNZK2erQ=,lppJ3REMC27s5zbSaiM6ep/suUo=
-3,21,oQcp8tJNwTMcKKXtt9LTNZK2erQ=,lppJ3REMC27s5zbSaiM6ep/suUo=
-8,28,oQcp8tJNwTMcKKXtt9LTNZK2erQ=,QAppxvBz5miBLzwN3OIXXDguB/8=
-7,28,oQcp8tJNwTMcKKXtt9LTNZK2erQ=,QAppxvBz5miBLzwN3OIXXDguB/8=
-9,23,oQcp8tJNwTMcKKXtt9LTNZK2erQ=,JBMXZz30Uiu6YIzkiv3xTzGcPgo=
-2,21,oQcp8tJNwTMcKKXtt9LTNZK2erQ=,lppJ3REMC27s5zbSaiM6ep/suUo=
-6,28,oQcp8tJNwTMcKKXtt9LTNZK2erQ=,QAppxvBz5miBLzwN3OIXXDguB/8=
-5,28,oQcp8tJNwTMcKKXtt9LTNZK2erQ=,QAppxvBz5miBLzwN3OIXXDguB/8=
-8,26,oQcp8tJNwTMcKKXtt9LTNZK2erQ=,QAppxvBz5miBLzwN3OIXXDguB/8=
-1,21,oQcp8tJNwTMcKKXtt9LTNZK2erQ=,lppJ3REMC27s5zbSaiM6ep/suUo=
-2,26,oQcp8tJNwTMcKKXtt9LTNZK2erQ=,QAppxvBz5miBLzwN3OIXXDguB/8=
-7,26,oQcp8tJNwTMcKKXtt9LTNZK2erQ=,QAppxvBz5miBLzwN3OIXXDguB/8=
-8,22,oQcp8tJNwTMcKKXtt9LTNZK2erQ=,lppJ3REMC27s5zbSaiM6ep/suUo=
-11,26,oQcp8tJNwTMcKKXtt9LTNZK2erQ=,iyxdd8dd96wvmwDZ49xkWrHDGrM=
-4,28,oQcp8tJNwTMcKKXtt9LTNZK2erQ=,QAppxvBz5miBLzwN3OIXXDguB/8=
-10,26,oQcp8tJNwTMcKKXtt9LTNZK2erQ=,iyxdd8dd96wvmwDZ49xkWrHDGrM=
-3,28,oQcp8tJNwTMcKKXtt9LTNZK2erQ=,QAppxvBz5miBLzwN3OIXXDguB/8=
-2,28,oQcp8tJNwTMcKKXtt9LTNZK2erQ=,QAppxvBz5miBLzwN3OIXXDguB/8=
-1,28,oQcp8tJNwTMcKKXtt9LTNZK2erQ=,QAppxvBz5miBLzwN3OIXXDguB/8=
-7,22,oQcp8tJNwTMcKKXtt9LTNZK2erQ=,lppJ3REMC27s5zbSaiM6ep/suUo=
-6,22,oQcp8tJNwTMcKKXtt9LTNZK2erQ=,lppJ3REMC27s5zbSaiM6ep/suUo=
-9,26,oQcp8tJNwTMcKKXtt9LTNZK2erQ=,iyxdd8dd96wvmwDZ49xkWrHDGrM=
-5,22,oQcp8tJNwTMcKKXtt9LTNZK2erQ=,lppJ3REMC27s5zbSaiM6ep/suUo=
-4,22,oQcp8tJNwTMcKKXtt9LTNZK2erQ=,lppJ3REMC27s5zbSaiM6ep/suUo=
-6,26,oQcp8tJNwTMcKKXtt9LTNZK2erQ=,QAppxvBz5miBLzwN3OIXXDguB/8=
-3,22,oQcp8tJNwTMcKKXtt9LTNZK2erQ=,lppJ3REMC27s5zbSaiM6ep/suUo=
-11,24,oQcp8tJNwTMcKKXtt9LTNZK2erQ=,iyxdd8dd96wvmwDZ49xkWrHDGrM=
-2,22,oQcp8tJNwTMcKKXtt9LTNZK2erQ=,lppJ3REMC27s5zbSaiM6ep/suUo=
-11,27,oQcp8tJNwTMcKKXtt9LTNZK2erQ=,iyxdd8dd96wvmwDZ49xkWrHDGrM=
-10,27,oQcp8tJNwTMcKKXtt9LTNZK2erQ=,iyxdd8dd96wvmwDZ49xkWrHDGrM=
-10,24,oQcp8tJNwTMcKKXtt9LTNZK2erQ=,iyxdd8dd96wvmwDZ49xkWrHDGrM=
-9,27,oQcp8tJNwTMcKKXtt9LTNZK2erQ=,iyxdd8dd96wvmwDZ49xkWrHDGrM=
-9,24,oQcp8tJNwTMcKKXtt9LTNZK2erQ=,iyxdd8dd96wvmwDZ49xkWrHDGrM=
-1,26,oQcp8tJNwTMcKKXtt9LTNZK2erQ=,QAppxvBz5miBLzwN3OIXXDguB/8=
-8,27,oQcp8tJNwTMcKKXtt9LTNZK2erQ=,QAppxvBz5miBLzwN3OIXXDguB/8=
-11,21,oQcp8tJNwTMcKKXtt9LTNZK2erQ=,JBMXZz30Uiu6YIzkiv3xTzGcPgo=
-8,24,oQcp8tJNwTMcKKXtt9LTNZK2erQ=,QAppxvBz5miBLzwN3OIXXDguB/8=
-7,24,oQcp8tJNwTMcKKXtt9LTNZK2erQ=,QAppxvBz5miBLzwN3OIXXDguB/8=
-6,24,oQcp8tJNwTMcKKXtt9LTNZK2erQ=,QAppxvBz5miBLzwN3OIXXDguB/8=
-11,22,oQcp8tJNwTMcKKXtt9LTNZK2erQ=,JBMXZz30Uiu6YIzkiv3xTzGcPgo=
-1,22,oQcp8tJNwTMcKKXtt9LTNZK2erQ=,lppJ3REMC27s5zbSaiM6ep/suUo=
-11,28,oQcp8tJNwTMcKKXtt9LTNZK2erQ=,iyxdd8dd96wvmwDZ49xkWrHDGrM=
-5,24,oQcp8tJNwTMcKKXtt9LTNZK2erQ=,QAppxvBz5miBLzwN3OIXXDguB/8=
-10,28,oQcp8tJNwTMcKKXtt9LTNZK2erQ=,iyxdd8dd96wvmwDZ49xkWrHDGrM=
-7,27,oQcp8tJNwTMcKKXtt9LTNZK2erQ=,QAppxvBz5miBLzwN3OIXXDguB/8=
-9,28,oQcp8tJNwTMcKKXtt9LTNZK2erQ=,iyxdd8dd96wvmwDZ49xkWrHDGrM=
-4,24,oQcp8tJNwTMcKKXtt9LTNZK2erQ=,QAppxvBz5miBLzwN3OIXXDguB/8=
-8,21,oQcp8tJNwTMcKKXtt9LTNZK2erQ=,lppJ3REMC27s5zbSaiM6ep/suUo=
-3,24,oQcp8tJNwTMcKKXtt9LTNZK2erQ=,QAppxvBz5miBLzwN3OIXXDguB/8=
-10,22,oQcp8tJNwTMcKKXtt9LTNZK2erQ=,JBMXZz30Uiu6YIzkiv3xTzGcPgo=
-6,25,oQcp8tJNwTMcKKXtt9LTNZK2erQ=,QAppxvBz5miBLzwN3OIXXDguB/8=
-10,21,oQcp8tJNwTMcKKXtt9LTNZK2erQ=,JBMXZz30Uiu6YIzkiv3xTzGcPgo=
-5,25,oQcp8tJNwTMcKKXtt9LTNZK2erQ=,QAppxvBz5miBLzwN3OIXXDguB/8=
-4,25,oQcp8tJNwTMcKKXtt9LTNZK2erQ=,QAppxvBz5miBLzwN3OIXXDguB/8=
-9,22,oQcp8tJNwTMcKKXtt9LTNZK2erQ=,JBMXZz30Uiu6YIzkiv3xTzGcPgo=
-1,23,oQcp8tJNwTMcKKXtt9LTNZK2erQ=,lppJ3REMC27s5zbSaiM6ep/suUo=
-8,23,oQcp8tJNwTMcKKXtt9LTNZK2erQ=,lppJ3REMC27s5zbSaiM6ep/suUo=
-3,23,oQcp8tJNwTMcKKXtt9LTNZK2erQ=,lppJ3REMC27s5zbSaiM6ep/suUo=
-2,23,oQcp8tJNwTMcKKXtt9LTNZK2erQ=,lppJ3REMC27s5zbSaiM6ep/suUo=
-2,24,oQcp8tJNwTMcKKXtt9LTNZK2erQ=,QAppxvBz5miBLzwN3OIXXDguB/8=
-3,25,oQcp8tJNwTMcKKXtt9LTNZK2erQ=,QAppxvBz5miBLzwN3OIXXDguB/8=
-1,24,oQcp8tJNwTMcKKXtt9LTNZK2erQ=,QAppxvBz5miBLzwN3OIXXDguB/8=
-5,26,oQcp8tJNwTMcKKXtt9LTNZK2erQ=,QAppxvBz5miBLzwN3OIXXDguB/8=
-4,26,oQcp8tJNwTMcKKXtt9LTNZK2erQ=,QAppxvBz5miBLzwN3OIXXDguB/8=
-7,23,oQcp8tJNwTMcKKXtt9LTNZK2erQ=,lppJ3REMC27s5zbSaiM6ep/suUo=
-2,25,oQcp8tJNwTMcKKXtt9LTNZK2erQ=,QAppxvBz5miBLzwN3OIXXDguB/8=
-9,21,oQcp8tJNwTMcKKXtt9LTNZK2erQ=,JBMXZz30Uiu6YIzkiv3xTzGcPgo=
-1,25,oQcp8tJNwTMcKKXtt9LTNZK2erQ=,QAppxvBz5miBLzwN3OIXXDguB/8=
-3,26,oQcp8tJNwTMcKKXtt9LTNZK2erQ=,QAppxvBz5miBLzwN3OIXXDguB/8=
-8,25,oQcp8tJNwTMcKKXtt9LTNZK2erQ=,QAppxvBz5miBLzwN3OIXXDguB/8=
-7,25,oQcp8tJNwTMcKKXtt9LTNZK2erQ=,QAppxvBz5miBLzwN3OIXXDguB/8=
-7,21,oQcp8tJNwTMcKKXtt9LTNZK2erQ=,lppJ3REMC27s5zbSaiM6ep/suUo=
-11,25,oQcp8tJNwTMcKKXtt9LTNZK2erQ=,iyxdd8dd96wvmwDZ49xkWrHDGrM=
-10,25,oQcp8tJNwTMcKKXtt9LTNZK2erQ=,iyxdd8dd96wvmwDZ49xkWrHDGrM=
-9,25,oQcp8tJNwTMcKKXtt9LTNZK2erQ=,iyxdd8dd96wvmwDZ49xkWrHDGrM=
-6,21,oQcp8tJNwTMcKKXtt9LTNZK2erQ=,lppJ3REMC27s5zbSaiM6ep/suUo=
-6,23,oQcp8tJNwTMcKKXtt9LTNZK2erQ=,lppJ3REMC27s5zbSaiM6ep/suUo=
-5,23,oQcp8tJNwTMcKKXtt9LTNZK2erQ=,lppJ3REMC27s5zbSaiM6ep/suUo=
-5,21,oQcp8tJNwTMcKKXtt9LTNZK2erQ=,lppJ3REMC27s5zbSaiM6ep/suUo=
-6,27,oQcp8tJNwTMcKKXtt9LTNZK2erQ=,QAppxvBz5miBLzwN3OIXXDguB/8=
-5,27,oQcp8tJNwTMcKKXtt9LTNZK2erQ=,QAppxvBz5miBLzwN3OIXXDguB/8=
-13,18,oQcp8tJNwTMcKKXtt9LTNZK2erQ=,JBMXZz30Uiu6YIzkiv3xTzGcPgo=
-12,18,oQcp8tJNwTMcKKXtt9LTNZK2erQ=,JBMXZz30Uiu6YIzkiv3xTzGcPgo=
-6,18,oQcp8tJNwTMcKKXtt9LTNZK2erQ=,lppJ3REMC27s5zbSaiM6ep/suUo=
-13,17,oQcp8tJNwTMcKKXtt9LTNZK2erQ=,JBMXZz30Uiu6YIzkiv3xTzGcPgo=
-7,18,oQcp8tJNwTMcKKXtt9LTNZK2erQ=,lppJ3REMC27s5zbSaiM6ep/suUo=
-11,18,oQcp8tJNwTMcKKXtt9LTNZK2erQ=,JBMXZz30Uiu6YIzkiv3xTzGcPgo=
-10,18,oQcp8tJNwTMcKKXtt9LTNZK2erQ=,JBMXZz30Uiu6YIzkiv3xTzGcPgo=
-9,18,oQcp8tJNwTMcKKXtt9LTNZK2erQ=,JBMXZz30Uiu6YIzkiv3xTzGcPgo=
-13,16,oQcp8tJNwTMcKKXtt9LTNZK2erQ=,JBMXZz30Uiu6YIzkiv3xTzGcPgo=
-8,18,oQcp8tJNwTMcKKXtt9LTNZK2erQ=,lppJ3REMC27s5zbSaiM6ep/suUo=
-12,17,oQcp8tJNwTMcKKXtt9LTNZK2erQ=,JBMXZz30Uiu6YIzkiv3xTzGcPgo=
-9,16,oQcp8tJNwTMcKKXtt9LTNZK2erQ=,JBMXZz30Uiu6YIzkiv3xTzGcPgo=
-12,16,oQcp8tJNwTMcKKXtt9LTNZK2erQ=,JBMXZz30Uiu6YIzkiv3xTzGcPgo=
-10,16,oQcp8tJNwTMcKKXtt9LTNZK2erQ=,JBMXZz30Uiu6YIzkiv3xTzGcPgo=
-6,17,oQcp8tJNwTMcKKXtt9LTNZK2erQ=,lppJ3REMC27s5zbSaiM6ep/suUo=
-11,17,oQcp8tJNwTMcKKXtt9LTNZK2erQ=,JBMXZz30Uiu6YIzkiv3xTzGcPgo=
-11,16,oQcp8tJNwTMcKKXtt9LTNZK2erQ=,JBMXZz30Uiu6YIzkiv3xTzGcPgo=
-10,17,oQcp8tJNwTMcKKXtt9LTNZK2erQ=,JBMXZz30Uiu6YIzkiv3xTzGcPgo=
-9,17,oQcp8tJNwTMcKKXtt9LTNZK2erQ=,JBMXZz30Uiu6YIzkiv3xTzGcPgo=
-7,17,oQcp8tJNwTMcKKXtt9LTNZK2erQ=,lppJ3REMC27s5zbSaiM6ep/suUo=
-8,17,oQcp8tJNwTMcKKXtt9LTNZK2erQ=,lppJ3REMC27s5zbSaiM6ep/suUo=
-6,16,oQcp8tJNwTMcKKXtt9LTNZK2erQ=,lppJ3REMC27s5zbSaiM6ep/suUo=
-8,16,oQcp8tJNwTMcKKXtt9LTNZK2erQ=,lppJ3REMC27s5zbSaiM6ep/suUo=
-7,16,oQcp8tJNwTMcKKXtt9LTNZK2erQ=,lppJ3REMC27s5zbSaiM6ep/suUo=
-5,29,oQcp8tJNwTMcKKXtt9LTNZK2erQ=,QAppxvBz5miBLzwN3OIXXDguB/8=
-4,29,oQcp8tJNwTMcKKXtt9LTNZK2erQ=,QAppxvBz5miBLzwN3OIXXDguB/8=
-4,31,oQcp8tJNwTMcKKXtt9LTNZK2erQ=,QAppxvBz5miBLzwN3OIXXDguB/8=
-4,30,oQcp8tJNwTMcKKXtt9LTNZK2erQ=,QAppxvBz5miBLzwN3OIXXDguB/8=
-5,31,oQcp8tJNwTMcKKXtt9LTNZK2erQ=,QAppxvBz5miBLzwN3OIXXDguB/8=
-5,30,oQcp8tJNwTMcKKXtt9LTNZK2erQ=,QAppxvBz5miBLzwN3OIXXDguB/8=
-3,16,gEPBz+wQPox/C46e2NkbWhodULM=,lppJ3REMC27s5zbSaiM6ep/suUo=
-14,18,gEPBz+wQPox/C46e2NkbWhodULM=,JBMXZz30Uiu6YIzkiv3xTzGcPgo=
-15,17,gEPBz+wQPox/C46e2NkbWhodULM=,JBMXZz30Uiu6YIzkiv3xTzGcPgo=
-16,16,Q1uGTCdXyxWqK06d6QMXYp132js=,JBMXZz30Uiu6YIzkiv3xTzGcPgo=
-14,17,Q1uGTCdXyxWqK06d6QMXYp132js=,JBMXZz30Uiu6YIzkiv3xTzGcPgo=
-15,16,Q1uGTCdXyxWqK06d6QMXYp132js=,JBMXZz30Uiu6YIzkiv3xTzGcPgo=
-14,16,Q1uGTCdXyxWqK06d6QMXYp132js=,JBMXZz30Uiu6YIzkiv3xTzGcPgo=
-16,18,Q1uGTCdXyxWqK06d6QMXYp132js=,JBMXZz30Uiu6YIzkiv3xTzGcPgo=
-16,17,Q1uGTCdXyxWqK06d6QMXYp132js=,JBMXZz30Uiu6YIzkiv3xTzGcPgo=
-15,18,Q1uGTCdXyxWqK06d6QMXYp132js=,JBMXZz30Uiu6YIzkiv3xTzGcPgo=
-1,18,Q1uGTCdXyxWqK06d6QMXYp132js=,lppJ3REMC27s5zbSaiM6ep/suUo=
-2,18,Q1uGTCdXyxWqK06d6QMXYp132js=,lppJ3REMC27s5zbSaiM6ep/suUo=
-3,18,Q1uGTCdXyxWqK06d6QMXYp132js=,lppJ3REMC27s5zbSaiM6ep/suUo=
-1,17,Q1uGTCdXyxWqK06d6QMXYp132js=,lppJ3REMC27s5zbSaiM6ep/suUo=
-2,17,Q1uGTCdXyxWqK06d6QMXYp132js=,lppJ3REMC27s5zbSaiM6ep/suUo=
-3,17,Q1uGTCdXyxWqK06d6QMXYp132js=,lppJ3REMC27s5zbSaiM6ep/suUo=
-1,16,Q1uGTCdXyxWqK06d6QMXYp132js=,lppJ3REMC27s5zbSaiM6ep/suUo=
-2,16,Q1uGTCdXyxWqK06d6QMXYp132js=,lppJ3REMC27s5zbSaiM6ep/suUo=
-16,24,Q1uGTCdXyxWqK06d6QMXYp132js=,iyxdd8dd96wvmwDZ49xkWrHDGrM=
-15,24,Q1uGTCdXyxWqK06d6QMXYp132js=,iyxdd8dd96wvmwDZ49xkWrHDGrM=
-14,24,Q1uGTCdXyxWqK06d6QMXYp132js=,iyxdd8dd96wvmwDZ49xkWrHDGrM=
-14,26,Q1uGTCdXyxWqK06d6QMXYp132js=,iyxdd8dd96wvmwDZ49xkWrHDGrM=
-15,26,Q1uGTCdXyxWqK06d6QMXYp132js=,iyxdd8dd96wvmwDZ49xkWrHDGrM=
-16,26,Q1uGTCdXyxWqK06d6QMXYp132js=,iyxdd8dd96wvmwDZ49xkWrHDGrM=
-14,21,Q1uGTCdXyxWqK06d6QMXYp132js=,JBMXZz30Uiu6YIzkiv3xTzGcPgo=
-16,27,Q1uGTCdXyxWqK06d6QMXYp132js=,iyxdd8dd96wvmwDZ49xkWrHDGrM=
-15,27,Q1uGTCdXyxWqK06d6QMXYp132js=,iyxdd8dd96wvmwDZ49xkWrHDGrM=
-14,27,Q1uGTCdXyxWqK06d6QMXYp132js=,iyxdd8dd96wvmwDZ49xkWrHDGrM=
-16,28,Q1uGTCdXyxWqK06d6QMXYp132js=,iyxdd8dd96wvmwDZ49xkWrHDGrM=
-15,28,Q1uGTCdXyxWqK06d6QMXYp132js=,iyxdd8dd96wvmwDZ49xkWrHDGrM=
-14,22,Q1uGTCdXyxWqK06d6QMXYp132js=,JBMXZz30Uiu6YIzkiv3xTzGcPgo=
-14,28,Q1uGTCdXyxWqK06d6QMXYp132js=,iyxdd8dd96wvmwDZ49xkWrHDGrM=
-16,25,Q1uGTCdXyxWqK06d6QMXYp132js=,iyxdd8dd96wvmwDZ49xkWrHDGrM=
-16,21,Q1uGTCdXyxWqK06d6QMXYp132js=,JBMXZz30Uiu6YIzkiv3xTzGcPgo=
-16,23,Q1uGTCdXyxWqK06d6QMXYp132js=,JBMXZz30Uiu6YIzkiv3xTzGcPgo=
-15,25,Q1uGTCdXyxWqK06d6QMXYp132js=,iyxdd8dd96wvmwDZ49xkWrHDGrM=
-14,25,Q1uGTCdXyxWqK06d6QMXYp132js=,iyxdd8dd96wvmwDZ49xkWrHDGrM=
-15,22,Q1uGTCdXyxWqK06d6QMXYp132js=,JBMXZz30Uiu6YIzkiv3xTzGcPgo=
-16,22,Q1uGTCdXyxWqK06d6QMXYp132js=,JBMXZz30Uiu6YIzkiv3xTzGcPgo=
-15,21,Q1uGTCdXyxWqK06d6QMXYp132js=,JBMXZz30Uiu6YIzkiv3xTzGcPgo=
-15,23,Q1uGTCdXyxWqK06d6QMXYp132js=,JBMXZz30Uiu6YIzkiv3xTzGcPgo=
-14,23,Q1uGTCdXyxWqK06d6QMXYp132js=,JBMXZz30Uiu6YIzkiv3xTzGcPgo=
-14,30,Q1uGTCdXyxWqK06d6QMXYp132js=,iyxdd8dd96wvmwDZ49xkWrHDGrM=
-13,30,Q1uGTCdXyxWqK06d6QMXYp132js=,iyxdd8dd96wvmwDZ49xkWrHDGrM=
-12,30,Q1uGTCdXyxWqK06d6QMXYp132js=,iyxdd8dd96wvmwDZ49xkWrHDGrM=
-15,30,Q1uGTCdXyxWqK06d6QMXYp132js=,iyxdd8dd96wvmwDZ49xkWrHDGrM=
-11,30,Q1uGTCdXyxWqK06d6QMXYp132js=,iyxdd8dd96wvmwDZ49xkWrHDGrM=
-10,30,Q1uGTCdXyxWqK06d6QMXYp132js=,iyxdd8dd96wvmwDZ49xkWrHDGrM=
-9,30,Q1uGTCdXyxWqK06d6QMXYp132js=,iyxdd8dd96wvmwDZ49xkWrHDGrM=
-16,30,Q1uGTCdXyxWqK06d6QMXYp132js=,iyxdd8dd96wvmwDZ49xkWrHDGrM=
-8,29,Q1uGTCdXyxWqK06d6QMXYp132js=,QAppxvBz5miBLzwN3OIXXDguB/8=
-6,29,Q1uGTCdXyxWqK06d6QMXYp132js=,QAppxvBz5miBLzwN3OIXXDguB/8=
-7,29,Q1uGTCdXyxWqK06d6QMXYp132js=,QAppxvBz5miBLzwN3OIXXDguB/8=
-16,31,Q1uGTCdXyxWqK06d6QMXYp132js=,iyxdd8dd96wvmwDZ49xkWrHDGrM=
-15,31,Q1uGTCdXyxWqK06d6QMXYp132js=,iyxdd8dd96wvmwDZ49xkWrHDGrM=
-8,30,Q1uGTCdXyxWqK06d6QMXYp132js=,QAppxvBz5miBLzwN3OIXXDguB/8=
-7,30,Q1uGTCdXyxWqK06d6QMXYp132js=,QAppxvBz5miBLzwN3OIXXDguB/8=
-6,30,Q1uGTCdXyxWqK06d6QMXYp132js=,QAppxvBz5miBLzwN3OIXXDguB/8=
-13,31,Q1uGTCdXyxWqK06d6QMXYp132js=,iyxdd8dd96wvmwDZ49xkWrHDGrM=
-12,31,Q1uGTCdXyxWqK06d6QMXYp132js=,iyxdd8dd96wvmwDZ49xkWrHDGrM=
-14,31,Q1uGTCdXyxWqK06d6QMXYp132js=,iyxdd8dd96wvmwDZ49xkWrHDGrM=
-8,31,Q1uGTCdXyxWqK06d6QMXYp132js=,QAppxvBz5miBLzwN3OIXXDguB/8=
-7,31,Q1uGTCdXyxWqK06d6QMXYp132js=,QAppxvBz5miBLzwN3OIXXDguB/8=
-12,29,Q1uGTCdXyxWqK06d6QMXYp132js=,iyxdd8dd96wvmwDZ49xkWrHDGrM=
-11,29,Q1uGTCdXyxWqK06d6QMXYp132js=,iyxdd8dd96wvmwDZ49xkWrHDGrM=
-11,31,Q1uGTCdXyxWqK06d6QMXYp132js=,iyxdd8dd96wvmwDZ49xkWrHDGrM=
-6,31,Q1uGTCdXyxWqK06d6QMXYp132js=,QAppxvBz5miBLzwN3OIXXDguB/8=
-10,31,Q1uGTCdXyxWqK06d6QMXYp132js=,iyxdd8dd96wvmwDZ49xkWrHDGrM=
-10,29,Q1uGTCdXyxWqK06d6QMXYp132js=,iyxdd8dd96wvmwDZ49xkWrHDGrM=
-9,31,Q1uGTCdXyxWqK06d6QMXYp132js=,iyxdd8dd96wvmwDZ49xkWrHDGrM=
-16,29,Q1uGTCdXyxWqK06d6QMXYp132js=,iyxdd8dd96wvmwDZ49xkWrHDGrM=
-9,29,Q1uGTCdXyxWqK06d6QMXYp132js=,iyxdd8dd96wvmwDZ49xkWrHDGrM=
-14,29,Q1uGTCdXyxWqK06d6QMXYp132js=,iyxdd8dd96wvmwDZ49xkWrHDGrM=
-15,29,Q1uGTCdXyxWqK06d6QMXYp132js=,iyxdd8dd96wvmwDZ49xkWrHDGrM=
-13,29,Q1uGTCdXyxWqK06d6QMXYp132js=,iyxdd8dd96wvmwDZ49xkWrHDGrM=
-1,31,Q1uGTCdXyxWqK06d6QMXYp132js=,QAppxvBz5miBLzwN3OIXXDguB/8=
-2,31,Q1uGTCdXyxWqK06d6QMXYp132js=,QAppxvBz5miBLzwN3OIXXDguB/8=
-3,29,Q1uGTCdXyxWqK06d6QMXYp132js=,QAppxvBz5miBLzwN3OIXXDguB/8=
-2,29,Q1uGTCdXyxWqK06d6QMXYp132js=,QAppxvBz5miBLzwN3OIXXDguB/8=
-3,31,Q1uGTCdXyxWqK06d6QMXYp132js=,QAppxvBz5miBLzwN3OIXXDguB/8=
-1,29,Q1uGTCdXyxWqK06d6QMXYp132js=,QAppxvBz5miBLzwN3OIXXDguB/8=
-1,30,Q1uGTCdXyxWqK06d6QMXYp132js=,QAppxvBz5miBLzwN3OIXXDguB/8=
-2,30,Q1uGTCdXyxWqK06d6QMXYp132js=,QAppxvBz5miBLzwN3OIXXDguB/8=
-3,30,Q1uGTCdXyxWqK06d6QMXYp132js=,QAppxvBz5miBLzwN3OIXXDguB/8=
