3,-51,PJ60WUT33ifVLTRlXeD9CS0UHcU=,u0IXvWv2UE5JtAvmMBbQEpuw6m8=
3,-50,PJ60WUT33ifVLTRlXeD9CS0UHcU=,u0IXvWv2UE5JtAvmMBbQEpuw6m8=
2,-49,PJ60WUT33ifVLTRlXeD9CS0UHcU=,u0IXvWv2UE5JtAvmMBbQEpuw6m8=
1,-52,PJ60WUT33ifVLTRlXeD9CS0UHcU=,u0IXvWv2UE5JtAvmMBbQEpuw6m8=
2,-50,PJ60WUT33ifVLTRlXeD9CS0UHcU=,u0IXvWv2UE5JtAvmMBbQEpuw6m8=
3,-52,PJ60WUT33ifVLTRlXeD9CS0UHcU=,u0IXvWv2UE5JtAvmMBbQEpuw6m8=
2,-52,PJ60WUT33ifVLTRlXeD9CS0UHcU=,u0IXvWv2UE5JtAvmMBbQEpuw6m8=
0,-51,PJ60WUT33ifVLTRlXeD9CS0UHcU=,u0IXvWv2UE5JtAvmMBbQEpuw6m8=
1,-50,PJ60WUT33ifVLTRlXeD9CS0UHcU=,u0IXvWv2UE5JtAvmMBbQEpuw6m8=
2,-51,PJ60WUT33ifVLTRlXeD9CS0UHcU=,u0IXvWv2UE5JtAvmMBbQEpuw6m8=
3,-49,PJ60WUT33ifVLTRlXeD9CS0UHcU=,u0IXvWv2UE5JtAvmMBbQEpuw6m8=
0,-50,PJ60WUT33ifVLTRlXeD9CS0UHcU=,u0IXvWv2UE5JtAvmMBbQEpuw6m8=
0,-52,PJ60WUT33ifVLTRlXeD9CS0UHcU=,u0IXvWv2UE5JtAvmMBbQEpuw6m8=
1,-49,PJ60WUT33ifVLTRlXeD9CS0UHcU=,u0IXvWv2UE5JtAvmMBbQEpuw6m8=
0,-49,PJ60WUT33ifVLTRlXeD9CS0UHcU=,u0IXvWv2UE5JtAvmMBbQEpuw6m8=
1,-51,PJ60WUT33ifVLTRlXeD9CS0UHcU=,u0IXvWv2UE5JtAvmMBbQEpuw6m8=
1,-43,PJ60WUT33ifVLTRlXeD9CS0UHcU=,Vobti5nhW/Yoj/rVbzRFY2HlHLY=
1,-42,PJ60WUT33ifVLTRlXeD9CS0UHcU=,Vobti5nhW/Yoj/rVbzRFY2HlHLY=
2,-38,PJ60WUT33ifVLTRlXeD9CS0UHcU=,WJ0RywUGKgDK/QGI/XxrH82bjF0=
2,-42,PJ60WUT33ifVLTRlXeD9CS0UHcU=,Vobti5nhW/Yoj/rVbzRFY2HlHLY=
2,-43,PJ60WUT33ifVLTRlXeD9CS0UHcU=,Vobti5nhW/Yoj/rVbzRFY2HlHLY=
1,-41,PJ60WUT33ifVLTRlXeD9CS0UHcU=,Vobti5nhW/Yoj/rVbzRFY2HlHLY=
2,-41,PJ60WUT33ifVLTRlXeD9CS0UHcU=,Vobti5nhW/Yoj/rVbzRFY2HlHLY=
1,-40,PJ60WUT33ifVLTRlXeD9CS0UHcU=,WJ0RywUGKgDK/QGI/XxrH82bjF0=
1,-38,PJ60WUT33ifVLTRlXeD9CS0UHcU=,WJ0RywUGKgDK/QGI/XxrH82bjF0=
2,-40,PJ60WUT33ifVLTRlXeD9CS0UHcU=,WJ0RywUGKgDK/QGI/XxrH82bjF0=
2,-39,PJ60WUT33ifVLTRlXeD9CS0UHcU=,WJ0RywUGKgDK/QGI/XxrH82bjF0=
1,-39,PJ60WUT33ifVLTRlXeD9CS0UHcU=,WJ0RywUGKgDK/QGI/XxrH82bjF0=
2,-47,PJ60WUT33ifVLTRlXeD9CS0UHcU=,IgHcWRW1ZpUNfYcMC/Nvr6CqB18=
2,-44,PJ60WUT33ifVLTRlXeD9CS0UHcU=,Vobti5nhW/Yoj/rVbzRFY2HlHLY=
2,-46,PJ60WUT33ifVLTRlXeD9CS0UHcU=,IgHcWRW1ZpUNfYcMC/Nvr6CqB18=
1,-47,PJ60WUT33ifVLTRlXeD9CS0UHcU=,IgHcWRW1ZpUNfYcMC/Nvr6CqB18=
1,-35,PJ60WUT33ifVLTRlXeD9CS0UHcU=,tEPOLNtO4Lvmcx1ajDegfQ/xjPg=
1,-44,PJ60WUT33ifVLTRlXeD9CS0UHcU=,Vobti5nhW/Yoj/rVbzRFY2HlHLY=
1,-45,PJ60WUT33ifVLTRlXeD9CS0UHcU=,IgHcWRW1ZpUNfYcMC/Nvr6CqB18=
2,-34,PJ60WUT33ifVLTRlXeD9CS0UHcU=,tEPOLNtO4Lvmcx1ajDegfQ/xjPg=
1,-37,PJ60WUT33ifVLTRlXeD9CS0UHcU=,WJ0RywUGKgDK/QGI/XxrH82bjF0=
2,-45,PJ60WUT33ifVLTRlXeD9CS0UHcU=,IgHcWRW1ZpUNfYcMC/Nvr6CqB18=
2,-35,PJ60WUT33ifVLTRlXeD9CS0UHcU=,tEPOLNtO4Lvmcx1ajDegfQ/xjPg=
2,-37,PJ60WUT33ifVLTRlXeD9CS0UHcU=,WJ0RywUGKgDK/QGI/XxrH82bjF0=
1,-34,PJ60WUT33ifVLTRlXeD9CS0UHcU=,tEPOLNtO4Lvmcx1ajDegfQ/xjPg=
2,-36,PJ60WUT33ifVLTRlXeD9CS0UHcU=,tEPOLNtO4Lvmcx1ajDegfQ/xjPg=
1,-36,PJ60WUT33ifVLTRlXeD9CS0UHcU=,tEPOLNtO4Lvmcx1ajDegfQ/xjPg=
1,-46,PJ60WUT33ifVLTRlXeD9CS0UHcU=,IgHcWRW1ZpUNfYcMC/Nvr6CqB18=
3,-39,PJ60WUT33ifVLTRlXeD9CS0UHcU=,WJ0RywUGKgDK/QGI/XxrH82bjF0=
3,-38,PJ60WUT33ifVLTRlXeD9CS0UHcU=,WJ0RywUGKgDK/QGI/XxrH82bjF0=
3,-35,PJ60WUT33ifVLTRlXeD9CS0UHcU=,tEPOLNtO4Lvmcx1ajDegfQ/xjPg=
3,-34,PJ60WUT33ifVLTRlXeD9CS0UHcU=,tEPOLNtO4Lvmcx1ajDegfQ/xjPg=
3,-37,PJ60WUT33ifVLTRlXeD9CS0UHcU=,WJ0RywUGKgDK/QGI/XxrH82bjF0=
3,-36,PJ60WUT33ifVLTRlXeD9CS0UHcU=,tEPOLNtO4Lvmcx1ajDegfQ/xjPg=
0,-34,PJ60WUT33ifVLTRlXeD9CS0UHcU=,tEPOLNtO4Lvmcx1ajDegfQ/xjPg=
0,-35,PJ60WUT33ifVLTRlXeD9CS0UHcU=,tEPOLNtO4Lvmcx1ajDegfQ/xjPg=
3,-33,PJ60WUT33ifVLTRlXeD9CS0UHcU=,tEPOLNtO4Lvmcx1ajDegfQ/xjPg=
2,-33,PJ60WUT33ifVLTRlXeD9CS0UHcU=,tEPOLNtO4Lvmcx1ajDegfQ/xjPg=
1,-33,PJ60WUT33ifVLTRlXeD9CS0UHcU=,tEPOLNtO4Lvmcx1ajDegfQ/xjPg=
0,-33,PJ60WUT33ifVLTRlXeD9CS0UHcU=,tEPOLNtO4Lvmcx1ajDegfQ/xjPg=
3,-46,9kNoh4rAwhA/sLpo1Q9CjUx6Ijc=,IgHcWRW1ZpUNfYcMC/Nvr6CqB18=
3,-47,9kNoh4rAwhA/sLpo1Q9CjUx6Ijc=,IgHcWRW1ZpUNfYcMC/Nvr6CqB18=
0,-43,9kNoh4rAwhA/sLpo1Q9CjUx6Ijc=,Vobti5nhW/Yoj/rVbzRFY2HlHLY=
0,-40,9kNoh4rAwhA/sLpo1Q9CjUx6Ijc=,WJ0RywUGKgDK/QGI/XxrH82bjF0=
0,-41,9kNoh4rAwhA/sLpo1Q9CjUx6Ijc=,Vobti5nhW/Yoj/rVbzRFY2HlHLY=
0,-42,9kNoh4rAwhA/sLpo1Q9CjUx6Ijc=,Vobti5nhW/Yoj/rVbzRFY2HlHLY=
0,-36,9kNoh4rAwhA/sLpo1Q9CjUx6Ijc=,tEPOLNtO4Lvmcx1ajDegfQ/xjPg=
0,-38,9kNoh4rAwhA/sLpo1Q9CjUx6Ijc=,WJ0RywUGKgDK/QGI/XxrH82bjF0=
0,-39,9kNoh4rAwhA/sLpo1Q9CjUx6Ijc=,WJ0RywUGKgDK/QGI/XxrH82bjF0=
0,-37,9kNoh4rAwhA/sLpo1Q9CjUx6Ijc=,WJ0RywUGKgDK/QGI/XxrH82bjF0=
0,-46,9kNoh4rAwhA/sLpo1Q9CjUx6Ijc=,IgHcWRW1ZpUNfYcMC/Nvr6CqB18=
0,-45,9kNoh4rAwhA/sLpo1Q9CjUx6Ijc=,IgHcWRW1ZpUNfYcMC/Nvr6CqB18=
0,-44,9kNoh4rAwhA/sLpo1Q9CjUx6Ijc=,Vobti5nhW/Yoj/rVbzRFY2HlHLY=
0,-47,9kNoh4rAwhA/sLpo1Q9CjUx6Ijc=,IgHcWRW1ZpUNfYcMC/Nvr6CqB18=
2,-48,9kNoh4rAwhA/sLpo1Q9CjUx6Ijc=,IgHcWRW1ZpUNfYcMC/Nvr6CqB18=
1,-48,9kNoh4rAwhA/sLpo1Q9CjUx6Ijc=,IgHcWRW1ZpUNfYcMC/Nvr6CqB18=
3,-48,9kNoh4rAwhA/sLpo1Q9CjUx6Ijc=,IgHcWRW1ZpUNfYcMC/Nvr6CqB18=
3,-43,9kNoh4rAwhA/sLpo1Q9CjUx6Ijc=,Vobti5nhW/Yoj/rVbzRFY2HlHLY=
3,-41,9kNoh4rAwhA/sLpo1Q9CjUx6Ijc=,Vobti5nhW/Yoj/rVbzRFY2HlHLY=
3,-44,9kNoh4rAwhA/sLpo1Q9CjUx6Ijc=,Vobti5nhW/Yoj/rVbzRFY2HlHLY=
3,-45,9kNoh4rAwhA/sLpo1Q9CjUx6Ijc=,IgHcWRW1ZpUNfYcMC/Nvr6CqB18=
3,-40,9kNoh4rAwhA/sLpo1Q9CjUx6Ijc=,WJ0RywUGKgDK/QGI/XxrH82bjF0=
0,-48,9kNoh4rAwhA/sLpo1Q9CjUx6Ijc=,IgHcWRW1ZpUNfYcMC/Nvr6CqB18=
3,-42,9kNoh4rAwhA/sLpo1Q9CjUx6Ijc=,Vobti5nhW/Yoj/rVbzRFY2HlHLY=
