782,783,9kNoh4rAwhA/sLpo1Q9CjUx6Ijc=,24TMPE3sxNN81hedVWCX83vMFVQ=
783,781,9kNoh4rAwhA/sLpo1Q9CjUx6Ijc=,24TMPE3sxNN81hedVWCX83vMFVQ=
783,780,9kNoh4rAwhA/sLpo1Q9CjUx6Ijc=,24TMPE3sxNN81hedVWCX83vMFVQ=
782,780,9kNoh4rAwhA/sLpo1Q9CjUx6Ijc=,24TMPE3sxNN81hedVWCX83vMFVQ=
781,782,9kNoh4rAwhA/sLpo1Q9CjUx6Ijc=,24TMPE3sxNN81hedVWCX83vMFVQ=
782,781,9kNoh4rAwhA/sLpo1Q9CjUx6Ijc=,24TMPE3sxNN81hedVWCX83vMFVQ=
780,782,9kNoh4rAwhA/sLpo1Q9CjUx6Ijc=,24TMPE3sxNN81hedVWCX83vMFVQ=
781,783,9kNoh4rAwhA/sLpo1Q9CjUx6Ijc=,24TMPE3sxNN81hedVWCX83vMFVQ=
780,783,9kNoh4rAwhA/sLpo1Q9CjUx6Ijc=,24TMPE3sxNN81hedVWCX83vMFVQ=
780,780,9kNoh4rAwhA/sLpo1Q9CjUx6Ijc=,24TMPE3sxNN81hedVWCX83vMFVQ=
783,782,9kNoh4rAwhA/sLpo1Q9CjUx6Ijc=,24TMPE3sxNN81hedVWCX83vMFVQ=
782,782,9kNoh4rAwhA/sLpo1Q9CjUx6Ijc=,24TMPE3sxNN81hedVWCX83vMFVQ=
783,783,9kNoh4rAwhA/sLpo1Q9CjUx6Ijc=,24TMPE3sxNN81hedVWCX83vMFVQ=
780,781,9kNoh4rAwhA/sLpo1Q9CjUx6Ijc=,24TMPE3sxNN81hedVWCX83vMFVQ=
781,780,9kNoh4rAwhA/sLpo1Q9CjUx6Ijc=,24TMPE3sxNN81hedVWCX83vMFVQ=
781,781,9kNoh4rAwhA/sLpo1Q9CjUx6Ijc=,24TMPE3sxNN81hedVWCX83vMFVQ=
