9,1,Fe1ujOUl/B/N4hrxgfFn2HfhP20=,y3FfOPFiyUZZ9o52JjgUCGjuQCk=
10,1,Fe1ujOUl/B/N4hrxgfFn2HfhP20=,y3FfOPFiyUZZ9o52JjgUCGjuQCk=
9,2,Fe1ujOUl/B/N4hrxgfFn2HfhP20=,y3FfOPFiyUZZ9o52JjgUCGjuQCk=
10,2,Fe1ujOUl/B/N4hrxgfFn2HfhP20=,y3FfOPFiyUZZ9o52JjgUCGjuQCk=
10,6,Fe1ujOUl/B/N4hrxgfFn2HfhP20=,Dau9KyDfxj1287NqYFGxbHzMoA4=
10,3,Fe1ujOUl/B/N4hrxgfFn2HfhP20=,y3FfOPFiyUZZ9o52JjgUCGjuQCk=
9,4,Fe1ujOUl/B/N4hrxgfFn2HfhP20=,Dau9KyDfxj1287NqYFGxbHzMoA4=
9,3,Fe1ujOUl/B/N4hrxgfFn2HfhP20=,y3FfOPFiyUZZ9o52JjgUCGjuQCk=
10,4,Fe1ujOUl/B/N4hrxgfFn2HfhP20=,Dau9KyDfxj1287NqYFGxbHzMoA4=
10,5,Fe1ujOUl/B/N4hrxgfFn2HfhP20=,Dau9KyDfxj1287NqYFGxbHzMoA4=
9,5,Fe1ujOUl/B/N4hrxgfFn2HfhP20=,Dau9KyDfxj1287NqYFGxbHzMoA4=
9,6,Fe1ujOUl/B/N4hrxgfFn2HfhP20=,Dau9KyDfxj1287NqYFGxbHzMoA4=
1,6,+C0dhf+4V+y+yXzvZeoLa9cK9fI=,+smmBDWIpOZt6Am46tvpqqHp20Q=
1,5,+C0dhf+4V+y+yXzvZeoLa9cK9fI=,+smmBDWIpOZt6Am46tvpqqHp20Q=
2,6,+C0dhf+4V+y+yXzvZeoLa9cK9fI=,+smmBDWIpOZt6Am46tvpqqHp20Q=
2,5,+C0dhf+4V+y+yXzvZeoLa9cK9fI=,+smmBDWIpOZt6Am46tvpqqHp20Q=
5,2,+C0dhf+4V+y+yXzvZeoLa9cK9fI=,eEpvSgcDXTDHHFInt8MrIawVamc=
8,2,+C0dhf+4V+y+yXzvZeoLa9cK9fI=,y3FfOPFiyUZZ9o52JjgUCGjuQCk=
7,1,+C0dhf+4V+y+yXzvZeoLa9cK9fI=,eEpvSgcDXTDHHFInt8MrIawVamc=
6,1,+C0dhf+4V+y+yXzvZeoLa9cK9fI=,eEpvSgcDXTDHHFInt8MrIawVamc=
8,1,+C0dhf+4V+y+yXzvZeoLa9cK9fI=,y3FfOPFiyUZZ9o52JjgUCGjuQCk=
5,1,+C0dhf+4V+y+yXzvZeoLa9cK9fI=,eEpvSgcDXTDHHFInt8MrIawVamc=
6,2,+C0dhf+4V+y+yXzvZeoLa9cK9fI=,eEpvSgcDXTDHHFInt8MrIawVamc=
7,2,+C0dhf+4V+y+yXzvZeoLa9cK9fI=,eEpvSgcDXTDHHFInt8MrIawVamc=
8,6,+C0dhf+4V+y+yXzvZeoLa9cK9fI=,Dau9KyDfxj1287NqYFGxbHzMoA4=
6,14,+C0dhf+4V+y+yXzvZeoLa9cK9fI=,NBUpS5m8o+ALVCn+ABZQ5ICbxQY=
6,13,+C0dhf+4V+y+yXzvZeoLa9cK9fI=,NBUpS5m8o+ALVCn+ABZQ5ICbxQY=
5,14,+C0dhf+4V+y+yXzvZeoLa9cK9fI=,NBUpS5m8o+ALVCn+ABZQ5ICbxQY=
5,13,+C0dhf+4V+y+yXzvZeoLa9cK9fI=,NBUpS5m8o+ALVCn+ABZQ5ICbxQY=
7,6,+C0dhf+4V+y+yXzvZeoLa9cK9fI=,gVTOIDW8lzNwSSDB66zc+BpFNb0=
3,5,+C0dhf+4V+y+yXzvZeoLa9cK9fI=,+smmBDWIpOZt6Am46tvpqqHp20Q=
8,3,+C0dhf+4V+y+yXzvZeoLa9cK9fI=,y3FfOPFiyUZZ9o52JjgUCGjuQCk=
7,4,+C0dhf+4V+y+yXzvZeoLa9cK9fI=,gVTOIDW8lzNwSSDB66zc+BpFNb0=
5,6,+C0dhf+4V+y+yXzvZeoLa9cK9fI=,gVTOIDW8lzNwSSDB66zc+BpFNb0=
6,6,+C0dhf+4V+y+yXzvZeoLa9cK9fI=,gVTOIDW8lzNwSSDB66zc+BpFNb0=
4,6,+C0dhf+4V+y+yXzvZeoLa9cK9fI=,gVTOIDW8lzNwSSDB66zc+BpFNb0=
6,4,+C0dhf+4V+y+yXzvZeoLa9cK9fI=,gVTOIDW8lzNwSSDB66zc+BpFNb0=
10,7,+C0dhf+4V+y+yXzvZeoLa9cK9fI=,Dau9KyDfxj1287NqYFGxbHzMoA4=
9,7,+C0dhf+4V+y+yXzvZeoLa9cK9fI=,Dau9KyDfxj1287NqYFGxbHzMoA4=
10,8,+C0dhf+4V+y+yXzvZeoLa9cK9fI=,k9DcjXYaIKvS+M8wpSkDMOf3GoA=
9,9,+C0dhf+4V+y+yXzvZeoLa9cK9fI=,k9DcjXYaIKvS+M8wpSkDMOf3GoA=
10,9,+C0dhf+4V+y+yXzvZeoLa9cK9fI=,k9DcjXYaIKvS+M8wpSkDMOf3GoA=
9,10,+C0dhf+4V+y+yXzvZeoLa9cK9fI=,k9DcjXYaIKvS+M8wpSkDMOf3GoA=
10,10,+C0dhf+4V+y+yXzvZeoLa9cK9fI=,k9DcjXYaIKvS+M8wpSkDMOf3GoA=
9,8,+C0dhf+4V+y+yXzvZeoLa9cK9fI=,k9DcjXYaIKvS+M8wpSkDMOf3GoA=
5,4,+C0dhf+4V+y+yXzvZeoLa9cK9fI=,gVTOIDW8lzNwSSDB66zc+BpFNb0=
7,5,+C0dhf+4V+y+yXzvZeoLa9cK9fI=,gVTOIDW8lzNwSSDB66zc+BpFNb0=
7,3,+C0dhf+4V+y+yXzvZeoLa9cK9fI=,eEpvSgcDXTDHHFInt8MrIawVamc=
6,3,+C0dhf+4V+y+yXzvZeoLa9cK9fI=,eEpvSgcDXTDHHFInt8MrIawVamc=
5,3,+C0dhf+4V+y+yXzvZeoLa9cK9fI=,eEpvSgcDXTDHHFInt8MrIawVamc=
6,5,+C0dhf+4V+y+yXzvZeoLa9cK9fI=,gVTOIDW8lzNwSSDB66zc+BpFNb0=
5,5,+C0dhf+4V+y+yXzvZeoLa9cK9fI=,gVTOIDW8lzNwSSDB66zc+BpFNb0=
3,6,+C0dhf+4V+y+yXzvZeoLa9cK9fI=,+smmBDWIpOZt6Am46tvpqqHp20Q=
8,4,+C0dhf+4V+y+yXzvZeoLa9cK9fI=,Dau9KyDfxj1287NqYFGxbHzMoA4=
8,5,+C0dhf+4V+y+yXzvZeoLa9cK9fI=,Dau9KyDfxj1287NqYFGxbHzMoA4=
4,5,+C0dhf+4V+y+yXzvZeoLa9cK9fI=,gVTOIDW8lzNwSSDB66zc+BpFNb0=
1,9,+C0dhf+4V+y+yXzvZeoLa9cK9fI=,nvGySw0g2T6+Ga9wDwmbixZeJVo=
2,10,+C0dhf+4V+y+yXzvZeoLa9cK9fI=,nvGySw0g2T6+Ga9wDwmbixZeJVo=
1,10,+C0dhf+4V+y+yXzvZeoLa9cK9fI=,nvGySw0g2T6+Ga9wDwmbixZeJVo=
2,8,+C0dhf+4V+y+yXzvZeoLa9cK9fI=,nvGySw0g2T6+Ga9wDwmbixZeJVo=
1,8,+C0dhf+4V+y+yXzvZeoLa9cK9fI=,nvGySw0g2T6+Ga9wDwmbixZeJVo=
1,7,+C0dhf+4V+y+yXzvZeoLa9cK9fI=,+smmBDWIpOZt6Am46tvpqqHp20Q=
2,9,+C0dhf+4V+y+yXzvZeoLa9cK9fI=,nvGySw0g2T6+Ga9wDwmbixZeJVo=
2,7,+C0dhf+4V+y+yXzvZeoLa9cK9fI=,+smmBDWIpOZt6Am46tvpqqHp20Q=
0,10,+C0dhf+4V+y+yXzvZeoLa9cK9fI=,nvGySw0g2T6+Ga9wDwmbixZeJVo=
0,9,+C0dhf+4V+y+yXzvZeoLa9cK9fI=,nvGySw0g2T6+Ga9wDwmbixZeJVo=
8,7,+C0dhf+4V+y+yXzvZeoLa9cK9fI=,Dau9KyDfxj1287NqYFGxbHzMoA4=
8,9,+C0dhf+4V+y+yXzvZeoLa9cK9fI=,k9DcjXYaIKvS+M8wpSkDMOf3GoA=
8,10,+C0dhf+4V+y+yXzvZeoLa9cK9fI=,k9DcjXYaIKvS+M8wpSkDMOf3GoA=
7,7,+C0dhf+4V+y+yXzvZeoLa9cK9fI=,gVTOIDW8lzNwSSDB66zc+BpFNb0=
4,7,+C0dhf+4V+y+yXzvZeoLa9cK9fI=,gVTOIDW8lzNwSSDB66zc+BpFNb0=
6,12,+C0dhf+4V+y+yXzvZeoLa9cK9fI=,NBUpS5m8o+ALVCn+ABZQ5ICbxQY=
5,12,+C0dhf+4V+y+yXzvZeoLa9cK9fI=,NBUpS5m8o+ALVCn+ABZQ5ICbxQY=
4,8,+C0dhf+4V+y+yXzvZeoLa9cK9fI=,cvNvO+Vl44fB08BlHPDRRGUjbeE=
6,7,+C0dhf+4V+y+yXzvZeoLa9cK9fI=,gVTOIDW8lzNwSSDB66zc+BpFNb0=
5,8,+C0dhf+4V+y+yXzvZeoLa9cK9fI=,cvNvO+Vl44fB08BlHPDRRGUjbeE=
1,11,ttQMbCZqSfUdxEDW6gki+Fhs/6Q=,nvGySw0g2T6+Ga9wDwmbixZeJVo=
2,11,ttQMbCZqSfUdxEDW6gki+Fhs/6Q=,nvGySw0g2T6+Ga9wDwmbixZeJVo=
1,13,ttQMbCZqSfUdxEDW6gki+Fhs/6Q=,jPI025g8Gfd5z0YVeEodThn7Emc=
4,14,ttQMbCZqSfUdxEDW6gki+Fhs/6Q=,NBUpS5m8o+ALVCn+ABZQ5ICbxQY=
5,7,ttQMbCZqSfUdxEDW6gki+Fhs/6Q=,gVTOIDW8lzNwSSDB66zc+BpFNb0=
3,10,ttQMbCZqSfUdxEDW6gki+Fhs/6Q=,nvGySw0g2T6+Ga9wDwmbixZeJVo=
2,13,ttQMbCZqSfUdxEDW6gki+Fhs/6Q=,jPI025g8Gfd5z0YVeEodThn7Emc=
6,8,ttQMbCZqSfUdxEDW6gki+Fhs/6Q=,cvNvO+Vl44fB08BlHPDRRGUjbeE=
3,13,ttQMbCZqSfUdxEDW6gki+Fhs/6Q=,jPI025g8Gfd5z0YVeEodThn7Emc=
7,8,ttQMbCZqSfUdxEDW6gki+Fhs/6Q=,cvNvO+Vl44fB08BlHPDRRGUjbeE=
3,8,ttQMbCZqSfUdxEDW6gki+Fhs/6Q=,nvGySw0g2T6+Ga9wDwmbixZeJVo=
4,11,ttQMbCZqSfUdxEDW6gki+Fhs/6Q=,cvNvO+Vl44fB08BlHPDRRGUjbeE=
8,8,ttQMbCZqSfUdxEDW6gki+Fhs/6Q=,k9DcjXYaIKvS+M8wpSkDMOf3GoA=
3,11,ttQMbCZqSfUdxEDW6gki+Fhs/6Q=,nvGySw0g2T6+Ga9wDwmbixZeJVo=
0,14,ttQMbCZqSfUdxEDW6gki+Fhs/6Q=,jPI025g8Gfd5z0YVeEodThn7Emc=
1,14,ttQMbCZqSfUdxEDW6gki+Fhs/6Q=,jPI025g8Gfd5z0YVeEodThn7Emc=
0,12,ttQMbCZqSfUdxEDW6gki+Fhs/6Q=,jPI025g8Gfd5z0YVeEodThn7Emc=
4,12,ttQMbCZqSfUdxEDW6gki+Fhs/6Q=,NBUpS5m8o+ALVCn+ABZQ5ICbxQY=
0,11,ttQMbCZqSfUdxEDW6gki+Fhs/6Q=,nvGySw0g2T6+Ga9wDwmbixZeJVo=
1,12,ttQMbCZqSfUdxEDW6gki+Fhs/6Q=,jPI025g8Gfd5z0YVeEodThn7Emc=
2,12,ttQMbCZqSfUdxEDW6gki+Fhs/6Q=,jPI025g8Gfd5z0YVeEodThn7Emc=
4,9,ttQMbCZqSfUdxEDW6gki+Fhs/6Q=,cvNvO+Vl44fB08BlHPDRRGUjbeE=
2,14,ttQMbCZqSfUdxEDW6gki+Fhs/6Q=,jPI025g8Gfd5z0YVeEodThn7Emc=
3,12,ttQMbCZqSfUdxEDW6gki+Fhs/6Q=,jPI025g8Gfd5z0YVeEodThn7Emc=
0,13,ttQMbCZqSfUdxEDW6gki+Fhs/6Q=,jPI025g8Gfd5z0YVeEodThn7Emc=
3,14,ttQMbCZqSfUdxEDW6gki+Fhs/6Q=,jPI025g8Gfd5z0YVeEodThn7Emc=
4,13,ttQMbCZqSfUdxEDW6gki+Fhs/6Q=,NBUpS5m8o+ALVCn+ABZQ5ICbxQY=
5,9,ttQMbCZqSfUdxEDW6gki+Fhs/6Q=,cvNvO+Vl44fB08BlHPDRRGUjbeE=
6,9,ttQMbCZqSfUdxEDW6gki+Fhs/6Q=,cvNvO+Vl44fB08BlHPDRRGUjbeE=
1,15,ttQMbCZqSfUdxEDW6gki+Fhs/6Q=,jPI025g8Gfd5z0YVeEodThn7Emc=
2,15,ttQMbCZqSfUdxEDW6gki+Fhs/6Q=,jPI025g8Gfd5z0YVeEodThn7Emc=
5,10,ttQMbCZqSfUdxEDW6gki+Fhs/6Q=,cvNvO+Vl44fB08BlHPDRRGUjbeE=
6,10,ttQMbCZqSfUdxEDW6gki+Fhs/6Q=,cvNvO+Vl44fB08BlHPDRRGUjbeE=
7,10,ttQMbCZqSfUdxEDW6gki+Fhs/6Q=,cvNvO+Vl44fB08BlHPDRRGUjbeE=
7,9,ttQMbCZqSfUdxEDW6gki+Fhs/6Q=,cvNvO+Vl44fB08BlHPDRRGUjbeE=
3,9,ttQMbCZqSfUdxEDW6gki+Fhs/6Q=,nvGySw0g2T6+Ga9wDwmbixZeJVo=
3,7,ttQMbCZqSfUdxEDW6gki+Fhs/6Q=,+smmBDWIpOZt6Am46tvpqqHp20Q=
5,11,ttQMbCZqSfUdxEDW6gki+Fhs/6Q=,cvNvO+Vl44fB08BlHPDRRGUjbeE=
6,11,ttQMbCZqSfUdxEDW6gki+Fhs/6Q=,cvNvO+Vl44fB08BlHPDRRGUjbeE=
4,10,ttQMbCZqSfUdxEDW6gki+Fhs/6Q=,cvNvO+Vl44fB08BlHPDRRGUjbeE=
1,2,ttQMbCZqSfUdxEDW6gki+Fhs/6Q=,QuKl0GkKkj5Rzfo60zpIFoBhUsc=
4,2,ttQMbCZqSfUdxEDW6gki+Fhs/6Q=,eEpvSgcDXTDHHFInt8MrIawVamc=
2,2,ttQMbCZqSfUdxEDW6gki+Fhs/6Q=,QuKl0GkKkj5Rzfo60zpIFoBhUsc=
3,4,ttQMbCZqSfUdxEDW6gki+Fhs/6Q=,+smmBDWIpOZt6Am46tvpqqHp20Q=
0,2,ttQMbCZqSfUdxEDW6gki+Fhs/6Q=,QuKl0GkKkj5Rzfo60zpIFoBhUsc=
4,3,ttQMbCZqSfUdxEDW6gki+Fhs/6Q=,eEpvSgcDXTDHHFInt8MrIawVamc=
1,4,ttQMbCZqSfUdxEDW6gki+Fhs/6Q=,+smmBDWIpOZt6Am46tvpqqHp20Q=
4,1,ttQMbCZqSfUdxEDW6gki+Fhs/6Q=,eEpvSgcDXTDHHFInt8MrIawVamc=
2,1,ttQMbCZqSfUdxEDW6gki+Fhs/6Q=,QuKl0GkKkj5Rzfo60zpIFoBhUsc=
4,4,ttQMbCZqSfUdxEDW6gki+Fhs/6Q=,gVTOIDW8lzNwSSDB66zc+BpFNb0=
3,3,ttQMbCZqSfUdxEDW6gki+Fhs/6Q=,QuKl0GkKkj5Rzfo60zpIFoBhUsc=
2,3,ttQMbCZqSfUdxEDW6gki+Fhs/6Q=,QuKl0GkKkj5Rzfo60zpIFoBhUsc=
3,2,ttQMbCZqSfUdxEDW6gki+Fhs/6Q=,QuKl0GkKkj5Rzfo60zpIFoBhUsc=
2,4,ttQMbCZqSfUdxEDW6gki+Fhs/6Q=,+smmBDWIpOZt6Am46tvpqqHp20Q=
0,1,ttQMbCZqSfUdxEDW6gki+Fhs/6Q=,QuKl0GkKkj5Rzfo60zpIFoBhUsc=
3,1,ttQMbCZqSfUdxEDW6gki+Fhs/6Q=,QuKl0GkKkj5Rzfo60zpIFoBhUsc=
1,1,ttQMbCZqSfUdxEDW6gki+Fhs/6Q=,QuKl0GkKkj5Rzfo60zpIFoBhUsc=
1,3,ttQMbCZqSfUdxEDW6gki+Fhs/6Q=,QuKl0GkKkj5Rzfo60zpIFoBhUsc=
1,0,ttQMbCZqSfUdxEDW6gki+Fhs/6Q=,QuKl0GkKkj5Rzfo60zpIFoBhUsc=
2,0,ttQMbCZqSfUdxEDW6gki+Fhs/6Q=,QuKl0GkKkj5Rzfo60zpIFoBhUsc=
6,0,ttQMbCZqSfUdxEDW6gki+Fhs/6Q=,eEpvSgcDXTDHHFInt8MrIawVamc=
5,0,ttQMbCZqSfUdxEDW6gki+Fhs/6Q=,eEpvSgcDXTDHHFInt8MrIawVamc=
10,0,ttQMbCZqSfUdxEDW6gki+Fhs/6Q=,y3FfOPFiyUZZ9o52JjgUCGjuQCk=
8,0,ttQMbCZqSfUdxEDW6gki+Fhs/6Q=,y3FfOPFiyUZZ9o52JjgUCGjuQCk=
9,0,ttQMbCZqSfUdxEDW6gki+Fhs/6Q=,y3FfOPFiyUZZ9o52JjgUCGjuQCk=
3,0,ttQMbCZqSfUdxEDW6gki+Fhs/6Q=,QuKl0GkKkj5Rzfo60zpIFoBhUsc=
7,0,ttQMbCZqSfUdxEDW6gki+Fhs/6Q=,eEpvSgcDXTDHHFInt8MrIawVamc=
4,0,ttQMbCZqSfUdxEDW6gki+Fhs/6Q=,eEpvSgcDXTDHHFInt8MrIawVamc=
11,1,ttQMbCZqSfUdxEDW6gki+Fhs/6Q=,y3FfOPFiyUZZ9o52JjgUCGjuQCk=
11,2,ttQMbCZqSfUdxEDW6gki+Fhs/6Q=,y3FfOPFiyUZZ9o52JjgUCGjuQCk=
11,6,ttQMbCZqSfUdxEDW6gki+Fhs/6Q=,Dau9KyDfxj1287NqYFGxbHzMoA4=
11,5,ttQMbCZqSfUdxEDW6gki+Fhs/6Q=,Dau9KyDfxj1287NqYFGxbHzMoA4=
11,4,ttQMbCZqSfUdxEDW6gki+Fhs/6Q=,Dau9KyDfxj1287NqYFGxbHzMoA4=
11,3,ttQMbCZqSfUdxEDW6gki+Fhs/6Q=,y3FfOPFiyUZZ9o52JjgUCGjuQCk=
0,7,ttQMbCZqSfUdxEDW6gki+Fhs/6Q=,+smmBDWIpOZt6Am46tvpqqHp20Q=
0,3,ttQMbCZqSfUdxEDW6gki+Fhs/6Q=,QuKl0GkKkj5Rzfo60zpIFoBhUsc=
0,8,ttQMbCZqSfUdxEDW6gki+Fhs/6Q=,nvGySw0g2T6+Ga9wDwmbixZeJVo=
4,15,ttQMbCZqSfUdxEDW6gki+Fhs/6Q=,NBUpS5m8o+ALVCn+ABZQ5ICbxQY=
6,15,ttQMbCZqSfUdxEDW6gki+Fhs/6Q=,NBUpS5m8o+ALVCn+ABZQ5ICbxQY=
5,15,ttQMbCZqSfUdxEDW6gki+Fhs/6Q=,NBUpS5m8o+ALVCn+ABZQ5ICbxQY=
0,4,ttQMbCZqSfUdxEDW6gki+Fhs/6Q=,+smmBDWIpOZt6Am46tvpqqHp20Q=
0,6,ttQMbCZqSfUdxEDW6gki+Fhs/6Q=,+smmBDWIpOZt6Am46tvpqqHp20Q=
3,15,ttQMbCZqSfUdxEDW6gki+Fhs/6Q=,jPI025g8Gfd5z0YVeEodThn7Emc=
0,5,ttQMbCZqSfUdxEDW6gki+Fhs/6Q=,+smmBDWIpOZt6Am46tvpqqHp20Q=
11,7,ttQMbCZqSfUdxEDW6gki+Fhs/6Q=,Dau9KyDfxj1287NqYFGxbHzMoA4=
11,9,ttQMbCZqSfUdxEDW6gki+Fhs/6Q=,k9DcjXYaIKvS+M8wpSkDMOf3GoA=
11,10,ttQMbCZqSfUdxEDW6gki+Fhs/6Q=,k9DcjXYaIKvS+M8wpSkDMOf3GoA=
7,14,ttQMbCZqSfUdxEDW6gki+Fhs/6Q=,NBUpS5m8o+ALVCn+ABZQ5ICbxQY=
10,12,ttQMbCZqSfUdxEDW6gki+Fhs/6Q=,0a0UNQPxgCU+4HLIkRbbNmQlT4Y=
11,12,ttQMbCZqSfUdxEDW6gki+Fhs/6Q=,0a0UNQPxgCU+4HLIkRbbNmQlT4Y=
9,12,ttQMbCZqSfUdxEDW6gki+Fhs/6Q=,0a0UNQPxgCU+4HLIkRbbNmQlT4Y=
10,15,ttQMbCZqSfUdxEDW6gki+Fhs/6Q=,0a0UNQPxgCU+4HLIkRbbNmQlT4Y=
11,8,ttQMbCZqSfUdxEDW6gki+Fhs/6Q=,k9DcjXYaIKvS+M8wpSkDMOf3GoA=
8,13,ttQMbCZqSfUdxEDW6gki+Fhs/6Q=,0a0UNQPxgCU+4HLIkRbbNmQlT4Y=
9,13,ttQMbCZqSfUdxEDW6gki+Fhs/6Q=,0a0UNQPxgCU+4HLIkRbbNmQlT4Y=
10,13,ttQMbCZqSfUdxEDW6gki+Fhs/6Q=,0a0UNQPxgCU+4HLIkRbbNmQlT4Y=
11,13,ttQMbCZqSfUdxEDW6gki+Fhs/6Q=,0a0UNQPxgCU+4HLIkRbbNmQlT4Y=
8,11,ttQMbCZqSfUdxEDW6gki+Fhs/6Q=,k9DcjXYaIKvS+M8wpSkDMOf3GoA=
9,11,ttQMbCZqSfUdxEDW6gki+Fhs/6Q=,k9DcjXYaIKvS+M8wpSkDMOf3GoA=
7,12,ttQMbCZqSfUdxEDW6gki+Fhs/6Q=,NBUpS5m8o+ALVCn+ABZQ5ICbxQY=
7,13,ttQMbCZqSfUdxEDW6gki+Fhs/6Q=,NBUpS5m8o+ALVCn+ABZQ5ICbxQY=
7,15,ttQMbCZqSfUdxEDW6gki+Fhs/6Q=,NBUpS5m8o+ALVCn+ABZQ5ICbxQY=
9,14,ttQMbCZqSfUdxEDW6gki+Fhs/6Q=,0a0UNQPxgCU+4HLIkRbbNmQlT4Y=
8,15,ttQMbCZqSfUdxEDW6gki+Fhs/6Q=,0a0UNQPxgCU+4HLIkRbbNmQlT4Y=
9,15,ttQMbCZqSfUdxEDW6gki+Fhs/6Q=,0a0UNQPxgCU+4HLIkRbbNmQlT4Y=
8,14,ttQMbCZqSfUdxEDW6gki+Fhs/6Q=,0a0UNQPxgCU+4HLIkRbbNmQlT4Y=
11,14,ttQMbCZqSfUdxEDW6gki+Fhs/6Q=,0a0UNQPxgCU+4HLIkRbbNmQlT4Y=
10,14,ttQMbCZqSfUdxEDW6gki+Fhs/6Q=,0a0UNQPxgCU+4HLIkRbbNmQlT4Y=
11,11,ttQMbCZqSfUdxEDW6gki+Fhs/6Q=,k9DcjXYaIKvS+M8wpSkDMOf3GoA=
8,12,ttQMbCZqSfUdxEDW6gki+Fhs/6Q=,0a0UNQPxgCU+4HLIkRbbNmQlT4Y=
10,11,ttQMbCZqSfUdxEDW6gki+Fhs/6Q=,k9DcjXYaIKvS+M8wpSkDMOf3GoA=
7,11,ttQMbCZqSfUdxEDW6gki+Fhs/6Q=,cvNvO+Vl44fB08BlHPDRRGUjbeE=
11,15,ttQMbCZqSfUdxEDW6gki+Fhs/6Q=,0a0UNQPxgCU+4HLIkRbbNmQlT4Y=
0,15,ttQMbCZqSfUdxEDW6gki+Fhs/6Q=,jPI025g8Gfd5z0YVeEodThn7Emc=
11,0,ttQMbCZqSfUdxEDW6gki+Fhs/6Q=,y3FfOPFiyUZZ9o52JjgUCGjuQCk=
0,0,ttQMbCZqSfUdxEDW6gki+Fhs/6Q=,QuKl0GkKkj5Rzfo60zpIFoBhUsc=
5,21,ttQMbCZqSfUdxEDW6gki+Fhs/6Q=,k8PY49XHaSFqT3zzXBXyheahAF4=
5,22,ttQMbCZqSfUdxEDW6gki+Fhs/6Q=,k8PY49XHaSFqT3zzXBXyheahAF4=
6,22,ttQMbCZqSfUdxEDW6gki+Fhs/6Q=,k8PY49XHaSFqT3zzXBXyheahAF4=
6,21,ttQMbCZqSfUdxEDW6gki+Fhs/6Q=,k8PY49XHaSFqT3zzXBXyheahAF4=
9,17,ttQMbCZqSfUdxEDW6gki+Fhs/6Q=,C1UTSjLEeHLNrOF+htINI3Ug5so=
9,18,ttQMbCZqSfUdxEDW6gki+Fhs/6Q=,C1UTSjLEeHLNrOF+htINI3Ug5so=
10,18,ttQMbCZqSfUdxEDW6gki+Fhs/6Q=,C1UTSjLEeHLNrOF+htINI3Ug5so=
8,21,ttQMbCZqSfUdxEDW6gki+Fhs/6Q=,M5BNLB1DHseDNlIDY9X5FQD6kaE=
10,17,ttQMbCZqSfUdxEDW6gki+Fhs/6Q=,C1UTSjLEeHLNrOF+htINI3Ug5so=
9,21,ttQMbCZqSfUdxEDW6gki+Fhs/6Q=,M5BNLB1DHseDNlIDY9X5FQD6kaE=
10,21,ttQMbCZqSfUdxEDW6gki+Fhs/6Q=,M5BNLB1DHseDNlIDY9X5FQD6kaE=
10,20,ttQMbCZqSfUdxEDW6gki+Fhs/6Q=,M5BNLB1DHseDNlIDY9X5FQD6kaE=
7,21,ttQMbCZqSfUdxEDW6gki+Fhs/6Q=,k8PY49XHaSFqT3zzXBXyheahAF4=
9,20,ttQMbCZqSfUdxEDW6gki+Fhs/6Q=,M5BNLB1DHseDNlIDY9X5FQD6kaE=
8,22,ttQMbCZqSfUdxEDW6gki+Fhs/6Q=,M5BNLB1DHseDNlIDY9X5FQD6kaE=
9,22,ttQMbCZqSfUdxEDW6gki+Fhs/6Q=,M5BNLB1DHseDNlIDY9X5FQD6kaE=
10,22,ttQMbCZqSfUdxEDW6gki+Fhs/6Q=,M5BNLB1DHseDNlIDY9X5FQD6kaE=
7,22,ttQMbCZqSfUdxEDW6gki+Fhs/6Q=,k8PY49XHaSFqT3zzXBXyheahAF4=
9,19,ttQMbCZqSfUdxEDW6gki+Fhs/6Q=,C1UTSjLEeHLNrOF+htINI3Ug5so=
6,18,ttQMbCZqSfUdxEDW6gki+Fhs/6Q=,ZKbVTOQjgfbnqYn6io1+MUAzPQ8=
10,19,ttQMbCZqSfUdxEDW6gki+Fhs/6Q=,C1UTSjLEeHLNrOF+htINI3Ug5so=
7,18,ttQMbCZqSfUdxEDW6gki+Fhs/6Q=,ZKbVTOQjgfbnqYn6io1+MUAzPQ8=
6,20,ttQMbCZqSfUdxEDW6gki+Fhs/6Q=,k8PY49XHaSFqT3zzXBXyheahAF4=
8,18,ttQMbCZqSfUdxEDW6gki+Fhs/6Q=,C1UTSjLEeHLNrOF+htINI3Ug5so=
7,20,ttQMbCZqSfUdxEDW6gki+Fhs/6Q=,k8PY49XHaSFqT3zzXBXyheahAF4=
8,17,ttQMbCZqSfUdxEDW6gki+Fhs/6Q=,C1UTSjLEeHLNrOF+htINI3Ug5so=
6,19,ttQMbCZqSfUdxEDW6gki+Fhs/6Q=,ZKbVTOQjgfbnqYn6io1+MUAzPQ8=
5,19,ttQMbCZqSfUdxEDW6gki+Fhs/6Q=,ZKbVTOQjgfbnqYn6io1+MUAzPQ8=
5,20,ttQMbCZqSfUdxEDW6gki+Fhs/6Q=,k8PY49XHaSFqT3zzXBXyheahAF4=
8,19,ttQMbCZqSfUdxEDW6gki+Fhs/6Q=,C1UTSjLEeHLNrOF+htINI3Ug5so=
5,17,ttQMbCZqSfUdxEDW6gki+Fhs/6Q=,ZKbVTOQjgfbnqYn6io1+MUAzPQ8=
8,20,ttQMbCZqSfUdxEDW6gki+Fhs/6Q=,M5BNLB1DHseDNlIDY9X5FQD6kaE=
9,25,ttQMbCZqSfUdxEDW6gki+Fhs/6Q=,xFfnpf08jh8kdf66/HXlX+l8szQ=
6,17,ttQMbCZqSfUdxEDW6gki+Fhs/6Q=,ZKbVTOQjgfbnqYn6io1+MUAzPQ8=
7,19,ttQMbCZqSfUdxEDW6gki+Fhs/6Q=,ZKbVTOQjgfbnqYn6io1+MUAzPQ8=
7,17,ttQMbCZqSfUdxEDW6gki+Fhs/6Q=,ZKbVTOQjgfbnqYn6io1+MUAzPQ8=
9,23,ttQMbCZqSfUdxEDW6gki+Fhs/6Q=,M5BNLB1DHseDNlIDY9X5FQD6kaE=
9,24,ttQMbCZqSfUdxEDW6gki+Fhs/6Q=,xFfnpf08jh8kdf66/HXlX+l8szQ=
10,25,ttQMbCZqSfUdxEDW6gki+Fhs/6Q=,xFfnpf08jh8kdf66/HXlX+l8szQ=
10,23,ttQMbCZqSfUdxEDW6gki+Fhs/6Q=,M5BNLB1DHseDNlIDY9X5FQD6kaE=
9,26,ttQMbCZqSfUdxEDW6gki+Fhs/6Q=,xFfnpf08jh8kdf66/HXlX+l8szQ=
10,26,ttQMbCZqSfUdxEDW6gki+Fhs/6Q=,xFfnpf08jh8kdf66/HXlX+l8szQ=
10,24,ttQMbCZqSfUdxEDW6gki+Fhs/6Q=,xFfnpf08jh8kdf66/HXlX+l8szQ=
5,18,ttQMbCZqSfUdxEDW6gki+Fhs/6Q=,ZKbVTOQjgfbnqYn6io1+MUAzPQ8=
14,22,ttQMbCZqSfUdxEDW6gki+Fhs/6Q=,G1+vQ45xZMSI1hqme8X3dUvvveg=
13,22,ttQMbCZqSfUdxEDW6gki+Fhs/6Q=,G1+vQ45xZMSI1hqme8X3dUvvveg=
12,22,ttQMbCZqSfUdxEDW6gki+Fhs/6Q=,G1+vQ45xZMSI1hqme8X3dUvvveg=
14,21,ttQMbCZqSfUdxEDW6gki+Fhs/6Q=,G1+vQ45xZMSI1hqme8X3dUvvveg=
13,21,ttQMbCZqSfUdxEDW6gki+Fhs/6Q=,G1+vQ45xZMSI1hqme8X3dUvvveg=
11,21,ttQMbCZqSfUdxEDW6gki+Fhs/6Q=,M5BNLB1DHseDNlIDY9X5FQD6kaE=
12,21,ttQMbCZqSfUdxEDW6gki+Fhs/6Q=,G1+vQ45xZMSI1hqme8X3dUvvveg=
11,22,ttQMbCZqSfUdxEDW6gki+Fhs/6Q=,M5BNLB1DHseDNlIDY9X5FQD6kaE=
13,26,ttQMbCZqSfUdxEDW6gki+Fhs/6Q=,8qanj6h3pOZCtcEKJCP+/DiHm6o=
12,25,ttQMbCZqSfUdxEDW6gki+Fhs/6Q=,8qanj6h3pOZCtcEKJCP+/DiHm6o=
14,26,ttQMbCZqSfUdxEDW6gki+Fhs/6Q=,8qanj6h3pOZCtcEKJCP+/DiHm6o=
14,23,ttQMbCZqSfUdxEDW6gki+Fhs/6Q=,G1+vQ45xZMSI1hqme8X3dUvvveg=
13,25,ttQMbCZqSfUdxEDW6gki+Fhs/6Q=,8qanj6h3pOZCtcEKJCP+/DiHm6o=
13,23,ttQMbCZqSfUdxEDW6gki+Fhs/6Q=,G1+vQ45xZMSI1hqme8X3dUvvveg=
11,25,ttQMbCZqSfUdxEDW6gki+Fhs/6Q=,xFfnpf08jh8kdf66/HXlX+l8szQ=
14,25,ttQMbCZqSfUdxEDW6gki+Fhs/6Q=,8qanj6h3pOZCtcEKJCP+/DiHm6o=
12,23,ttQMbCZqSfUdxEDW6gki+Fhs/6Q=,G1+vQ45xZMSI1hqme8X3dUvvveg=
11,26,ttQMbCZqSfUdxEDW6gki+Fhs/6Q=,xFfnpf08jh8kdf66/HXlX+l8szQ=
14,24,ttQMbCZqSfUdxEDW6gki+Fhs/6Q=,8qanj6h3pOZCtcEKJCP+/DiHm6o=
13,24,ttQMbCZqSfUdxEDW6gki+Fhs/6Q=,8qanj6h3pOZCtcEKJCP+/DiHm6o=
12,26,ttQMbCZqSfUdxEDW6gki+Fhs/6Q=,8qanj6h3pOZCtcEKJCP+/DiHm6o=
11,23,ttQMbCZqSfUdxEDW6gki+Fhs/6Q=,M5BNLB1DHseDNlIDY9X5FQD6kaE=
11,24,ttQMbCZqSfUdxEDW6gki+Fhs/6Q=,xFfnpf08jh8kdf66/HXlX+l8szQ=
12,24,ttQMbCZqSfUdxEDW6gki+Fhs/6Q=,8qanj6h3pOZCtcEKJCP+/DiHm6o=
15,25,ttQMbCZqSfUdxEDW6gki+Fhs/6Q=,8qanj6h3pOZCtcEKJCP+/DiHm6o=
10,16,ttQMbCZqSfUdxEDW6gki+Fhs/6Q=,C1UTSjLEeHLNrOF+htINI3Ug5so=
9,16,ttQMbCZqSfUdxEDW6gki+Fhs/6Q=,C1UTSjLEeHLNrOF+htINI3Ug5so=
15,26,ttQMbCZqSfUdxEDW6gki+Fhs/6Q=,8qanj6h3pOZCtcEKJCP+/DiHm6o=
5,16,ttQMbCZqSfUdxEDW6gki+Fhs/6Q=,ZKbVTOQjgfbnqYn6io1+MUAzPQ8=
8,16,ttQMbCZqSfUdxEDW6gki+Fhs/6Q=,C1UTSjLEeHLNrOF+htINI3Ug5so=
6,16,ttQMbCZqSfUdxEDW6gki+Fhs/6Q=,ZKbVTOQjgfbnqYn6io1+MUAzPQ8=
7,16,ttQMbCZqSfUdxEDW6gki+Fhs/6Q=,ZKbVTOQjgfbnqYn6io1+MUAzPQ8=
11,16,ttQMbCZqSfUdxEDW6gki+Fhs/6Q=,C1UTSjLEeHLNrOF+htINI3Ug5so=
14,20,ttQMbCZqSfUdxEDW6gki+Fhs/6Q=,G1+vQ45xZMSI1hqme8X3dUvvveg=
11,17,ttQMbCZqSfUdxEDW6gki+Fhs/6Q=,C1UTSjLEeHLNrOF+htINI3Ug5so=
11,19,ttQMbCZqSfUdxEDW6gki+Fhs/6Q=,C1UTSjLEeHLNrOF+htINI3Ug5so=
13,20,ttQMbCZqSfUdxEDW6gki+Fhs/6Q=,G1+vQ45xZMSI1hqme8X3dUvvveg=
12,20,ttQMbCZqSfUdxEDW6gki+Fhs/6Q=,G1+vQ45xZMSI1hqme8X3dUvvveg=
11,18,ttQMbCZqSfUdxEDW6gki+Fhs/6Q=,C1UTSjLEeHLNrOF+htINI3Ug5so=
11,20,ttQMbCZqSfUdxEDW6gki+Fhs/6Q=,M5BNLB1DHseDNlIDY9X5FQD6kaE=
15,21,ttQMbCZqSfUdxEDW6gki+Fhs/6Q=,G1+vQ45xZMSI1hqme8X3dUvvveg=
15,22,ttQMbCZqSfUdxEDW6gki+Fhs/6Q=,G1+vQ45xZMSI1hqme8X3dUvvveg=
15,23,ttQMbCZqSfUdxEDW6gki+Fhs/6Q=,G1+vQ45xZMSI1hqme8X3dUvvveg=
15,24,ttQMbCZqSfUdxEDW6gki+Fhs/6Q=,8qanj6h3pOZCtcEKJCP+/DiHm6o=
15,20,ttQMbCZqSfUdxEDW6gki+Fhs/6Q=,G1+vQ45xZMSI1hqme8X3dUvvveg=
4,21,ttQMbCZqSfUdxEDW6gki+Fhs/6Q=,k8PY49XHaSFqT3zzXBXyheahAF4=
4,22,ttQMbCZqSfUdxEDW6gki+Fhs/6Q=,k8PY49XHaSFqT3zzXBXyheahAF4=
9,27,ttQMbCZqSfUdxEDW6gki+Fhs/6Q=,xFfnpf08jh8kdf66/HXlX+l8szQ=
0,17,ttQMbCZqSfUdxEDW6gki+Fhs/6Q=,64+dWCqBJf+Btk6lx7mlv86H7ec=
4,19,ttQMbCZqSfUdxEDW6gki+Fhs/6Q=,ZKbVTOQjgfbnqYn6io1+MUAzPQ8=
2,18,ttQMbCZqSfUdxEDW6gki+Fhs/6Q=,64+dWCqBJf+Btk6lx7mlv86H7ec=
1,17,ttQMbCZqSfUdxEDW6gki+Fhs/6Q=,64+dWCqBJf+Btk6lx7mlv86H7ec=
12,27,ttQMbCZqSfUdxEDW6gki+Fhs/6Q=,8qanj6h3pOZCtcEKJCP+/DiHm6o=
13,27,ttQMbCZqSfUdxEDW6gki+Fhs/6Q=,8qanj6h3pOZCtcEKJCP+/DiHm6o=
14,27,ttQMbCZqSfUdxEDW6gki+Fhs/6Q=,8qanj6h3pOZCtcEKJCP+/DiHm6o=
11,27,ttQMbCZqSfUdxEDW6gki+Fhs/6Q=,xFfnpf08jh8kdf66/HXlX+l8szQ=
3,17,Z7ofmPsuOKr/KZCOJ2xfOzFI8lo=,64+dWCqBJf+Btk6lx7mlv86H7ec=
0,16,Z7ofmPsuOKr/KZCOJ2xfOzFI8lo=,64+dWCqBJf+Btk6lx7mlv86H7ec=
2,17,Z7ofmPsuOKr/KZCOJ2xfOzFI8lo=,64+dWCqBJf+Btk6lx7mlv86H7ec=
0,18,Z7ofmPsuOKr/KZCOJ2xfOzFI8lo=,64+dWCqBJf+Btk6lx7mlv86H7ec=
3,18,Z7ofmPsuOKr/KZCOJ2xfOzFI8lo=,64+dWCqBJf+Btk6lx7mlv86H7ec=
1,19,Z7ofmPsuOKr/KZCOJ2xfOzFI8lo=,64+dWCqBJf+Btk6lx7mlv86H7ec=
0,19,Z7ofmPsuOKr/KZCOJ2xfOzFI8lo=,64+dWCqBJf+Btk6lx7mlv86H7ec=
1,18,Z7ofmPsuOKr/KZCOJ2xfOzFI8lo=,64+dWCqBJf+Btk6lx7mlv86H7ec=
4,17,Z7ofmPsuOKr/KZCOJ2xfOzFI8lo=,ZKbVTOQjgfbnqYn6io1+MUAzPQ8=
1,16,Z7ofmPsuOKr/KZCOJ2xfOzFI8lo=,64+dWCqBJf+Btk6lx7mlv86H7ec=
2,19,Z7ofmPsuOKr/KZCOJ2xfOzFI8lo=,64+dWCqBJf+Btk6lx7mlv86H7ec=
4,16,Z7ofmPsuOKr/KZCOJ2xfOzFI8lo=,ZKbVTOQjgfbnqYn6io1+MUAzPQ8=
4,20,Z7ofmPsuOKr/KZCOJ2xfOzFI8lo=,k8PY49XHaSFqT3zzXBXyheahAF4=
3,16,Z7ofmPsuOKr/KZCOJ2xfOzFI8lo=,64+dWCqBJf+Btk6lx7mlv86H7ec=
4,18,Z7ofmPsuOKr/KZCOJ2xfOzFI8lo=,ZKbVTOQjgfbnqYn6io1+MUAzPQ8=
3,19,Z7ofmPsuOKr/KZCOJ2xfOzFI8lo=,64+dWCqBJf+Btk6lx7mlv86H7ec=
10,27,Z7ofmPsuOKr/KZCOJ2xfOzFI8lo=,xFfnpf08jh8kdf66/HXlX+l8szQ=
2,16,Z7ofmPsuOKr/KZCOJ2xfOzFI8lo=,64+dWCqBJf+Btk6lx7mlv86H7ec=
8,25,Z7ofmPsuOKr/KZCOJ2xfOzFI8lo=,xFfnpf08jh8kdf66/HXlX+l8szQ=
5,27,Z7ofmPsuOKr/KZCOJ2xfOzFI8lo=,ViV7iKN1nRFR7qIEHvpknuVg1Gw=
6,24,Z7ofmPsuOKr/KZCOJ2xfOzFI8lo=,ViV7iKN1nRFR7qIEHvpknuVg1Gw=
7,25,Z7ofmPsuOKr/KZCOJ2xfOzFI8lo=,ViV7iKN1nRFR7qIEHvpknuVg1Gw=
8,23,Z7ofmPsuOKr/KZCOJ2xfOzFI8lo=,M5BNLB1DHseDNlIDY9X5FQD6kaE=
8,26,Z7ofmPsuOKr/KZCOJ2xfOzFI8lo=,xFfnpf08jh8kdf66/HXlX+l8szQ=
4,23,Z7ofmPsuOKr/KZCOJ2xfOzFI8lo=,k8PY49XHaSFqT3zzXBXyheahAF4=
5,23,Z7ofmPsuOKr/KZCOJ2xfOzFI8lo=,k8PY49XHaSFqT3zzXBXyheahAF4=
7,27,Z7ofmPsuOKr/KZCOJ2xfOzFI8lo=,ViV7iKN1nRFR7qIEHvpknuVg1Gw=
8,24,Z7ofmPsuOKr/KZCOJ2xfOzFI8lo=,xFfnpf08jh8kdf66/HXlX+l8szQ=
6,25,Z7ofmPsuOKr/KZCOJ2xfOzFI8lo=,ViV7iKN1nRFR7qIEHvpknuVg1Gw=
7,26,Z7ofmPsuOKr/KZCOJ2xfOzFI8lo=,ViV7iKN1nRFR7qIEHvpknuVg1Gw=
5,24,Z7ofmPsuOKr/KZCOJ2xfOzFI8lo=,ViV7iKN1nRFR7qIEHvpknuVg1Gw=
6,26,Z7ofmPsuOKr/KZCOJ2xfOzFI8lo=,ViV7iKN1nRFR7qIEHvpknuVg1Gw=
8,27,Z7ofmPsuOKr/KZCOJ2xfOzFI8lo=,xFfnpf08jh8kdf66/HXlX+l8szQ=
5,25,Z7ofmPsuOKr/KZCOJ2xfOzFI8lo=,ViV7iKN1nRFR7qIEHvpknuVg1Gw=
5,26,Z7ofmPsuOKr/KZCOJ2xfOzFI8lo=,ViV7iKN1nRFR7qIEHvpknuVg1Gw=
6,27,Z7ofmPsuOKr/KZCOJ2xfOzFI8lo=,ViV7iKN1nRFR7qIEHvpknuVg1Gw=
4,25,Z7ofmPsuOKr/KZCOJ2xfOzFI8lo=,ViV7iKN1nRFR7qIEHvpknuVg1Gw=
4,26,Z7ofmPsuOKr/KZCOJ2xfOzFI8lo=,ViV7iKN1nRFR7qIEHvpknuVg1Gw=
6,23,Z7ofmPsuOKr/KZCOJ2xfOzFI8lo=,k8PY49XHaSFqT3zzXBXyheahAF4=
4,24,Z7ofmPsuOKr/KZCOJ2xfOzFI8lo=,ViV7iKN1nRFR7qIEHvpknuVg1Gw=
7,24,Z7ofmPsuOKr/KZCOJ2xfOzFI8lo=,ViV7iKN1nRFR7qIEHvpknuVg1Gw=
7,23,Z7ofmPsuOKr/KZCOJ2xfOzFI8lo=,k8PY49XHaSFqT3zzXBXyheahAF4=
4,27,Z7ofmPsuOKr/KZCOJ2xfOzFI8lo=,ViV7iKN1nRFR7qIEHvpknuVg1Gw=
15,27,Z7ofmPsuOKr/KZCOJ2xfOzFI8lo=,8qanj6h3pOZCtcEKJCP+/DiHm6o=
